stock_flow_lpm,steam_pressure_bar,machine_speed_mpm,moisture_pct,basis_weight_gsm,ash_pct,caliper_um,transition_time_min,delta_basis_weight,delta_speed,delta_steam,delta_moisture_target,steam_per_speed,basis_weight_per_flow,moisture_steam_ratio,speed_per_caliper,ash_basis_interaction,recipe_similarity_score,transition_momentum,historical_offspec_rate,caliper_variance_proxy,drying_adequacy_ratio,headbox_loading,recipe_delta_magnitude,speed_pressure_interaction,off_spec
251.24545307021833,7.603087503164537,696.6384193860649,9.523972427515911,143.01841921290634,25.56904033177075,144.24869777719292,24.315291351706037,-108.7645921069302,429.39512950776304,-0.7796657433682359,0.22174069054397538,0.0109139652531151,0.5692378407856615,1.252645379071577,4.829426054591462,3656.843729040899,0.12839733073610982,4.473094339430933,0.24266500375110472,0.31135179797448104,0.7631160596781505,0.3606540295202732,442.95656854803144,5296.602860658486,1
473.21958129698186,9.958097247262536,1174.0077859473681,5.6178648278979875,99.27355296557903,16.738895281895196,95.99955822601427,16.04332795351509,-25.58196164446413,-403.18161653429524,-6.794538844279751,-1.5602350125155349,0.008482139016843767,0.20978327374681735,0.5641504283805151,12.229304047247497,1661.7296073525038,0.0,1.5945545536803123,0.11403221616395254,0.12727674339987025,0.8544208163663453,0.4030804454291726,404.049524725488,11690.883701507271,0
514.7697510008554,9.318806852736257,964.1323029010681,8.57473870164279,113.42652408613439,19.218529898822343,86.56142964425491,14.735056250557742,-23.96228758723609,-532.0094991099938,-1.500561412440529,-0.7024145854480972,0.00966548556115797,0.22034419051547166,0.9201541395962093,11.138128227126128,2179.8910444688663,0.2929973774263448,1.6262094409262324,0.29178582562220173,0.21307791232495532,0.852136274035705,0.5339202404606883,532.5509835257395,8984.562711218861,0
293.57579434613626,4.466421933512528,625.1071136175972,5.408359425483443,145.90664235630322,18.92580380853196,208.94065973021856,61.46665092782794,-18.697921828101357,-275.6979903407075,0.8366283652961917,2.0564630967505666,0.007145050562078255,0.4969982034154836,1.210893083097088,2.9917925712722804,2761.400487597034,0.6213734542963802,0.30419620307694695,0.2776526450982158,0.8994605430019869,0.48970015666799316,0.4696407830766236,276.3325787988385,2791.992123056344,1
320.6048356591506,9.042260744951108,689.4500884427123,4.069724475554656,58.88094433928245,29.047441613737863,232.63033123444535,64.47510637391372,-91.2075596613251,187.55451586107893,2.2790759723234313,-0.3000588725172024,0.01311517816376703,0.18365582109273432,0.4500782039300351,2.963715371010167,1710.340792857056,0.3209737638761918,1.414616660457767,0.2371761625419638,1.1148211930404124,2.2274062196073223,0.4650152941213093,208.56823714685203,6234.187470328607,0
542.6457136369502,10.06815623868168,975.5703647607494,6.308604758538174,140.3694145123909,19.60244922281839,183.4708542954158,12.177767296890572,-11.180511527988585,167.65252959772255,-2.5870626208155656,-0.6975087672359486,0.010320276837387135,0.2586759850577262,0.626589874946579,5.317304312487332,2751.5843204158896,0.6083660097756025,0.9181084886425263,0.18769526355130778,0.6679168572310527,0.7352226176362748,0.5562343150614559,168.04483750340782,9822.194854238902,0
583.4236852965781,7.858427495543202,1026.188181800229,4.0377449994958505,117.86533293410565,17.267674858863025,238.18702644524674,53.59688445196641,76.42530751645492,-192.61981411429997,3.362580183556245,-2.255790618367749,0.007657881502549817,0.20202356521434311,0.5138108103416111,4.308329454862748,2035.2602462377763,0.319705327607844,1.4259281728389896,0.04625077045058682,1.1653366040476976,0.6497144929655497,0.5685347927834107,207.25474026883685,8064.225423460405,0
463.7690538767607,9.815956914295061,1014.9179935341256,4.200316148713328,186.56189522201726,10.755349772372021,67.10838567347416,52.16245989827608,85.18785018539504,-574.1729464471314,-1.7913654303996402,0.3524617371009935,0.009671674930221847,0.40227327300625176,0.4279069463514425,15.12356441521869,2006.5384373094162,0.07873327782788486,1.6331256300320762,0.479835745865537,0.38992376660478034,0.518416417174156,0.45695224326630973,580.4608093929296,9962.39129607377,1
556.6709065019656,9.988864155655595,1112.6339927028198,9.307403158036111,123.01733766183185,12.898226295769824,206.68236210108773,61.24120736925969,-20.20960328929607,-376.11720787150836,1.4330557554834815,0.14082998501718436,0.008977673000436165,0.22098754618748423,0.9317779292019256,5.383304029390925,1586.705459465435,0.4812705671726726,0.3300000793165351,0.286213944776791,0.878930564555343,0.7297892452456834,0.5003180831727926,376.6624958380758,11113.949808073165,0
324.1294691600379,10.21923870592942,1177.461140848774,6.7548177103152245,63.023600408200124,5.3484071927050385,103.6346456997825,16.204888511854286,-9.872362695671313,381.29988728748594,0.34759494970046845,0.10787587272519783,0.008679045406596494,0.19443958789530003,0.6609903051189062,11.361655485943782,337.07587773338577,0.5174378032867579,0.6092212660673,0.3668940134960109,0.057866857274704586,1.3771103761738193,0.27527827281534645,381.4278285769058,12032.756465289604,0
320.3794767123759,7.908672362812267,930.2913702108659,9.711551170805304,85.8313963011288,28.12021073280068,64.7233033633887,52.1918335977801,-10.994864016439102,-544.2965780255345,1.6972433711256478,-0.8535145252265028,0.008501285313460056,0.2679054138607788,1.2279622577956872,14.373360472467686,2413.5969514782705,0.28401369238050156,0.21066253585133196,0.28141140281720056,0.4116063330601028,0.9904633595420433,0.34438616434736635,544.4102612186031,7357.36964894943,0
518.7268353300647,5.86112593573147,824.6156724792428,7.439102834550071,178.8382326041618,20.077678933468142,138.38859816199925,36.805643689610534,30.195343362850338,-732.1491500985787,-5.561735350777886,0.9051175333186121,0.007107706209499682,0.344763795554104,1.2692276050918312,5.958696622636053,3590.6566152552546,0.0,0.8203998174164212,0.6646061071021744,0.25807816510908416,0.39743773498543716,0.6290528456371559,732.792651198812,4833.176304978737,1
324.1338695696298,5.150975463769141,1136.77637798996,4.575956197779308,85.55521317406969,8.840334879801466,81.94311209641745,6.797581388597402,-27.216560966784485,-121.26449318959567,-5.363164153849698,1.7984652765055404,0.004531212614460778,0.26395024157045366,0.8883669180654431,13.872750850033434,756.3367351715782,0.2919448903737918,4.003859521629102,0.27395489839039733,0.2550626173052959,0.5296243731216733,0.285134240863415,124.39687306813354,5855.507230818639,1
299.75503033288476,8.569861213942183,733.0099405625538,3.820151779529361,99.77826215353146,18.09382371794093,79.31766155170604,75.84397707202757,73.20018719842845,-219.61282795140602,-2.584222619405648,-1.595650177825532,0.011691330143988472,0.3328660141006656,0.4457658863033175,9.241446686936365,1805.3702862884952,0.37629065160723707,0.9651417294337247,0.5270053057608528,0.2789303495299451,1.171731185896855,0.408937196817325,231.505377503948,6281.793459061094,0
543.0288576490229,7.702394924748127,708.0715968802828,7.657161263041216,82.63413080013537,8.494210273848921,150.79668206451169,40.435596330565225,-32.09189216135417,-533.9789374883571,-1.9472760385895338,-0.3206510145128334,0.01087798883429921,0.15217263251512955,0.9941273250529425,4.695538304863801,701.9116828130853,0.2617592872787826,0.7936544795580507,0.4259009638056911,0.3708789278591971,1.3164038550377528,0.7669123575095692,534.9459665308837,5453.847074168992,0
461.0349362240408,10.43513462357662,826.1778208525922,7.613964590239535,86.10489826919388,23.37232905775727,98.45687269388648,64.05784094957235,-32.77326674493868,25.187784346722765,-3.3073850950826973,-0.16946882691138399,0.012630615782941081,0.18676436752149092,0.7296469920988777,8.391266127467528,2012.472015832314,0.5375429724686211,0.5116199088061439,0.18094823828235432,0.10493752096466835,1.466887022321701,0.5580335426437202,41.46625482966952,8621.276783609967,0
301.3533415356749,8.720607162866473,476.039358051521,7.505077050156788,67.40660865484621,19.123765286811047,168.76179766643145,44.608738003404326,-54.761250917483494,516.1729396733957,-1.3101232554079552,0.3628572168305846,0.01831908856982085,0.22367964566560636,0.8606140501448595,2.82077676721863,1289.068162695205,0.25149252869264893,1.22759022936951,0.2712305981502821,0.5341981606039222,2.717699189351487,0.6330429121851304,519.0713001853088,4151.352235630452,0
333.4551033312953,11.186932378892287,1010.0257176565218,5.258477115916142,98.27072284352865,12.860999505106573,89.94621323874993,17.561586666086292,-43.739672103931866,239.0997698314054,5.257742801933862,1.4588060034945602,0.011075888646527131,0.29470451002782955,0.4700553232839714,11.229218899694493,1263.8597178570872,0.22799341552729924,2.490644663013215,0.42990211104984183,0.18230715237500061,1.127079187578857,0.33014516115983983,243.12445929721224,11299.089404365663,0
540.213471676313,9.09659107192966,497.53734266809005,7.323676999799934,149.77541841687182,5.307567147215071,146.32041274993185,75.1589584516873,8.078649293737584,-50.033006324599,3.7746007670344053,-0.6447022406594618,0.01828323281856262,0.2772522831615254,0.8051012672647669,3.400327632470554,794.94309024978,0.5213772597547391,0.10748750994108834,0.1408222075266004,0.3301855704539259,1.2207098475715599,1.0857747255298833,50.82139222059021,4525.893749266156,0
466.27389444261473,9.201000124470376,472.3525815873062,9.330717092828063,44.63992051271511,11.020701451028676,87.17415628166066,71.02527495883858,-79.58169561079632,581.0465349318622,-7.1249210077295215,0.29976176541623367,0.019479093548194635,0.09573755049288746,1.0140981378766316,5.41849329818725,491.96323676828416,0.0,1.1204700813466257,0.33510280993070674,0.2075076701667213,4.363603994914432,0.9871310385893002,586.5143532190663,4346.116161978707,0
508.8433596417522,9.584966271829098,1070.3841749243065,3.760983447055932,72.28513771504886,8.123091982641077,155.86088813666743,68.34099090795178,127.64014814538783,-438.9545899955738,-0.0041436577419116105,1.7231065238622296,0.008954697291285075,0.14205774005961427,0.3923835870043415,6.867561116331729,587.1788226372195,0.03176909936731209,1.867695309207703,0.33838647901819163,0.41691716487879477,1.2388019964193577,0.47538385895674856,457.1357998603137,10259.596214549096,0
483.8313140402483,5.385022771380026,473.37680465935847,4.692965987722073,196.8043487286708,16.464016061462246,208.9753801848675,59.094709079161035,-34.60134981224074,-74.87658188301691,-7.502833866548117,0.681505263474369,0.011375763912334242,0.4067623219449151,0.8714848918864277,2.2652276274869867,3240.189958434453,0.032995121824752505,0.5855236509564686,0.20723519770664567,0.8997761834987955,0.5780240114519888,1.022084963348411,82.8254093822796,2549.1448725337596,1
253.63784394910613,6.224604366250059,643.7636830086651,6.281370888928775,137.75800752586053,20.865727935456576,138.24407035125836,39.74656430143926,-30.62771298273985,-196.15901160363433,-3.7314054417032017,-0.07305365930578311,0.009669082818028855,0.5431287594192863,1.009119699717223,4.656718232998738,2874.4211059651852,0.4393591228546111,0.7705751055728557,0.11436165842242949,0.2567642759205305,0.7018889857428965,0.39399215992383363,198.57073808202006,4007.1742320889557,0
514.9728887943816,8.393155068797435,745.134556143912,7.569081126116871,97.70517351204069,17.818481115168957,199.97408081162186,80.34424537151516,36.459120963232166,337.8844911975991,0.6398009871913288,-0.6238943715196941,0.011263945551300426,0.1897287714325723,0.90181595169805,3.7261556753739415,1740.9577890786031,0.5134768280838576,0.4537863389548768,0.3703980990854974,0.8179461891965624,1.1528504731545577,0.6911139532427241,339.8464450874472,6254.029876835402,0
269.1977780766375,6.511146958415914,994.1540533800685,3.5954384831404598,172.34774792330984,26.413700589363955,130.72969890639416,18.057096420153957,0.7377357911031197,-350.8589836884364,1.3180376943871002,0.6551772335715054,0.0065494346034987,0.6402272305317632,0.5521974094737969,7.604653431443366,4552.341810897479,0.5314786117049124,0.04085572641012844,0.06925487992239879,0.18845180823994692,0.38001277547374873,0.27078074787441647,350.86223494748447,6473.083140862485,0
266.3627471506135,10.690434324401902,1191.3064021468845,7.113801282184914,174.25115694107416,29.758041608156812,86.9032188280672,43.10087712661984,-108.3099846704666,-397.07896550541693,1.0979728624288922,-1.1928433258196591,0.00897370676858312,0.6541874147383858,0.6654361334924445,13.708426663732821,5185.373178521948,0.14944552239796904,2.512941542982486,0.1894052513460708,0.20997073792666185,0.5149869261193901,0.22358878175303531,411.5871270710193,12735.58285239079,1
397.31599034026664,4.672922676455056,594.9339632445708,8.983324500956517,142.01419207655346,21.22872625335686,187.33861851675744,69.84675661835998,13.148689780874577,88.90614246692826,-3.3352486380370285,1.3544902101012921,0.007854523300318071,0.3574338700914872,1.92242096070192,3.1757144787066633,3014.780407684794,0.5607795648512046,0.1882505418643634,0.23386105457965312,0.7030783501523403,0.5530801665289939,0.6678320870663328,89.93505487172924,2780.0804078388337,1
399.5267834125941,8.251288328036622,483.9837727168565,6.0905912935600135,186.77402760826817,20.77080600911856,93.72625066302382,33.80272902681642,68.31675764544894,-145.2029191379188,-0.01392974437957939,-0.4105017182799342,0.01704868797918117,0.467488126860785,0.7381382217447318,5.1638017022246485,3879.447094993092,0.536040625964216,2.0210426676275697,0.453415684995551,0.14794317579069255,0.9127975767025999,0.8254962375491214,160.47139089382185,3993.4896547777275,0
504.57302527360304,11.226622975712424,976.5567573746813,9.760872953070967,165.12082731810835,26.670035956548162,81.67977352489106,67.25514775447195,5.6468130418442115,779.5931929996159,2.7386848244578426,-0.5638189801779001,0.011496129529525173,0.32724862219610756,0.8694398105456603,11.955919014357768,4403.778401748929,0.0,0.08396105324842948,0.09770090633480621,0.25745660431917217,0.696225286430867,0.5166858162244128,779.6184537730194,10963.43452942982,0
594.2160677979705,7.719787649549224,1182.3335832590722,6.17524401426139,166.9891440895956,7.120481807795802,165.53772492617514,73.17508189378655,-26.29735529978948,-554.2452297217571,0.21887671675127862,0.3580172012596421,0.006529280533730445,0.2810242824776169,0.7999240775258858,7.14238149513265,1189.0431625893573,0.2874390187995687,0.3593758232885892,0.30198874099507395,0.504888408419774,0.39100029941031694,0.5025790320190594,554.8687894197185,9127.364193690664,0
293.81406017651943,8.975182187001966,1086.5002436998584,3.5292508121077844,122.34069473861597,21.93218498410993,65.62538493443651,39.11522239203797,120.98788111057678,51.300671847220656,0.700907166359471,-1.8118924323208683,0.008260635226770669,0.41638815605051493,0.39322330606490796,16.556097077149854,2683.19874809185,0.2360708558286544,3.093115000036514,0.3011892811170196,0.4034055915051226,0.6752156544819143,0.2704224521625459,131.41658030271194,9751.537633428265,0
336.7707754182642,9.74111318113254,1045.9452847810253,9.991831905433973,87.41792912178639,15.198548778282055,85.99604282562899,53.86411401795785,-92.56313926223879,470.09112884237106,-3.221812551549262,-0.7803211912801773,0.009313214871628681,0.25957694521804825,1.0257382005156297,12.162714125135386,1328.6256598538737,0.0823051983523525,1.7184565447670597,0.06788669162558958,0.21821779249428191,1.0653666776587631,0.32197743067293344,479.1283588376842,10188.671400323874,0
583.6837091378304,10.015704972599323,832.685309555961,5.349515688226864,183.51948780367923,10.877427922016487,121.81511879816864,82.27050922595062,14.064232528164794,453.89887688322426,1.1305073975210096,1.006782476263412,0.012028199438201105,0.3144159840862427,0.5341127462182558,6.835648298595917,1996.2200008699047,0.40872261412590405,0.17095108150526078,0.14093829235227576,0.10741017089244219,0.6554181020311218,0.7009655417712202,454.118124632165,8339.930395530046,0
375.35450343367717,7.810058468693805,1195.7613991480198,7.884883600363656,170.34215089886123,27.5638492304808,209.64206888357444,20.740244321053247,6.699979459752186,191.19763779657546,5.092262888463613,-0.22622563978773513,0.006531452239768296,0.4538167234989886,1.0095806109480208,5.703823691093655,4695.28536497202,0.31878991737330065,0.3230424558186662,0.4373517725352685,0.9058369898506767,0.38343135890342683,0.31390418163783956,191.38275148266834,9338.966441953145,1
406.43512050284494,6.500559592228671,440.76838605990883,4.225402393619974,101.52070047838849,6.513211270663403,192.65604786588355,22.59674602960902,-62.70294393006725,168.17908806942023,-7.153952707286702,0.8802878957040088,0.014748243743926592,0.2497832873123421,0.6500059469759163,2.287851281817778,661.2257705614834,0.001277316955053287,2.7748660735446684,0.28676641629888544,0.7514186169625777,1.4527326618541372,0.9221058799974884,179.6302977804609,2865.2411599528905,0
304.1394173661,6.579923527741839,593.9862824226661,6.619112103581923,149.32133722541008,10.706321886585513,122.83979099042466,84.0826924950778,-84.74726443683845,344.0751661076332,2.1793102537096747,0.8792542492693709,0.011077568156800843,0.49096344866626856,1.0059557798316134,4.835455007156169,1598.682300870624,0.2653294504407283,1.0079037899719916,0.0931184862929614,0.11672537264022419,0.7418610335694052,0.5120310457770502,354.3650210654329,3908.3843148688093,0
427.68482017227075,8.72156306212901,1079.5482664718234,3.5308190539271807,176.5391134947787,20.47797716067435,90.92126235994195,70.69967799149914,-17.107497397901795,-646.5549807747836,4.887116038457383,0.1332923348193349,0.008078900529971483,0.4127785349586853,0.4048378746762484,11.873441244118167,3615.163934111775,0.0,0.24197419116900057,0.15785970999711849,0.1734430694550732,0.4576266624455675,0.3961701699267501,646.7997321699147,9415.34828464606,1
327.05425374542466,4.624867144642911,423.867816079758,5.752111260146676,43.045463650797856,9.137193939544375,197.78483096166508,65.18775503310496,-29.669761820184448,191.35827217875442,-4.77442920475769,0.2390674399019419,0.010911107116876888,0.13161566669089697,1.2437354588249043,2.143075452343019,393.31474959494784,0.3308387948738879,0.4551431753573497,0.49044889456476093,0.7980439178333188,2.5347867560196784,0.7715949202519397,193.70358352889596,1960.332336258817,1
433.8555336536662,5.015279804148105,1117.841759803275,9.222471950829998,125.79206609782004,20.544800746518913,111.90556638516651,9.294174191620439,135.68893031570826,-551.2702577570897,-1.250913076356169,1.2144797008711583,0.0044865740254959935,0.2899399831056115,1.838874860621366,9.989152424784555,2584.3729334726495,0.0,14.599353048283131,0.08510044299310791,0.01732333077424099,0.356665898309285,0.3881189174127999,567.7252396021457,5606.289202174742,1
490.3078538861736,8.535502362555095,1006.7377897478033,9.892210993954095,107.08358206412882,17.86457629713827,62.36927680883051,72.66242728638217,2.4090173679505256,257.8082403222073,-3.821775982756419,1.0598906425949144,0.008478376841991113,0.21840070726052166,1.1589488906184158,16.141565867976603,1913.0028219554965,0.42354817861937155,0.03315354933652216,0.3695711142689584,0.43300657446517715,0.7917531967611705,0.48702637258605347,257.8478196812501,8593.01278286587,0
387.9203552699312,9.867959236502639,1102.6925870486411,5.963842517742484,122.72311789590867,23.542910262993374,198.9158355640311,71.55161105221721,-77.28633684955679,567.6869633516505,-0.3917350831928097,0.08426411425367597,0.008948966695164108,0.31636163513645166,0.6043643244574411,5.543513335285384,2889.259351818134,0.1401921556387965,1.0801481016710368,0.5418377556674394,0.8083257778548283,0.7291997505111012,0.35179374544287156,572.9239213712557,10881.325499389628,0
357.8519552600329,6.553059908797328,886.9929031185974,7.27643092936233,105.46239641996755,20.04436889669271,237.722460217634,44.7494218132607,140.69794504744803,138.19785061940127,-0.19430265133462754,2.161077484765242,0.007387950778137327,0.2947095715694312,1.110386755291813,3.7312120289625086,2113.927178571074,0.10350162556499631,3.144128780804821,0.3720015662423676,1.1611132747057635,0.7005293857269624,0.4034439892380802,197.21712757749356,5812.517632814233,1
280.8352406581912,5.486129078968697,817.6098410932099,6.544708168104011,81.51037437672548,6.12932792473566,151.48335466199333,86.54324954902671,-93.7020109262168,331.22144703308425,-0.5908987195035014,0.08629152878220125,0.00670995969377436,0.2902426853043453,1.1929555564402268,5.397357636537379,499.60381382292144,0.2789970838822188,1.0827188881223446,0.5245631154060075,0.3771214060181212,0.8232031499158867,0.34348319521532666,344.2209508260701,4485.513124472434,0
321.78661059041315,8.42318603251569,477.58231096438345,8.997680225713927,138.68098865236945,18.559110057555124,91.40915143978532,26.526715324016774,34.8101008795677,61.03066840268957,-6.638557704508433,-2.1169376808073723,0.017637139900568605,0.4309719052570832,1.068203906571758,5.224666277303593,2573.795731289878,0.1387483630932611,1.3122657839227954,0.2787074185914578,0.16900771418376984,1.2717777737206277,0.6737825149776349,70.57305475406899,4022.76465109176,0
240.1582582599237,6.116318489210489,1077.1828288543657,4.666698470249568,106.17086900959518,16.246482498603157,106.59920487440984,65.37084211355887,-26.310257531879273,429.3471138492521,-5.114877074402789,0.30942273687265587,0.005678069056963598,0.44208710447377686,0.7629914103527919,10.104979958560214,1724.9031652258764,0.149205922095753,0.40247695579895465,0.5590759561645321,0.03091631932354695,0.5348048019132671,0.2229503217344666,430.1829096902418,6588.393252382014,1
414.6272054308357,7.476504677581523,505.40386631365396,4.316815043645484,192.35995453530933,17.050768989658764,241.1090497319859,18.90403460535935,85.2099538844075,285.1259667486439,-3.5952887623651435,-0.8956079060577045,0.014793129170368473,0.4639347153678198,0.5773841159478649,2.0961629888030133,3279.8851476428217,0.21730010960976098,4.5075009469275,0.36271730069876895,1.1919004521089627,0.7690337214990902,0.8203878780252896,297.60792875294237,3778.6543705618205,1
527.3231474815452,9.932917061852123,775.007437611162,4.493701293821184,187.30653732377084,13.534676684543191,69.52027104241742,34.104312528903435,-82.62354598142679,168.28247989098918,-3.3671221383940004,1.3089744163257597,0.012816544177264634,0.3552025702234625,0.45240499501193604,11.147934638204955,2535.1334235785603,0.30138488919314144,2.422671499723188,0.1932167225086702,0.3679975359780235,0.6842550377785508,0.6804104346494216,187.5019490573391,7698.084600110206,0
251.61202287281668,5.218613681260606,905.8262504241682,6.0540280452065165,187.4963920247992,12.97891236520175,197.9742243929412,44.193451563167145,11.133629170879658,-125.67457356497403,-4.615604341792074,1.1398831723744305,0.005761164107152893,0.7451805755704041,1.1600835806156298,4.575475687311068,2433.4992408813814,0.3980097133994511,0.2519293872071974,0.17278097792083075,0.7997656762994655,0.30726799832985013,0.2777707344592798,126.25117798536654,4727.15726330856,0
412.5655246388975,9.279965750409211,641.9842249103425,9.65898139782895,98.61367816904581,23.462767817165716,136.59663878262558,52.75460905535494,43.58354994774527,171.5149030459985,-0.77111153908033,2.3788849413942614,0.014455130500605715,0.2390254935997343,1.040842354122161,4.699853749197815,2313.7498344770256,0.640200494903983,0.8261562492485431,0.36641992669548457,0.24178762529659614,1.4658342299966136,0.6426412186319922,176.9674614326927,5957.591619470983,0
207.90657813707668,6.612374741374239,558.2478778073576,8.55798424653608,177.70086422338082,11.167009430653684,186.8913401811174,15.995838293953328,-40.102200678567584,207.46660393259583,1.723741040875998,1.3427567397445248,0.01184487215132068,0.8547149677304551,1.2942376349283387,2.9870184314926336,1984.3872266178034,0.5798811812621303,2.5070396400372985,0.17893453051371547,0.6990121834647037,0.6665624392479573,0.3724269923849526,211.31386497285192,3691.344166639144,0
590.4513562766831,7.197409081309095,948.3421766088113,3.6509792852539302,104.00983138156086,26.87769033306279,175.9432144423167,42.73514534365799,65.20609199407805,-229.57768313867075,-0.6073035546359691,-1.5810782670188734,0.007589464287085069,0.1761530908107903,0.5072629947817103,5.390046894475303,2795.5440394676693,0.4958144725485484,1.5258188891068043,0.503870244323508,0.5994837676574246,0.7296872022840861,0.6226142534207278,238.6589948987206,6825.606594112692,0
505.86689142479986,10.100720735701126,784.4861047538452,6.466939264342766,78.4362041838405,21.12047985898226,114.97082585944356,26.913714824700126,46.66751990138303,407.36929504257864,5.871995439989384,-0.41920077368961906,0.012875589095195655,0.1550530495540456,0.6402453283838734,6.823349305265588,1656.6102706798235,0.06025312387482318,1.7339679864094348,0.21235540308488723,0.0451893259949415,1.6415364855006964,0.6448385616511716,410.0757006793755,7923.87506515657,0
356.02503606261166,11.988876120095327,554.0726585847278,4.500763286754571,107.64805320748695,20.491713149246536,237.2511486585181,88.36979737030791,107.43589544904694,104.65762985283948,3.505647461229419,-1.7045166709283075,0.02163773276724863,0.30236090809230515,0.37541161003495166,2.335384514332613,2205.893027402651,0.1875859165770587,1.2157535566008348,0.26107955387464993,1.1568286241683463,2.010044039119113,0.6425601959353295,150.02659991306516,6642.708465304175,0
461.0746939477021,11.93633604422444,1199.5375273793502,6.856986117131666,55.231853913738234,23.19608247421796,245.56617486115195,32.057742948466725,-38.39325800790927,352.2721009429222,-2.65410508674983,1.2745163390176861,0.009950781673585448,0.11978938475422589,0.5744632265484443,4.884783207856672,1281.1626385870302,0.39871306281677077,1.1976282319571585,0.37134228985131934,1.2324197714650178,1.8016381795053802,0.3843770481737405,354.3680567390545,14318.083024458,0
557.2124078145212,5.151269568628466,1103.255023727168,4.124619014317228,64.56408352873822,18.34600033184901,72.82851123560886,9.48860361900938,-74.54691078249641,-66.63943649194516,-0.15873082204097955,0.1864786208787148,0.004669155777986615,0.11586978793593128,0.8006995089980148,15.148669182018665,1184.4926978437586,0.5262783370695157,7.856468008964968,0.2857718016766488,0.33792262513082855,0.72318160853446,0.5050621985223955,99.99040753317959,5683.164030162237,0
357.79260717550176,9.902380448850984,605.9615674591707,8.390137943818093,120.66857670253022,23.756649698705825,148.28913119289263,36.271868918854494,-0.0004331945746969268,296.7527341490527,5.3786891557806085,-1.920112240490103,0.016341598181502163,0.33725844045553677,0.847284952053285,4.086351862638831,2866.6811063634254,0.23212432283243578,1.194299019071906e-05,0.0384831511530463,0.3480830108444784,1.3542546558568553,0.5904542901553069,296.80147493258943,6000.461978362789,0
357.1672706788296,11.000673592432658,1180.4765166627199,9.173583232032161,70.76810864562128,10.51994803022335,184.65403702806202,29.572104439246296,130.25553477413635,-30.5082029306476,-1.3565423769060505,0.12555720931759584,0.009318841533190549,0.19813715996742903,0.8339110468964965,6.392909332836963,744.4768251491356,0.16755684209456867,4.404675867479662,0.11096091879197216,0.678673063891473,1.316813704864662,0.3025619448056142,133.7874993882992,12986.036843338474,0
424.4892271560177,7.082955846856824,616.5574091960856,6.892470060000147,90.35993897030096,19.10237842618057,188.56395267683115,10.616732928148561,37.37710245531194,295.3575601350288,1.2508149302147586,0.851048522589136,0.011487909708346738,0.21286744913573477,0.9731064556979827,3.2697522535114,1726.0897487772702,0.5359693185583811,3.5205842238164022,0.2915621743357299,0.714217751607556,1.2713498746521426,0.6884828903597137,297.71580518148795,4367.04890638831,0
471.8108036835831,5.712738314693762,479.3255764790515,4.845403537665458,107.63744548352996,9.403457479326997,85.59148473543598,78.12396032860997,-132.9243631424446,-203.82213252689712,0.8774365478084949,-1.850138585651628,0.011918283928551082,0.22813688165503798,0.848175300661431,5.600154944859889,1012.1641417877516,0.12413920146492008,1.701454490828802,0.2376060074617022,0.22189559331421832,1.107261871090646,0.9843221952588694,243.33745687734128,2738.2615859645525,0
248.78758568384916,10.81905854344213,1003.4172119503139,8.828757578547156,124.16968430176334,29.916930287978836,68.39326955939065,39.107521955819635,-81.70464162639973,-78.38987310706352,-6.18431211961482,-0.7752434115231077,0.010782213434841753,0.4990991972547777,0.8160375085407615,14.671285908900389,3714.775789136194,0.06835717369434136,2.08923085739625,0.3184598514574701,0.37824300400553956,0.8683450791932661,0.2479403210557727,113.39694169347226,10856.029559587927,0
328.43425056474194,5.545666579561044,482.6267832856397,9.12993994115163,134.29298658039616,13.96681978819778,137.64718169967546,41.67911531342514,-95.664285229327,-80.89161785705778,0.7286450122743267,-2.1070802949948773,0.011490590186079407,0.4088884954887612,1.6463196642222748,3.5062598254910555,1875.6459423872561,0.38680641809457206,2.2952570972280895,0.5009146015736717,0.25133801545159506,0.8556359106065767,0.680513933206977,125.28224228327099,2676.487222468223,0
237.85590729975547,5.328501059311785,978.4910417163089,6.02912862489352,74.32623560962298,19.066810264371433,203.55251306995117,26.88090079935657,16.53640371112138,-197.7749469875331,-0.9286968454969253,-0.7004015556424248,0.005445630907325835,0.3124842954434346,1.1314868023451659,4.807069325545732,1417.1642320336491,0.7079811003635887,0.6151729748400843,0.11445690938108039,0.8504773915450107,0.7326660448576239,0.2430843995081933,198.46723855954048,5213.890552312444,0
210.61297488242974,9.947679689779083,1081.7162696553455,6.7267136358555035,114.5211904571608,5.136827720865687,209.46344537378386,33.11086567341896,-150.5441747485726,-283.1541879532064,-1.9478527590040642,-0.04077377729577414,0.009196200490678203,0.5437518297298153,0.6762093116816963,5.164224563025981,588.2756257668826,0.0,4.54666985253206,0.1967363367398091,0.9042131397616714,0.8030130016958079,0.19470260436180262,320.69243339458336,10760.566965754075,0
551.2589698622149,6.995711491591502,480.884932748468,8.771258864559492,117.08216821794747,19.109817008979462,246.60741630039044,56.61297159199613,30.187521414532114,287.2413142848975,-2.791029047897738,-0.9278581479503885,0.014547578880477596,0.21239049996267945,1.2538051169065663,1.950001909767004,2237.418809659527,0.46499391749511143,0.5332262300606737,0.49120913004530675,1.2418856027308223,1.2425102047476093,1.1463427783264668,288.8367167179656,3364.1322501616637,1
265.3566800597818,9.34664592636123,701.3872062999012,7.521646058102673,46.41520157964415,16.543179929612734,159.22766985665072,23.217744242673863,-130.1994404254537,188.84824735505504,1.2790327701724555,-0.460518716890884,0.013325942991844027,0.17491627333137924,0.8047428047839774,4.404932929881754,767.8550312012983,0.1377534194958009,5.607755820918602,0.474884476729991,0.44752427142409745,2.871029864855365,0.3783312237182721,229.38437335835346,6555.617874564855,1
372.43054305517535,4.287191088058871,827.6806010314202,9.958029479114508,193.39320415550947,6.009980721054079,194.10143068960275,30.65001366923912,39.468065030268264,49.95158738757186,-2.721461513136946,0.8707271033866837,0.0051797650962416624,0.5192732115068726,2.3227398253487332,4.264165380393334,1162.2894285574876,0.5751803826029664,1.287701384286138,0.20343194863828656,0.7645584608145705,0.26783594174677205,0.44996891625956714,63.72044877854517,3548.424896501115,1
587.5009285446395,6.485233480648662,551.4907933382831,5.359307461962569,194.29971118263663,7.357151337200175,224.78757769522446,65.16673102412307,-42.76152812441799,193.18050439859576,-0.7190567849750265,-2.1315692179370966,0.011759459194943688,0.3307223899440584,0.826386201507509,2.4533864326169095,1429.492379944943,0.6287629609411705,0.6561864843057535,0.32737480536629926,1.0435234335929495,0.6052226801248358,1.0652959861548728,197.85796069375445,3576.546557226926,0
356.6027366737726,4.718025882009562,461.9488682083506,8.569153985170026,111.37166286723618,28.267112213615512,176.32199163285097,7.989958485675679,-9.689152897292274,-354.0141747349346,-4.683698891388236,-0.8580982336762961,0.010213307590314549,0.31231297859926754,1.8162583672644335,2.619916346965104,3148.155291685121,0.26362015039170295,1.212666237836266,0.19012787717919308,0.6029271966622816,0.9170472387118452,0.7719528311798695,354.17771334801563,2179.4867163720223,0
564.9795185182568,8.297751069554721,900.7916453592645,4.8121371354620175,168.093379307816,20.44472271263958,224.18599754661773,85.65166409549165,-125.21201585639002,-731.0914009694393,-0.3298895543296654,1.2986301773842381,0.009211620814095486,0.29752119111975245,0.5799326944282808,4.018054897349028,3436.622529778846,0.0,1.4618748763222298,0.26714894307940995,1.0380545231510703,0.5480061649083144,0.6272033287930028,741.7363374632502,7474.544838725794,1
291.4582410648459,9.77525423610141,535.0984332901718,9.588352997123323,70.06457264583628,7.682809070813011,154.55306344942198,49.161715839323996,-9.212112547194195,-94.06506291404116,1.0590136201131095,0.6298774409451742,0.018268142136010537,0.24039317738916763,0.9808801659308425,3.4622311673898625,538.2927342660681,0.8138175039425883,0.18738386953991368,0.6751988944487091,0.4050278495401999,2.607329417158182,0.544681544426789,94.52100606982704,5230.72322675098,0
558.7021486362794,7.804489385863478,448.2646548593774,8.844388049609744,143.7093967467415,24.54392618934863,141.35227406668594,59.22462326096482,34.53486680231818,-12.79383420238861,3.107443760827085,0.6025932669737246,0.017410450057258654,0.2572200538292502,1.1332436514847297,3.1712588836589855,3527.1928264678413,0.5553404127049539,0.58311669877823,0.4106408305463514,0.2850206733335085,1.211503941383946,1.2463667223808816,36.9593753380488,3498.4767409077663,0
498.0815371124043,5.049241353477679,558.8669308250464,7.574362388097356,159.56316803073116,27.367197171695373,111.79143450901942,14.41156198104712,-72.7719436422214,292.52861725925106,0.27702157551568707,-1.491569548435896,0.009034782834660773,0.32035551639956056,1.5000990956553288,4.9991927671342,4366.796680837379,0.4153870190655943,5.049552833893021,0.04122798767223037,0.01628576826381295,0.5662198204112313,0.8912345849075278,301.4445627939395,2821.854018212974,1
323.3332815811377,5.018209586632314,840.1917535266061,8.082683277407254,51.189061036297794,17.028077544078744,208.62012710088106,68.57916096095798,-84.0228695212966,-225.71287731455118,-4.485852802856395,0.24562283567667276,0.005972695596652751,0.158316708957325,1.610670725857723,4.027376290113754,871.6513007346587,0.18158773975594567,1.225195355906012,0.43805997582376294,0.8965466100080096,1.166791395610393,0.38483272446317673,240.886422331304,4216.2583121566295,1
375.52868072077945,6.423717030698416,695.4182730727748,5.033982207033592,162.10487837118407,28.250083683867935,154.60705202988865,59.654865983970765,92.06802125007684,-122.9102138535402,-0.9540455381568602,-0.27509196390954216,0.009237199077778879,0.43167109915558094,0.7836556596401436,4.49797253063422,4579.476379549184,0.3925952196782866,1.5433447000755223,0.16230623857571227,0.40551865481716953,0.5698285684301091,0.5400040454235817,153.57197468716896,4467.170204196465,0
517.2019915838521,10.782694937789238,1195.8593708966941,9.173928106516048,182.38384113157298,12.85869856574762,136.31571046178152,27.78723390974684,11.993931203440411,273.8388059984601,-2.389642276805679,-0.8574742129645481,0.00901669142727378,0.3526356125834905,0.8508010436579194,8.772718616552815,2345.2188363740993,0.5395519277641512,0.4316345859539959,0.6983118037718872,0.2392337314707411,0.49437995007293856,0.4324939906571433,274.11175904471196,12894.586784875606,1
270.1848986316351,10.495905612084359,611.7693684956299,9.436353694062841,62.4088647503185,21.94271536136174,214.75003644587744,24.996793015329825,37.29274155758753,511.14828974676186,4.98707302521249,-1.89343090399543,0.017156638028305162,0.23098576221835973,0.8990509292688749,2.848750941422129,1369.419955241961,0.07741001283996896,1.4919010424544041,0.16236087927707007,0.9522730585988858,2.749070680414453,0.44164502596138916,512.5311635220628,6421.073548094586,0
597.6311089809515,4.309154478615077,566.3984589667684,6.872945176166047,169.5905178311793,7.226050126876331,135.09458421418992,68.50144305354033,93.13456658416803,-450.17292163047046,-6.1403485404918134,0.4821233695798881,0.007607991177228648,0.2837712349351358,1.5949637475923,4.192606700419273,1225.469582891016,0.0,1.359600067277044,0.03475770919347735,0.22813258376536294,0.4486094667628826,1.0551425405908732,459.7471160783211,2440.698456137328,1
491.9260985211467,10.036585105745077,478.23039795635447,6.543504137008297,72.08999541144864,9.634381820062142,148.12734098794647,29.601525138185522,-71.99535640240644,-191.11841225509215,1.8635601056824882,-1.8427789613271202,0.020986924186824827,0.14654639310288528,0.6519651921511338,3.2285086248545394,694.542541200424,0.439812958460582,2.4321502377434436,0.3320528137766673,0.34661219079951333,2.9112117523441934,1.0286382894590531,204.23773329794957,4799.800089243288,0
264.7766280998525,9.11400272284936,1026.3242193373792,4.871073525176634,186.78329428258274,26.27492800130411,221.19234327160538,24.3511974779332,-4.806220091454989,569.3063635616058,-4.356824523567366,-0.9173274676185068,0.008880237405615927,0.705437242036873,0.5344603982797324,4.639962686579708,4907.71760912126,0.10338620644070373,0.19737099564858504,0.46836738780940584,1.0108394842873216,0.47542995960768825,0.2579853647717667,569.3433210842436,9353.921729567117,1
528.2023775434416,9.994822893592048,630.2839008385232,4.265985355887902,78.13416469792962,17.57187342450883,156.0026152356882,54.52476969173569,50.06871839511007,76.67182738612382,-3.288430631108053,0.040989905175861985,0.015857652210845046,0.14792467436688797,0.4268195045880144,4.040213684150695,1372.9636522017454,0.4745712415767519,0.9182747341837736,0.2835106699937568,0.418205593051711,2.029541401274523,0.8380388216178877,91.63110526710899,6299.5759615633715,0
340.8202696956953,9.105788423410695,779.1461901104624,9.913086854610995,55.00925184123599,15.309372857430615,226.35241846017487,29.144361394753812,45.22470929340608,158.99666636343875,5.8346381020125895,0.47238251591322555,0.01168688050970221,0.16140252424056684,1.088657718987272,3.442181865830374,842.1571470457833,0.19295889974928648,1.5517481642794493,0.31496379473174946,1.0577492587288624,2.1245299869614844,0.43742788455062065,165.40633980334977,7094.740358052397,0
425.40929478781493,7.964840625609145,444.16796536638435,5.763793242499466,178.41603710570374,5.772320925900805,135.3228847193143,85.33760445201567,9.504367287655981,-249.92456236100298,-3.0896395925058844,0.13359260548821705,0.01793204653793329,0.4193985399277509,0.7236545605152841,3.2822827143219286,1029.8746245015482,0.4997198598447491,0.11137372965513902,0.19739069168460754,0.23020804290285718,1.0050692095189475,0.9577667188062611,250.1243005821088,3537.7270551443335,0
454.2241416040739,9.951957781559926,825.2903349563514,6.594869837087668,111.92515857976333,21.010980302591033,98.2916453245528,80.48498907626393,2.3714423737521457,-403.288497056816,1.4339628032052119,1.1607928426491068,0.012058735405021158,0.2464095329334637,0.6626706002820232,8.396342661996297,2351.657302283785,0.4647653865163899,0.029464405735398366,0.1418345157500452,0.10643958795861087,1.0773927469066318,0.5503810263670388,403.2980186494827,8213.254571015059,0
595.9292276819494,4.592461466952589,506.0336647611309,8.877154871339787,132.8384346788709,24.36043011423331,179.87328147680444,79.98488097796059,-110.5792838662357,-665.5168923632883,-1.6964193408165382,-0.24457543299502582,0.009075407007003027,0.22290974919217668,1.9329840729682561,2.8132786626588926,3236.001404478781,0.0,1.3825023243668417,0.4259059824210775,0.6352116497891312,0.6831913541395072,1.1776473961732428,674.643157439426,2323.940106396298,1
474.41994780236007,10.851277045245915,462.1957335400337,8.472658633657279,89.22647462064481,10.415559104601067,190.8912759660647,82.33271293232487,-50.2593449781064,61.31050934773293,0.3639873757563876,0.1737437856544668,0.023477665970938734,0.18807487972199666,0.7807982966732252,2.421251213293789,929.3436201065131,0.673479780023392,0.6104419882218401,0.11337544737888418,0.7353752360551338,2.63124437794459,1.0264481330641007,79.2787033251457,5015.4139537735655,0
363.6140528182919,4.693691869145593,577.8943423174485,6.366257106687239,158.86500957729316,10.926551924616579,217.65248292373317,51.39285428785439,10.306394814406985,47.23340205930981,-0.48807391583054205,-0.6167540679314172,0.00812205887035187,0.43690558257021617,1.3563432121602195,2.6551240516743673,1735.846776151004,0.893429160187058,0.20054139738338453,0.15770237468598697,0.9786589356703016,0.5112553665506951,0.629205074685697,48.34722598365041,2712.457975760648,1
397.40263217453645,7.746564277554648,1169.7599908277616,6.42874701340573,68.94150885153445,10.422903070144708,78.08563228402508,5.048290987010279,-67.19395934826811,-10.376079669055116,-0.9632429945718881,0.46042461734961115,0.006622353592443282,0.1734802521923303,0.829883646874623,14.980476646112443,718.5706642690669,0.5629256749103719,13.310238954363845,0.5461407414364166,0.290130615599772,0.9605756680934445,0.3397300602607557,67.99719876040393,9061.62095825899,0
292.27165013114313,11.246334823314081,800.1677194506817,8.414605460133544,175.95683062419633,29.970715273870123,102.54967646285206,29.38585515289366,27.51283788009293,-239.611967040276,1.959148774559167,0.33250958652228313,0.014054971913931662,0.6020318102876006,0.7482086913053438,7.802732754018362,5273.552071130379,0.5766199251800974,0.936261263691137,0.3072082556233288,0.06773021397407217,0.798773873345666,0.3652629855298196,241.1942977374205,8998.954087750013,0
375.9236169921867,11.884968812096064,1188.037357376697,9.389694269973681,167.75173517248922,11.728262518070144,120.96151407276562,51.519041502414346,-51.666016645242195,-88.38838505777676,-0.21706791232075062,-1.5743284545472838,0.010003867924102355,0.4462388836186789,0.7900478678932007,9.821614473691367,1967.4363879647344,0.6576320434770331,1.0028528314685543,0.32919292263159156,0.09965012793423295,0.5963495944656527,0.31642407089139263,102.38130204088449,14119.786940027068,1
421.5924503267438,4.169248091386348,653.0891658693721,4.650509172288717,144.9396577572545,11.875776015756323,72.33988804988928,9.669474081801887,82.71535239088035,92.48427330727122,0.8051345972880464,1.42657222498367,0.006383888003771083,0.343790923307386,1.11543114498191,9.028064370502875,1721.270911325533,0.4607854438581467,8.55427623996139,0.1122418556458872,0.34236465409191563,0.4404514335519436,0.6455358201594616,124.07988786278503,2722.8907583059818,1
419.79744512002327,5.200316625985681,562.2323620873271,7.789910587541242,155.9706915594997,19.98567021449838,241.0981921833799,46.995406311251045,71.7383130788011,-345.46788307813915,0.8544562666965749,0.25287984645815786,0.009249408210297856,0.37153797235451613,1.4979685176505426,2.3319642382871613,3117.1788046354072,0.36839904256096034,1.5264962835660476,0.24822896049786777,1.1918017471216353,0.5930221965303906,0.7466618313494011,352.8387363901455,2923.7863002299287,1
484.68232836775513,4.822381569157995,780.0179552034886,7.422138723669455,79.29056620951226,6.063795441169413,102.48216096644892,43.6660241472743,46.68750526155907,-80.80419082834806,6.065685064108178,0.9283530061346568,0.006182398157616703,0.163592855709297,1.5391023329921583,7.611255928325462,480.80177390898194,0.18132371618724408,1.0691952421428177,0.46176607599741826,0.06834399121410076,0.7797142148387152,0.621373296774063,93.51915813494655,3761.54421078561,0
588.2840644784852,8.402588045581115,462.5249119083106,9.023629785732734,138.21252092944184,20.368418604707227,139.2781858731504,53.606568004294274,-146.80336840820743,596.1266700812538,0.36191279890318384,-0.11506642815782353,0.018166779408515007,0.2349418066456848,1.0739107685373461,3.320871168795678,2815.17048270273,0.0,2.7385332408604746,0.3248644976637235,0.266165326119549,1.3144090916183517,1.2718970358835604,613.936777477155,3886.4062955842296,0
385.56891444402004,11.540547202514702,987.3170766087345,4.899084363164474,177.5297813470237,14.455013075242027,221.82721472297854,25.54446582839613,41.70492751920915,-112.67345020536357,-1.0992550935125855,-1.8746974788087405,0.011688795297813049,0.4604359290816191,0.42451057798168845,4.450838360125074,2566.1953106160854,0.673413850205942,1.632640423932783,0.14567828257560878,1.0166110429361686,0.6584132087091659,0.39052187344756906,120.14913949888965,11394.179326451926,0
334.01875100205393,10.765595205175778,816.0575298091904,8.977757797242068,111.42231874299353,28.824379039002586,183.65097204637,14.851403552136201,-12.696609580225982,309.52266174634383,0.6366038975931154,-0.13653386833460424,0.01319220129945125,0.3335810292348179,0.8339304633083203,4.4435241519067175,3211.679148852608,0.5971061307365133,0.8549097420761772,0.3149953676035151,0.6695542913306363,1.1839819390117299,0.40930784754863275,309.7836136626608,8785.34503006141,0
445.7544426140743,6.989744023058811,921.0679989920371,4.206335310227745,42.20437684704805,11.207356197132318,146.7439913688699,38.49611780431972,58.71700244237944,188.2261358200342,1.118789909061297,-1.0225846005977681,0.007588738324106338,0.09468077670644283,0.6017867458881553,6.2766999207262355,472.99948440287176,0.5421890636419611,1.5252707491400783,0.20108251625222207,0.33403628517154454,1.798092731379145,0.4839538916799649,197.17509039536654,6438.02954078533,0
505.53762691534325,6.278460709199115,1030.0444678905733,7.610307829980958,188.6660211633712,29.52512028384432,68.04576165975391,42.81970968729553,42.829950208393015,478.05839312774765,-3.192090456429237,1.2527134107902445,0.00609532976965234,0.373198771206332,1.2121295620804695,15.137525729244642,5570.386968322853,0.23321454482499038,1.0002391543794265,0.5054970716314213,0.38140216672950994,0.323075121427097,0.4907920411927779,479.9837719300722,6467.093720378874,1
578.1666289759794,6.1264753062005255,803.2511252516407,4.089561479584796,107.78481928809681,28.252637981253102,155.45846878987828,87.54648790319787,84.08605028217535,-294.22222819399383,-1.543839604582315,-1.0701925277219058,0.00762709831782836,0.1864251824409168,0.6675227231301829,5.166982098204865,3045.2054792213858,0.3301554248469972,0.9604731417113065,0.4404045380618822,0.4132588071807117,0.7076226845491084,0.7197831547324041,306.00582814093553,4921.098183531962,0
280.0733722339438,9.440279483263131,545.0571670126819,7.886282890638153,82.15606851029082,13.880445853029995,126.28352388881552,65.9238987639068,-107.03873098592283,-70.79106572193871,-3.997229527923154,-1.4617233912627325,0.017319796994878307,0.29333766310945936,0.8353865904732914,4.3161384021289235,1140.3628604549144,0.16033669112631233,1.62367112675269,0.23351264820788276,0.14803203535286838,2.1081579619050097,0.5138421970835718,128.3925338990687,5145.491990955347,0
522.7776897416143,11.49525830504763,885.2256803263558,8.11733474814839,154.1738575851868,29.820198931761123,124.89226981830835,18.84280685562971,-124.18451579244876,-83.3470818543185,5.665051961200724,-0.9096210264953362,0.012985681008270881,0.29491284844498256,0.7061463546742596,7.087914100802,4597.495103267279,0.0,6.590552922604832,0.33895768621511424,0.13538427107553044,0.8422751568693032,0.5905586579332878,149.66837618534694,10175.89785361298,0
277.17669459739284,7.028967419476149,708.1341898847754,5.703550313918714,92.46782136491264,7.243281943531281,64.78893995397081,22.17971551329966,-109.98711266793276,7.465512627826911,-0.05400167113970511,0.4277634267971804,0.009926038764799468,0.33360604685478634,0.8114350193337196,10.92986226334106,669.7705008501478,0.3124840689239353,4.9589054738768406,0.22286260531538404,0.4110096367820835,1.0734587036097243,0.39141831951722855,110.24020023569108,4977.452149317223,0
323.38384899910005,11.433937952049199,475.4732021117244,9.962749664561338,163.2145149054191,7.331772633108181,184.68363313995013,7.905249928902114,92.94768130576671,-271.6721523298884,0.01695104139639092,-0.09468407196641415,0.024047491848683634,0.5047083068946752,0.871331443842216,2.5745280944923734,1196.651713709579,0.32709768280353546,11.757715713192555,0.13686533631003814,0.6789421194540921,1.4733672346861353,0.6801305469222068,287.1324260668068,5436.531090807604,0
308.13638821105565,11.149945029730176,740.7767718502794,5.630750184510909,120.40192789362337,15.44358215907099,108.90073948047775,47.72774260766569,-1.7136617485195558,-17.154007592734047,3.0611574333136655,1.077989114791297,0.015051693645685376,0.39074232223152755,0.505002506245286,6.802311677443437,1859.4370655357136,0.6166053677049196,0.03590494029031073,0.3473349880023002,0.009993277450202242,1.250120650807497,0.4159638907702333,17.50906330765435,8259.620285431587,0
527.2909410509029,8.673297193466368,610.7594514855246,9.542393318046614,58.429768530281706,19.09656008678285,196.99770538667784,10.002125673256701,93.02636692722206,-662.1341223834938,-2.066095441730699,-1.994036262004216,0.01420083990901929,0.11081125045279526,1.1002036601760792,3.100337896254642,1115.8075855953384,0.0,9.300659676367832,0.1554111870587404,0.7908882307879803,2.430411803130726,0.8633365226987406,668.6402393803503,5297.298236452459,0
377.06240606410324,5.2503305756878005,483.3211950422973,9.998474689943235,112.85633943095796,26.813293728712456,151.65144087953175,83.40039927641028,-76.31200506579387,163.67081382900778,-2.79533164813971,-0.4416656127012031,0.010863025726046058,0.29930414068320454,1.904351458599999,3.1870531017653567,3026.050178309549,0.37435660808826154,0.9150076705613404,0.674013859349501,0.3786494625411977,0.9625534357059067,0.7801487084196774,180.6086135698809,2537.5960482085407,1
215.5005326113718,9.229843780615365,671.2126860586084,7.760486052680008,55.043392347012855,28.746284497896582,202.21774870968812,79.48271480719293,86.91367951128044,-159.3141073032914,2.312885835282887,-0.3072238455615599,0.01375099722088602,0.2554211429550233,0.8408036189061704,3.319257040202876,1582.293016136575,0.35322303181092396,1.0934915814352006,0.12606191643581532,0.8383431700880738,2.4982103454298223,0.3210614714045421,181.49468838762544,6195.18823588818,0
338.1533572677968,8.271245061778984,1017.4884326751406,5.962641716261722,134.0031188089345,29.155065634204405,159.17622168242963,82.33279400399128,21.81260806889938,-85.58560493818823,2.979224206439893,0.00558135778712554,0.008129080190162508,0.39627913172783374,0.7208880491057864,6.3922137485152675,3906.8697240625756,0.5892510437015027,0.26493219782923877,0.3774488870563164,0.44705656074936023,0.6066336561728226,0.3323412300410505,88.37172296767376,8415.896174181495,0
451.57920686511085,8.899514634025453,1003.656236351705,8.975957509442338,179.04860580432043,5.910754892072083,165.67615639157998,23.38289133279187,46.902923058860935,331.9132346680307,1.2913775493153494,1.8569950868864087,0.00886709444099628,0.3964943537752464,1.0085895555612239,6.057940129776653,1058.3124226765729,0.4669661421940615,2.005864988693031,0.5240617148275594,0.5061468762870908,0.49523392830475294,0.44993414130181,335.2132861257673,8932.053362942908,1
483.27379470364696,8.884176033710599,646.1027883393043,5.4443134370823945,46.32377899043688,23.212046672548286,68.20329276080807,5.412873711068718,9.669224806382744,-3.6516916428049626,1.5898287847329513,0.21010354725833658,0.013750406582435343,0.09585410899186772,0.6128101713005457,9.473190548221991,1075.2697199748325,0.7922357172162335,1.786338518596927,0.4499446230112943,0.37997006581083576,2.96832574589262,0.7479828340407241,10.457357016725807,5740.090907477639,0
353.8733890645366,5.445649566134476,681.696379140427,5.3685746205647495,67.92594106028614,24.10190133553226,154.29486113755482,83.13587448846418,25.92503318266708,458.78113071260873,3.78636162510376,-0.8810191681454951,0.007988379772533149,0.19194984183424527,0.9858465102034767,4.418140527264161,1637.144329558196,0.2389890019103459,0.311839303335462,0.2685207561832771,0.4026805557959529,1.1760425616250563,0.5191070392815449,459.52863869166873,3712.2795913015093,0
255.43222057698515,7.427141166731725,951.8094787552697,9.143536861838848,99.13145701708123,19.19363997734382,73.13658955137969,19.47712248950546,-78.0850323653547,297.1829517745846,1.4289402943716478,0.6328042277480943,0.007803180502514622,0.38809300092665416,1.2310977611137037,13.014135395069351,1902.6934964153909,0.3611922513119329,4.009064090829022,0.4873937977657093,0.3351219131692756,0.7871548282771698,0.26836486321929365,307.2735279442706,7069.223362548729,1
370.4976812720227,10.364204209828817,791.1186411765365,6.754295464298253,198.25471031998438,8.753238918731427,217.83374836172698,9.398728376330208,-129.00143798821347,14.479980028514092,1.1661979680129049,1.311292028502506,0.013100695231268184,0.535103781592695,0.6516945563358224,3.6317542489460033,1735.3708461947124,0.1804687678472141,13.725413994630504,0.41507819506859195,0.980306803288427,0.6608012092183625,0.4683212630674783,129.81679722729893,8199.315151355911,0
259.97659117362423,10.976834416028591,881.6955134667419,4.369611766360061,151.01749347344023,26.19166169994933,105.13177768992918,17.80105051866743,-14.668230317514386,-48.880360902304346,-2.1647225480229766,-0.24295170814727385,0.012449688410989793,0.5808888130723425,0.3980757658127253,8.386574762077876,3955.399099830652,0.7078408735773174,0.824009251708614,0.25073448016786204,0.04425656645518927,0.8243871702968866,0.2948598322241896,51.07966999009577,9678.225656679733,0
303.0469691353983,5.5159302174977265,499.140714202812,7.109161529350365,135.43121589764374,24.806770929260058,203.08392198789684,80.86602705758241,-62.2186498899448,-48.74195578423701,0.024452217774072693,0.587923364279475,0.011050852115534861,0.4468984338765469,1.288841817976334,2.457805173924892,3359.611149444011,0.6063774666312569,0.7694040643995117,0.10027174021580941,0.846217472617244,0.8159752566857909,0.6071373472696991,79.03758122381402,2753.225348254687,0
411.0545442417929,4.53899444106405,1145.1695434471114,4.30498393263191,71.67691942670514,24.133030598465915,78.4175629399696,81.5236384673098,-63.12108734016316,-155.82438812052135,-6.9384268458190315,-0.4505263554803527,0.0039636003830499,0.17437325637383766,0.9484444161651624,14.60348295092726,1729.7812897284512,0.02748256558359885,0.7742672987476401,0.024881189039162886,0.28711306418209454,0.5529814080672049,0.35894645172317846,168.26661394119202,5197.918191782295,1
374.8512168799203,10.048966477944596,1198.1339138709086,4.542530606440285,72.38484472060196,18.48594396660974,151.46132547971507,53.5834316830711,-20.94787050550508,190.89681716609937,0.010763882063217878,0.8547038746311904,0.008387181400682151,0.19310286711377997,0.4520395820217134,7.910494049065829,1338.1021835367947,0.7278181749053036,0.39093932298709516,0.2536988128350337,0.37692114072468247,1.1586930155139252,0.3128625377683017,192.0427249304793,12040.00753657732,0
410.9599122632525,10.983897723213657,943.2412450303945,4.087652510067334,134.7639920711047,10.543449690927474,199.46314635985735,75.33247246324352,-29.233338634473498,-28.280619562436527,-5.5123983090888204,-0.8790102348976792,0.011644844604796431,0.32792490958285403,0.3721495422729932,4.728899860672333,1420.8773705502415,0.28626220805511193,0.3880576022343768,0.5446961289939936,0.8133013305441577,0.8640916928798259,0.4356890821181276,41.04592629812505,10360.465363730564,0
402.0613579434995,5.878721306073849,484.60010996921125,5.698985909919266,170.5169016881691,14.583569835262699,206.77610314425857,73.2299229707847,-92.85006874252343,-261.382776125178,0.0412092560824302,2.2344097719693004,0.012131077119333195,0.424106665112869,0.9694261070058072,2.3435982330662606,2486.745143862038,0.3340111683086655,1.2679252548110183,0.0881247379306332,0.8797827558568961,0.7114296001881248,0.8296765718213399,277.3843770268957,2848.8289914017323,0
531.6601961383001,6.217585121684318,442.66006794667254,9.612284181498174,189.93003598075222,18.310382992821737,182.04030821759167,44.32100516041871,-3.7666254107000583,-414.7002601611625,3.770190829382983,0.3276137856451724,0.014045958901432586,0.3572395250957361,1.5459835279093446,2.4316596268204713,3477.691700647986,0.29902480724174274,0.0849851080106793,0.38060171339308807,0.654911892887197,0.7395333144072075,1.201057503570323,414.73450252373544,2752.2766524290005,0
564.8821361634705,5.207945051480541,1130.7469278504511,9.366184788248972,172.65401333374444,20.78214793265213,177.827864918454,59.33307609460263,2.7799014371371413,269.2940718266011,-1.4441663066047363,1.027570169405486,0.004605756534205969,0.30564608487420875,1.798441553369751,6.358659979238768,3588.1212462679705,0.6176375724682978,0.04685247454058802,0.2258359975138605,0.6166169538041273,0.2667622052493462,0.49956548388533845,269.3122919386932,5888.867867375581,1
350.11125587739764,11.75945506439847,538.3418462135452,5.577826189576065,87.03367534793136,18.582729405898924,154.8632488250881,59.71793956106321,9.553191880014182,261.8558721970246,-2.079268576533776,0.05088688795313434,0.021843843548684162,0.24858862400701826,0.47432692748347066,3.476240168650865,1617.3232381914645,0.5777965855792198,0.159971893709524,0.017013373872632354,0.40784771659171004,2.5098151332067524,0.6503511817628947,262.03832665656796,6330.606749833496,0
216.501213002625,4.799614846196104,923.9967393611713,9.971109447307546,42.52851826612739,18.93958742065957,202.691663047686,75.27586038117968,45.28191789463261,388.4637730895022,-0.10979836460009906,-0.7056133928080524,0.005194406691861749,0.19643547339206707,2.077481166058578,4.558632187766836,805.4725895724372,0.437797353571148,0.6015463345797095,0.3713643305584488,0.842651482251691,1.2213937620297783,0.23430949891912892,391.0940643206304,4434.82846807467,1
360.9483532688736,10.141288261589931,1114.504244856026,7.741687136486032,59.905662196243824,12.384769867746266,233.53047639813317,12.542431905670579,-62.550887267477535,206.09504012615605,-0.22908240094315957,1.1179900360569341,0.009099371589114051,0.16596740684288308,0.763383007838129,4.772414556102602,741.9178400754271,0.5309329564218428,4.987141866737786,0.30953036530358435,1.1230043308921198,1.51895017190622,0.3238644939530954,215.3783451076198,11302.508815850566,0
554.6582232511286,10.55407508447989,794.2702400550257,8.523818066116576,83.38206179761445,17.356494420296563,97.52158985402285,78.17532432428447,25.192512830336057,-416.72662159462254,5.075767748609201,0.5176644463498503,0.013287763474241113,0.15033052482098,0.8076328809382005,8.144557951156715,1447.2202903431184,0.16412300257122625,0.32225658221554987,0.48143122138533384,0.11344009223615592,1.5935997728736029,0.6983243174422634,417.51826698554424,8382.787750908608,0
398.625958858875,11.102093405711098,904.1215754195077,6.886341612912528,108.57486692014663,16.6100406579298,99.76269603867067,74.94954956141326,-94.27550946320602,-226.12814751283645,-1.4494459675249871,-1.194864766276865,0.01227942536440388,0.27237279586848295,0.6202741556263687,9.062721952392367,1803.4329539729529,0.3218365018543097,1.2578529159265617,0.13286719200716846,0.09306639964844847,1.1309638881192465,0.44089862436245325,244.99777892002805,10037.642180426046,0
525.5662734838281,9.95663807614427,762.2961325696144,9.525168498261328,103.10814873161516,19.13664790690594,80.1290478282827,24.19089149563263,59.764697132266264,-28.21936340231514,2.109507224946654,-0.9464674330928053,0.01306137818459286,0.19618486560817688,0.9566651338952727,9.513355683487244,1973.1443386098094,0.5414151942956714,2.47054545894086,0.4524518590056982,0.2715541106519755,1.2667648818514732,0.689451580597954,66.12564944766547,7589.906698840143,0
388.75228497179575,8.655993030051313,800.7865688254215,6.5689389316342,170.85364959329291,23.641199780946444,124.86191389442664,73.04905498880224,-54.166974953326076,-224.70581384172897,3.017290038912682,-0.44043977596675177,0.010809363402220593,0.43949233534585774,0.7588891198073503,6.413377337003686,4039.185263338857,0.42055438138932766,0.7415150676710244,0.5597932568917054,0.13510830813115124,0.6326679838535288,0.48546304359476233,231.1619951225697,6931.602958311554,0
549.9403395220653,5.326928237786743,1055.7265756281304,3.708971068153648,102.92830139188925,26.768334332946594,190.86292042438475,50.28293632371964,113.57778216920141,-232.07678857327778,4.964910639244589,1.189502044434879,0.005045746086876099,0.18716266837479276,0.6962682624188437,5.531334076208813,2755.2191839803836,0.013480845176784495,2.2587738599431018,0.3499528938002134,0.7351174584034977,0.49021950412500476,0.5209117135228549,258.42638939283296,5623.779707095389,1
290.55901616453366,8.025428213799103,1192.6979824017635,3.578915855993283,129.03777448172707,17.807226067623645,213.4150015179294,35.19893086198604,2.769368878102071,63.42309582016128,-4.026439330971133,-0.278576968570345,0.006728801701867653,0.44410177383260885,0.4459470274545119,5.588632354420327,2297.8048214591513,0.4901955628581359,0.07867764191363323,0.29306150165835854,0.9401363774357218,0.5214598383220345,0.2436149137935391,63.611089450522314,9571.912038508379,0
272.6092432438775,8.23700192767587,965.3567370505807,7.239417192085265,54.897492937364945,26.11021535413933,93.24578912262275,70.00902005194594,25.853633770276147,-447.04890856218367,2.154703324015058,0.403196035701451,0.008532598998420089,0.20137795873727363,0.8788898261345823,10.35281856836548,1433.3853629969417,0.3589675682565321,0.36929003935625765,0.6077363302543513,0.1523110079761568,1.5542784454939171,0.2823922315772826,447.801049320099,7951.645303980521,0
479.37142183153594,9.393224538351717,820.074586675891,7.743116959193547,187.05754633065683,7.51305003541771,119.99525079075732,11.158672755649105,7.655895878311988,525.4242965246167,0.588039614950647,0.08075204350384979,0.011454110017512464,0.3902142218156549,0.8243300186830492,6.834225365351356,1405.3727050846912,0.3373892594813983,0.686093771719954,0.46371059685530547,0.09086591627961205,0.6123308170238333,0.5845461249745965,525.4803991688716,7703.144730842622,0
303.8969008346548,5.081770896031888,493.5577864713666,4.171598575105196,142.04640642153242,13.785271284988452,101.16035325911577,63.810232880001756,94.76929638292921,-355.82982761734274,-1.9106088533304355,1.1629320479699725,0.010296202461647728,0.46741643640129615,0.8208946566958769,4.8789646395080295,1958.1482475785501,0.22173107099260703,1.48517396200618,0.2553856832390602,0.0803604249171294,0.7248477959444494,0.6157270924795452,368.23869457906477,2508.147594800112,0
508.1581532725308,11.985827848942831,793.9703336003464,3.898476427527375,135.33727211695765,7.975603749554215,106.50535827566091,32.946292460987664,80.72404982045808,-90.45202376907514,-5.081262915159865,-0.4177824950742828,0.015096065106855778,0.2663290380079266,0.32525716843757496,7.454745436801072,1079.3964549504465,0.1810036608950243,2.450170984065809,0.49554826701546295,0.03176947022126445,1.1154403270231315,0.6400215874165366,121.34150178792956,9516.391735701462,0
471.6581473755574,4.4324344929487935,1164.6884273511403,9.87492354140429,158.25194064262598,16.630311789089326,101.79875347217965,74.063888921077,89.08478157028836,325.0494960342806,2.9171061266815883,0.013186534186642618,0.0038056826090643943,0.3355225421699713,2.2278780559788345,11.441087318121584,2631.779114115327,0.22022167202284537,1.2028099370425678,0.0357239444346781,0.07455678661654859,0.24048252385470675,0.4049650844803645,337.0486354930399,5162.4051589294795,1
375.2953428350294,5.962850119469014,567.5418251675432,7.32084254219869,77.20848243258813,6.60522128913661,205.82640903637068,36.999901924541106,-49.9413479207268,-478.0042064826792,1.0969097059907646,0.4063203394683379,0.010506450546986084,0.20572725962796476,1.2277421695198678,2.7573809785859664,509.9791118656611,0.31207560116320243,1.3497697378381956,0.2977527223492626,0.8711491730579153,1.3607896718031494,0.6612646437542097,480.6072854817933,3384.1668400039466,0
241.7000865120005,7.3188160442093215,499.0855049034416,6.167869578110404,129.10939539415205,28.26777953014117,66.88224289860769,57.82396455266525,-77.06359536450525,-197.15273985332692,0.7488166591652696,-1.075168470843428,0.014664453229562934,0.5341719039382375,0.8427414408086467,7.462152632351856,3649.6359242717135,0.4509291797945243,1.3327276322313875,0.0862115646788023,0.3919796100126574,1.135816118168202,0.4842859272355794,211.68032806230917,3652.7150007196183,0
288.7293208698711,4.193834832700679,1153.0935210161974,4.204002787728461,60.29739967387469,8.663670662753512,246.44253955872182,57.501120414449666,-49.23839196374329,16.507204619082813,2.6246790117990697,0.9663209385149436,0.003637029222924381,0.20883711945919906,1.0024245005903665,4.678954871512516,522.3968125948713,0.5497008493763871,0.8563031747703127,0.094744204254213,1.2403867232611074,0.6031817694619775,0.2503954064501377,51.998038303636676,4835.883773799201,0
569.1457451700762,8.542491082834747,963.5175031819618,4.469697195261264,125.34198893296517,21.83784286813109,146.68698840365954,18.17374013901482,-0.7722803817007531,-225.9747396727265,6.5494320243448305,-2.348669901743172,0.008865942813310247,0.22022828071131337,0.5232311221538948,6.568527404288328,2737.1986590971196,0.133947450524443,0.04249430088652173,0.4509151760841254,0.3335180763969049,0.7073402048895114,0.5906958029205538,226.0709500289367,8230.839679087108,1
478.91291839465555,8.754355424110564,566.1097376751358,7.160381033303214,181.1051547422284,21.67083214226125,149.64038640483096,32.334648743903344,93.16911803985477,418.36353659289296,-0.6879836222325153,0.7629846710892974,0.015464060837501941,0.3781588422156236,0.8179221297758428,3.783134695626926,3924.6994085170804,0.21262562777526972,2.8814018911345585,0.11332863920481266,0.3603671491348269,0.8538719320006288,0.8459718788117394,428.61288668016243,4955.925852658133,0
261.4311467791026,10.213509410794323,518.3575306437691,9.436977192653659,122.86057210697254,13.409527201417669,89.83484449349663,6.003772495215392,-78.47524456700279,503.76474476390604,5.392738067278794,1.1425429110562035,0.019703599942128273,0.46995384299325327,0.9239700883498504,5.770116635325108,1647.5021836501853,0.0,13.070989053889425,0.2743145561653664,0.18331959551366697,1.603736626341988,0.504345227616199,509.86896718741036,5294.249517386243,1
572.2377083507616,8.045797595632997,1055.6223775074736,7.750385299036911,153.6001505956073,22.90327352482095,226.2689804416798,57.15646197898855,-57.53976702445874,118.94284112692947,2.938773718405419,-1.114158072104484,0.007621852062885086,0.2684201833505453,0.9632836529772478,4.665342882824176,3517.946262544883,0.46485701550605585,1.0067062416426527,0.19500122872794703,1.056990731287998,0.49621384050277484,0.5420856174931838,132.16225117461855,8493.32398684602,0
425.2043040345436,7.783097457233333,924.0911131398119,4.865566304852968,196.67891833388708,7.451995677273311,217.55201682859266,55.498158890850966,116.82527140181693,218.39450541223619,1.1936430655580752,-0.15363196684744285,0.008422435132817662,0.46255156983996304,0.6251452370458351,4.247678907375496,1465.6504492349172,0.20632618611049036,2.105029675517325,0.5689878613817724,0.9777456075326605,0.42823273608407403,0.4601324458037631,247.68069932098345,7192.29119293039,1
236.62393374822756,6.609301136028528,587.7378123692753,6.0561258736043335,158.77322477663142,16.856064535634665,168.4388151628468,31.7031654866591,-8.423374194999411,-11.463883096309019,-1.4428586539647643,0.46518665871164533,0.01124532231367804,0.6709939365033514,0.9163035166594644,3.4893252591515194,2676.291723365728,0.8115703779027312,0.2656950517620716,0.15030306538189567,0.5312619560258799,0.7082631425732149,0.4026011748237782,14.298800284294575,3884.536190979173,0
273.72400083594295,9.084330343784625,703.7754611853326,9.507822493913896,162.35587506268126,16.184601820102998,202.4078457322714,87.90936752522883,31.273372869221504,513.3129199502812,2.9111587877293488,-0.5627954719071662,0.01290799529793829,0.5931371548232981,1.0466178721053465,3.477016706734923,2627.665191043886,0.2368965452191133,0.35574562472249,0.1959491694530492,0.8400713248388308,0.7950433141366062,0.388936551403659,514.2729357879807,6393.328777256936,0
307.9597375825368,8.782234725040304,753.5208589960564,5.089092976157957,181.2494931431328,14.348046007330584,144.74602665367934,39.82459150666454,63.678415580729656,-24.88085652956829,-5.049395570210718,-0.9975887723055195,0.011654932468281235,0.588549316757863,0.5794758550062099,5.205813772000369,2600.576066423019,0.2531770117084261,1.5989722222278977,0.0751177822089103,0.31587296957890304,0.6430325550801584,0.4086943764142679,68.55285572564821,6617.597053917365,0
288.7809005788269,4.911258038552177,927.4513567331622,8.57597344170007,161.75247672272062,12.906884429624359,98.99937158838841,43.55720516864287,-76.52382483375601,-90.0805405400838,-2.0822724905034775,-1.5987689619873837,0.0052954346369727704,0.5601217961385502,1.746186694810326,9.368254988417952,2087.7205232656593,0.44396705750306265,1.756858010918617,0.28279762862139535,0.1000057128328326,0.3273788905285396,0.3113704007033032,118.21478507321223,4554.952931121866,1
470.4075840357513,6.651794589272992,917.1416304466258,4.713498768828225,190.03286920575673,12.544833499014839,108.48543733577301,65.44883784650338,-31.177048537875308,561.353744833787,4.727185991681117,-0.7806452559585626,0.00725274523416163,0.4039749265422432,0.7086055808802999,8.454052939916561,2383.9307035262823,0.062182462337169175,0.4763575575015493,0.2630254787658738,0.013768751492972601,0.38165740824071714,0.5129061514813957,562.2387228587598,6100.637735001875,1
416.69542866529133,5.031019237363801,951.1176063910681,9.635656318106879,108.28729946630051,27.52763282876692,78.68015231391425,8.651398326929788,9.702458418581486,145.07442802064952,0.22591655778051933,-0.34842399719349615,0.005289586906558864,0.25987158009665084,1.9152493487891842,12.088405759515377,2980.8930197270483,0.8067125882735595,1.1214901975302642,0.23112160318156266,0.284725888055325,0.48847712821622324,0.43811136064067346,145.39868776290245,4785.090974748875,1
484.68684796871855,10.86747588058546,547.0336558848867,3.505360009425455,135.7645582469226,13.846465983083348,83.51959291225616,20.821794098860302,-50.060022956434906,418.93630554064066,3.731764113177846,-0.6523382771016495,0.019866192442960624,0.28010778261448677,0.3225551220856827,6.54976439432108,1879.8593374743516,0.23207014325441244,2.404212755094672,0.14315517448740986,0.24073097352494402,1.4632826637146987,0.886027473363928,421.9331227360993,5944.875061197492,0
230.6554645803526,8.833073641736569,1189.272860679273,7.867899494776619,153.72184560350874,29.614626038582028,188.82219529264125,8.415433673419978,-61.028129335442515,-218.97594818019707,-0.37104225850111217,-1.315910560654082,0.007427289341061236,0.6664565519103807,0.8907317898495186,6.298374292471861,4552.414971508556,0.5282380040741878,7.251929217646733,0.39043297585462644,0.7165654117512841,0.483164205575457,0.1939466309259003,227.3214378890769,10504.934758498732,1
315.32742712418747,5.5602357411586185,421.48462154114236,7.097303904265393,151.9875472220236,21.19693702212676,133.73017398742707,52.17587090489195,-28.285718477099202,188.39818632681238,5.522380663678066,0.21401541896512732,0.013192025181910148,0.4819991353373944,1.2764393875836795,3.151754080427422,3221.6704666127516,0.24951806598502457,0.5421225939603275,0.29295328586882646,0.21572885443115514,0.867967502800688,0.7481350706728156,190.58975620214375,2343.5538570417734,0
340.68095634010535,9.610166456874861,1032.5190452803959,7.33638628324006,63.42978792911673,23.69754005370438,127.4123646361438,6.104434637102681,-146.0902463543082,-469.45720100926496,-6.5500105792908,-0.8033766247490073,0.009307495586451945,0.186185305485036,0.7633984610112348,8.103758596969758,1503.1299400482183,0.0,23.93182252560678,0.2678082216022042,0.1582942239649437,1.4673698100414811,0.3299512564899841,491.7065449004159,9922.679895038116,0
244.84926538895553,8.146434206761324,479.9454471778909,4.5676470171527335,61.207410283962034,28.85270697675019,114.12429118433911,35.192367505660656,-80.11429502899993,407.27108141540094,-2.5945781496208067,-0.5945647495177466,0.016973667017080512,0.24997996292425442,0.560692801442097,4.205462677552666,1765.9994737288828,0.2157352186980226,2.2764679021982146,0.24226634171662004,0.03749355622126467,2.7731392225767904,0.5101606168548622,415.0840467435942,3909.8440082693305,0
308.368157354525,7.911804122754196,429.8482339223421,8.72600754170994,56.229608136707355,12.718712212575124,167.41014393093923,8.652885679986404,122.33419751675353,-66.91595345368228,5.006576258363927,-0.6222345678658563,0.018406040779926924,0.1823457020306453,1.1029099566070033,2.567635531689555,715.1682037166534,0.008412573046970961,14.137965303263517,0.1211284104356013,0.5219103993721748,3.2733716968429736,0.71738844787306,139.52944676488278,3400.8750293053963,0
483.97055125703275,9.632951122836648,1055.8488865485506,6.642546233760033,125.33737400235218,13.095675061585398,79.99894281879224,61.49441622872862,-14.063946520493552,616.7218570483693,-1.3491903220598065,-0.7747044694675633,0.009123418365601222,0.2589772738791839,0.6895650303895635,13.19828549409937,1641.3775230072054,0.2059854190906364,0.22870282186569058,0.24634946371517213,0.27273688346552505,0.7279088490740204,0.45837103909734395,616.8836712601864,10170.940717223684,0
394.79283292199807,11.73037509808335,1005.0353773627604,6.730367142990831,116.67561806223642,5.661977532624086,239.07676003076327,32.12978760022302,-44.11708133545996,239.52339188819008,3.9108370536764854,0.14547962719397578,0.011671604166675372,0.29553631254822915,0.5737554926176675,4.203818795408793,660.6147280734117,0.3638791369943143,1.373089728584254,0.39936454707251723,1.173425091188757,1.000346461456032,0.39281486185883824,243.58379825769094,11789.441963308927,0
225.58901696330932,9.899683561534523,481.42879099921396,4.056124666619556,89.79569747267581,5.311641495947051,142.46676699370005,65.15287735680653,145.8247961699968,-42.85186621183141,4.360595450671992,-1.6037348882992015,0.02056313155054054,0.39804995243753616,0.40972265844736017,3.379235741487016,476.9625528533726,0.0,2.2381942607291845,0.10473535401486167,0.295152427215455,2.2899907377853768,0.46858231410526013,152.05317625272494,4765.992688304358,0
409.86700377742864,11.065015056287388,633.8705816877593,6.885008951734598,94.4222325901567,25.54432648433001,89.94428752481089,13.798372806354973,-76.84349220969378,15.710331965385421,-4.619664683224305,0.1909470236303692,0.017456268481218055,0.2303728568534175,0.6222322262293156,7.047368978412418,2411.952336662308,0.2486648449267823,5.5690256589025315,0.34189015551057156,0.18232465886535557,1.8487455763715792,0.6466099163114759,78.56893869226762,7013.7875301127015,0
392.24365939711504,9.423542414911523,933.5697308507249,5.567416956206417,95.39431285777465,19.628695541032585,173.32216889925996,31.749492659156317,-10.202625293508973,370.0989368017707,1.9217454060430628,1.30469218459349,0.0100940959239587,0.24320166960607414,0.5907987369374714,5.38632615077269,1872.4659234312687,0.47484136898000207,0.32134766382059377,0.22102291400930263,0.5756560809023633,1.0581444135991833,0.42015464558783305,370.24452688741593,8797.53395594934,0
381.97009093372225,11.63414621408492,629.3951207833743,9.13079252720382,187.58233183930088,18.920810409269514,98.50877969486632,63.2460317289862,-61.6731913998199,310.42460225482904,-6.76027687314204,1.8805469500637209,0.018484646337271447,0.4910916752166581,0.7848270392329773,6.389228683300546,3549.209736860092,0.0,0.9751313989800018,0.15702210744613068,0.1044656391375789,0.9854151057844286,0.6068844169911972,316.56392334868036,7322.474861625415,0
459.18535035831536,4.550619322529966,1067.5382017209251,6.902255010991801,185.151579733858,26.94977202481761,214.3764761195315,48.85140618077581,36.52748701967795,-719.4624678025863,0.6546101962778774,-0.12122064082104522,0.004262722697130781,0.40321752335822336,1.5167726680232214,4.979735748271605,4989.792863862313,0.06854631391419297,0.7477264192663584,0.5041358446120712,0.9488770556321046,0.23022880513674993,0.43013481823702937,720.3894282949115,4857.959968290134,1
544.3070779818418,6.738152594304182,927.2032527762577,6.116984706072422,64.67054115034104,18.21656046407776,76.40833815530337,79.67013320865897,17.417372833751585,585.9237902845529,-1.937676285872958,1.545508061213992,0.007267179633083274,0.11881260370547389,0.9078133242697949,12.134843855544608,1178.0748231098164,0.22094136952374077,0.21861859811549272,0.42012931305738005,0.30537874404269666,1.123723337367643,0.5870418124095902,586.1858131064206,6247.637003141617,0
275.1434192770724,4.32345545114403,691.489261180489,9.213297670511974,93.86732921557957,21.976855252989843,203.7439230463624,32.88856878116697,11.90993327629782,-55.09040938820755,0.27438788757404353,-0.1618797388362223,0.006252382638254079,0.3411578203913144,2.1310032622341564,3.393913550114273,2062.908707155537,0.8929515070372571,0.3621298742290612,0.09430111015610632,0.8522174822396582,0.6660871988692252,0.39789977187405057,56.36377387931915,2989.6230156583433,0
202.68631366535405,6.305594409604514,1001.0590206330418,8.654635125910334,139.15433619433983,12.531404736156594,118.96889234469396,87.17493690957278,-155.26765775413003,7.650693030011553,-3.8913561180943397,-0.28186250229342846,0.006298923719419693,0.6865502345860959,1.3725327960719806,8.414460292129377,1743.799307642477,0.0,1.781104331801127,0.12150162416841774,0.08153538495176323,0.4526573796897537,0.20247189175437516,155.50473079855465,6312.272164187878,1
425.19289682655085,9.59984817457809,999.7834805769984,7.896559548662363,159.38136891668952,10.21613331389996,154.6911639341415,55.00282714143241,21.11372528989257,-307.65308971015315,-1.6304876880515682,-0.2344666712986374,0.009601927178310442,0.37484485302139475,0.8225712954058687,6.463093658036266,1628.2613126047713,0.5451991172166878,0.3838661826527835,0.5152886669493876,0.40628330849219557,0.6024497871723941,0.42528497928487685,308.3810491809143,9597.769620990428,0
487.2703168511747,8.53687492391034,797.2470536348928,8.764587079126104,149.0196347464387,11.951850993000575,242.2239342351973,65.11771150660397,-48.48470148930919,-150.2323124144366,-3.13120126529586,-0.5233234800428246,0.010707941641161444,0.3058253901231444,1.026673947696947,3.29136365550389,1781.0604695208062,0.4705794466264639,0.7445701080019078,0.34381089671640375,1.2020357657745209,0.7185591119842242,0.6111911165172207,157.89337666051762,6805.998380337118,0
261.4113176178522,10.700938342843898,787.5074073611609,3.8166957738927296,42.63860143642398,16.836885049858164,91.23195792564431,64.93570540993386,-61.50978789531091,-11.914192089528456,-3.4873106602923967,-0.002673378425362749,0.013588365319256371,0.16310924035337987,0.356669261293809,8.631924878812681,717.9012310717878,0.41859322737837323,0.947241390649483,0.47561942682751973,0.17061856431232447,3.1868693769229783,0.33194775715673447,62.75000649971048,8427.068210704636,0
245.77812758845204,10.815720284812727,1090.9456315374962,7.095791104995618,95.0459469214646,17.980652607207404,115.56886391324713,72.92413311739486,-89.40338414924278,-58.516762420395025,-3.246468959597257,1.931000407510484,0.009914078183318695,0.386714423508898,0.6560627418369372,9.439788491443725,1708.9881533179291,0.3055533385607052,1.225978017528426,0.2560735833751385,0.050626035574973895,1.043082688366563,0.22528907076888052,106.90049645444898,11799.362796647929,0
322.70963343088204,10.095585428513402,512.3601267112181,5.495837453756307,111.31722613755726,13.057992953585547,133.53325196859487,74.70890330661433,49.32121398735323,-35.018390843662246,2.387694971873839,-0.3403678360207696,0.019704080981702905,0.3449454698767125,0.54438026330144,3.8369478699711284,1453.5795545169115,0.5687016073998681,0.6601785303276777,0.17882877144240422,0.21393865425995334,1.770083720677168,0.62984923417503,60.535699663458814,5172.575429377053,0
521.5530961235494,6.624569140487529,1044.7924659084306,4.064202881779702,47.10356750569442,29.941886184245558,225.19685341459092,80.04203779462733,-1.8003624168835302,-190.61144710992482,-1.0862468716743496,-1.2702959592635086,0.0063405598304420874,0.0903140406140666,0.6135044854374635,4.639462985679251,1410.3696571274297,0.7255315391172935,0.022492710911520247,0.27585090339362034,1.0472441219508266,1.346089089680005,0.4991930102310483,190.62304426914918,6921.2999278708585,0
331.0048313252597,8.920195055226987,1112.206346917033,7.416618975917063,151.12524660582102,14.137582455533932,90.35030884831474,32.24964530824202,4.228405217091037,-589.2753161168996,1.7742021930954497,1.2821271682951414,0.008020269871641368,0.4565650779197201,0.8314413451722819,12.309934089813336,2136.5456350026943,0.23028991083542016,0.13111478209065405,0.10534064930208974,0.17863355592441146,0.5307035092925662,0.29761098940208763,589.2931574257195,9921.097556161389,0
439.54334804014104,7.325467273171433,871.216656728174,3.90177774696615,171.54036382465708,10.416138389108399,212.86374120040995,50.422167677406904,-4.114214386348493,-296.7077628147201,-6.230193548971466,0.731756362101522,0.008408318661723008,0.39026950263160676,0.5326319266015836,4.092837285556908,1786.7881689156322,0.1370365537765792,0.08159534934456983,0.1891132104578652,0.9351249200037268,0.49016560733879017,0.5045166947230232,296.8016822495969,6382.069106704069,1
281.2598300669588,6.54124176644166,466.3489782945384,4.530445189276479,106.72846134338366,26.98667138974691,70.88524187723431,23.077350074602606,16.528119659362602,-42.17095701315748,-1.4331314867250091,0.15545534763859248,0.014026495330521166,0.3794657108268006,0.6925971170365371,6.578929068228408,2880.2459142072007,0.7865956131664027,0.7162052664596161,0.2640469599993956,0.35558871020696087,1.3142225751192,0.6031102096450175,45.31690877297377,3050.5014145576297,0
516.2694366578438,11.026517847150863,657.6272652248417,7.214852708744296,84.50596542276288,6.333366042685688,200.19286445847752,19.53529607507278,23.793868964294433,385.7888330726132,-0.6699492730766883,-0.5749276932739003,0.016767123916890694,0.16368577998695086,0.6543183268513494,3.2849685577142127,535.2072118128973,0.48845355627558906,1.2179937725466896,0.10972810800673147,0.8199351314407047,1.98413494633294,0.7850487106572932,386.5224712171947,7251.338776774732,0
369.4341393179145,6.395291958532195,437.90738705407887,3.661056188550379,108.8042511432834,27.083631767574197,106.37192797070617,53.79471799145481,-56.32202018547787,-418.3023592424391,1.2890707411569915,1.7825992187438198,0.014604211181626895,0.29451596255876206,0.5724611499035676,4.116757074993267,2946.8142727113514,0.3494015417887407,1.0469804896909118,0.405671499867597,0.0329824729935803,1.3422463762371502,0.8436353216217649,422.0790155989038,2800.5455910087962,0
492.10630491201863,10.414414533247125,1147.7465822939282,6.588847960420901,142.12592382600695,17.873493039319317,221.69702756649386,41.66556624407812,88.51393521362436,16.132800410723462,-0.12334936452593581,0.18498520466614554,0.009073792676805446,0.28881142632671,0.6326661896726474,5.177095042240398,2540.2867102109626,0.4462057917175144,2.124390550583355,0.6360197808691825,1.0154275233317624,0.6384333295812903,0.4287586759164876,89.97221343925945,11953.108687126603,0
489.89448738051686,10.366360038442501,752.9724036891048,4.872759180188877,70.23366147514989,26.412400022539792,157.04373248221782,12.66164347325267,-28.44260988536101,-615.1898115203489,0.5444822749459206,-0.7962709975125541,0.013767250947914783,0.1433648740378602,0.4700549818951675,4.7946670127339495,1855.039561929301,0.20780401621602318,2.2463600357603766,0.13741975744066398,0.42767029529288925,1.960206923397539,0.6506141327096892,615.8472072815473,7805.58303565273,0
571.1391607311256,5.320628816702499,1190.5411396457202,5.624976458749461,54.142437666799594,11.217259519696626,71.09873211537756,72.15253037893285,60.75906298209634,-134.17213417062112,-1.512661377482746,-1.1829134978329288,0.0044690843848418415,0.09479727777288267,1.057201442260275,16.744899722174154,607.3297743374889,0.5438352830070283,0.842091921974185,0.22831966816197566,0.353647889860204,0.8254309516585185,0.4797307222000614,147.29600628260235,6334.427495068852,0
584.7332028769471,4.6797980250059075,1068.8926276734837,9.564370173220263,76.19022236832993,18.12027969023009,236.2930628379678,86.61921038445227,-75.19311744775678,19.019609894409314,-5.916455356484787,-0.08601004296217862,0.004378174106403747,0.1302991210238554,2.0437570429566114,4.523588694630662,1380.5881389749632,0.12343327033006712,0.8680882348617389,0.33077068571556967,1.1481187530724346,0.5746372658210837,0.5470457815296733,77.78659856320326,5002.201607929744,1
206.23228001701,5.653038608419095,649.9102497616298,4.6583445671230255,43.223115439456365,8.93619021662979,186.55891517783874,58.514760400170644,100.099323374583,499.8710318776143,-1.176384645431618,-0.9489983751575677,0.008698183496094242,0.20958462679019663,0.8240425883851797,3.4836729680921317,386.24998132233,0.10364739050442506,1.7106679184879834,0.2832839462024958,0.6959901379803523,2.0123916121404974,0.31732424606728493,509.796338679746,3673.9677339097902,0
451.1008383163521,8.306758394664106,424.8673440064243,8.199070991497488,127.19727033255958,11.76852626659717,122.28998738215392,84.52657684992802,34.916937196897024,203.9564401703767,3.6054867068126732,0.85175795809009,0.019551416487633144,0.28197081346002184,0.9870361700617425,3.4742610830330842,1496.9244169481885,0.438092831847835,0.41308826759765743,0.020790841862460344,0.11172715801958114,1.5370940301246723,1.0617451415836072,206.9551195901602,3529.2703764440075,0
461.05121965652216,8.865031330046424,1167.2814704556279,6.804237057520041,157.17105848245623,22.63623328086444,104.89083968288277,29.080996330880176,80.75490409415751,-125.49900778426536,-0.02425951204328669,1.5069584739839774,0.007594596123063715,0.3408971753714194,0.7675367186191782,11.128535856750487,3557.760744809267,0.4714557883093303,2.776896058695433,0.31994662300533894,0.046446911973793,0.48320576296885087,0.39497861597730916,149.2359074707411,10347.9868065718,1
337.4840307988278,11.594022512846628,659.2993716811354,7.1647383371152245,81.18201211113835,20.502815723683508,148.7380465253146,36.503402227978796,-22.151609839079,-267.4611774018564,-3.2745345967534103,-0.07583529966920466,0.017585368666867135,0.24055067707642278,0.6179682960919228,4.432620886740808,1664.4598343925122,0.4536647733360797,0.6068368559383333,0.1528364025173407,0.3521640593210417,2.166165657829807,0.5118828339518714,268.3969035076139,7643.931757976721,0
594.7568810152031,10.795132413667512,1143.1440137010873,5.156020756633988,62.79329156548316,21.582881984317503,158.0132932173628,49.469276663272254,110.86501875236613,36.03170347638252,2.055715624107579,-2.188199653346228,0.009443370462761532,0.10557808336458413,0.47762459588786965,7.234480026491066,1355.2602012646626,0.259609203167982,2.2410883326029354,0.5152372985724202,0.4364844837942071,1.5038820592664166,0.5202816739507695,116.5914319540662,12340.390995794585,0
552.4932862686836,8.376129825650668,1055.9080974557605,6.823488697182517,115.92481427006254,26.635796390552507,133.41104789028617,38.65257771845969,54.084956373626014,184.81421073442573,-1.134376407096033,0.2700796993091048,0.007932631491162141,0.20982121801510364,0.8146350210913141,7.9146975768012275,3087.7497495100015,0.5667096212779625,1.3992587187217822,0.15876498939259984,0.21282770809351065,0.6842910675433133,0.5232399368845938,192.56884951922711,8844.423308245248,0
255.5405547003319,11.279497383339692,825.1425377376561,7.309710995443382,121.62660692764274,5.900622670906662,154.44722574325363,27.401721327544195,-1.6774334171429786,-245.42766894211627,1.524913810331503,-0.23573892978294886,0.013669756275401073,0.4759581392874106,0.6480529004989303,5.342553314031922,717.672714222702,0.6386684639085721,0.06121635196168583,0.007718597208172652,0.40406568857503294,1.123911668729967,0.30969262038164114,245.43813849391645,9307.193095294164,0
318.1310304306932,7.403381038669886,1167.221107209954,9.63839992452553,154.38670228238686,6.723473793313868,172.73462382816552,89.07162447859191,111.36987642518405,15.100411232951615,-4.137354492359859,1.7448288807852608,0.006342740885115096,0.4852928118120843,1.3018916457469267,6.757308299528255,1038.0149468317784,0.13263484590189178,1.2503406901706553,0.29629793284737077,0.570314762074232,0.41083466330627777,0.27255421313544614,112.46505900305422,8641.382613053443,1
581.5399559800583,5.159860265577141,817.5097230805065,4.780368864573418,52.21788855561748,10.057715471052454,70.40708040418286,16.84877756528405,-31.49292039521525,-92.54440056654425,0.6977969636335306,0.13245836350470874,0.006311680607459893,0.08979243475646598,0.9264531631727675,11.61118623847863,525.1926655915267,0.7555977541522645,1.86915165050933,0.1440433953080577,0.3599356326892467,1.2087199965462596,0.7113553998950903,97.75866729780442,4218.2359368460775,0
369.23455452013104,4.64544302731732,658.8587497994668,5.045143439911352,42.26025198557673,7.380840257209385,146.10646765932256,33.87130942336525,37.204359953260564,494.69101392743755,7.395441545644198,1.8987265022279827,0.007050741951489949,0.11445367576850844,1.0860413980418253,4.509442739631021,311.9161691349576,0.0,1.098403356310639,0.2335703065565748,0.32824061508475055,1.668409822519833,0.5604153464342895,496.14318116421094,3060.6907852429395,0
571.9073000540293,4.3440260059204086,852.1184901567098,7.063714971916224,80.09741990448957,16.319293627820443,76.67017878570074,66.30796240353027,-60.290378514416446,342.46732791426666,-1.852116593680602,0.04975179396465279,0.005097913090844345,0.14005315179037336,1.6260756639783445,11.114079863286204,1307.1333142521949,0.38449655642984715,0.9092479444249452,0.1319892897585326,0.3029983746754478,0.6364640829783581,0.671159359479281,347.7387392368386,3701.624881366381,0
418.4557973603854,4.992158522479164,714.1803311299436,5.53661517211412,175.49340400178107,14.47106392432772,216.0954942013896,42.603115481580375,-6.6729548426851295,-112.86815741020519,-2.4628915218965037,0.40086002622861994,0.0069900532188849245,0.41938337360550754,1.1090623719546013,3.3049293034512104,2539.576267607644,0.6587917250742763,0.15663067752803683,0.3282891926545932,0.9645044927399056,0.39830860075025853,0.58592456151561,113.09206478863139,3565.3014266373393,0
531.2777868150465,10.797257619568558,634.4301395462548,9.697231616247295,103.21845811302113,25.001951729788196,243.69577683562434,64.81093857272695,113.29814984575788,323.1681132389281,1.4435367842090647,-0.6723043116462053,0.0170188283099078,0.194283406298247,0.898119870611625,2.6033694460539847,2580.662907364919,0.16503426076102312,1.7481331445095718,0.32677748697673525,1.2154161530511305,1.648816366862668,0.8374094383268377,342.4561051745578,6850.1056582997435,0
362.63925748078515,9.193672212655363,859.187366521991,4.515568058444176,112.11095101878186,14.23677615453132,112.09845643574597,66.98805572813308,-7.695365597832364,-392.3448650565582,-0.04952727236365728,-0.9094655610809248,0.010700427602737627,0.3091528253107627,0.49116043665646053,7.664578031138823,1596.0985141260223,0.5071773123509673,0.11487668233070585,0.2125487352672473,0.019076876688599757,0.9544498111469052,0.42207238096243976,392.420328526548,7899.087017057767,0
436.4310467815342,8.974369550400155,949.4031668331661,9.383752915387507,87.2064224794461,21.468974730169393,166.34734069776152,30.996165435068203,122.02801515988656,6.65691956227306,0.9465644129998205,-1.1040141471576428,0.009452643369976432,0.1998171833157858,1.0456169497688113,5.707354039149613,1872.2324805197045,0.2281565608130781,3.936874560032753,0.25652915853777863,0.512248551797832,1.0839389005098043,0.4596898999581977,122.2131214154521,8520.294871481045,0
546.0733819151502,6.5438760369321,786.8399859445946,9.68179155212378,167.71389471547786,27.175975508263818,133.1969415691848,89.7029470689375,-2.922396469101315,356.98802993165214,-4.4789205422620775,-0.45325987857231187,0.00831665415310107,0.30712702773990463,1.4795194006552113,5.907342741318849,4557.788695183363,0.28382389584779866,0.03257860042051269,0.15790889022561083,0.21088128699258898,0.49588343095901805,0.6940081740502726,357.02808663301084,5148.983328922823,1
483.7096044568993,10.365668977000038,712.3879918148168,6.9383260399342275,45.357371039536076,14.57494855423359,150.13904852960235,26.692756465921942,-35.494250189318066,-485.1582099567401,0.6049329118333908,0.8641122077459773,0.014550594754683292,0.09376983756703063,0.6693563199181256,4.744854844836438,661.0813494565228,0.3498389960469789,1.3297334141804649,0.27107549563900774,0.3649004411782032,3.207989004036447,0.678997414350912,486.45523579128843,7384.378106342203,0
312.0920435188551,10.880051984500831,717.0878671699362,7.651911112494843,79.82075650366063,5.485153762350437,136.78936176652246,50.601351612454664,-64.46353217344156,-103.95728089630995,1.6083858239971685,-0.9597838354213684,0.01517255064911378,0.2557603058497652,0.7032972933764808,5.242278039091157,437.82912284971223,0.5313502768147802,1.2739488199278646,0.5777212322747063,0.24353965242293146,1.9008277187172429,0.43522148094704166,122.33253915696126,7801.953272263732,0
479.769484128925,7.874524709483856,1135.038394385874,8.744423906737959,56.66155001715603,8.347891091338962,73.22609034173506,46.92581435329248,-21.610572776964716,274.6067398322432,0.911919042165982,-2.1461676967939445,0.006937672547847565,0.11810161315289028,1.1104700574761575,15.500464234657645,473.00444860967383,0.6139133712217743,0.4605263238324268,0.29433028139675144,0.33430826962059035,1.224405711765204,0.42269009268934027,275.4572743882094,8937.887882804447,0
445.77099793526634,9.969450404921005,1000.8649283862969,4.7353957629528525,49.859839740417925,16.22015959430544,98.47221559646376,64.43801876618474,-66.6845652497177,70.0567300901111,-0.6270281114183902,-0.17297608651288865,0.00996083499598176,0.11185079328031662,0.47499065350838404,10.163932255650792,808.7345579360714,0.5669685905235837,1.0348636802705655,0.12314954423064235,0.10479804003214768,1.9977671504441679,0.4453857711389555,96.722126929235,9978.073265572,0
287.3645332478184,10.982002067503116,882.5637280406796,4.646974744687847,129.06550410999182,11.39451633562483,245.47816422803695,7.784364572414097,-79.56097489648175,-45.65934166883028,-5.131453600608837,-1.3292842863340102,0.01244329640861575,0.44913511995124283,0.4231445884023941,3.5952840482415453,1470.6389949469556,0.18639339378257225,10.220612634000544,0.5972765581849112,1.2316196748003359,0.964107062876488,0.32560202070141386,91.8752198591371,9692.316686046,0
305.3369434942506,10.835917890924195,416.62945958067326,4.772515414363211,168.03199088584051,13.506455297316807,88.46823821153814,20.874154235469284,-6.405126110647643,-48.5723162678546,-1.1721096898704726,-0.16251744592265815,0.02600852542167869,0.5503166074923538,0.44043480786805433,4.709367655592535,2269.51657341875,0.8364298594121262,0.30684482055632595,0.22907075509007158,0.19574328898601695,1.547831772067062,0.7328741078500889,49.00683002646551,4514.562614956296,0
369.16645721714985,10.524022047403655,1034.463546156017,8.420086183626633,199.72095219444734,16.962811523534597,213.31536578578402,78.31066119359566,-107.68837418657978,430.3506086736163,-2.1864258919858344,-0.9396469692131113,0.010173410253565794,0.5410051435874851,0.800082529825555,4.849456307778821,3387.828869375274,0.09607982534845316,1.3751432122423026,0.1671577584924521,0.939230598052582,0.5093812212381709,0.356867536404683,443.6250813230492,10886.71716698129,1
286.55572347318986,11.954229391326727,883.7989706364726,4.048241813849023,50.444357516585576,6.873042406486719,172.07962198528085,73.81423219782775,-91.24047423921394,711.407018466537,-1.592723641625268,0.7356921256146087,0.013525959848898471,0.1760368172206658,0.33864515071010637,5.135988564131493,346.70620837946973,0.0,1.2360824128696826,0.5785394671357449,0.5643601998661896,2.6813622999264632,0.3242317913844425,717.235879492544,10565.135630806828,0
575.993037481997,9.019568720859063,816.2841487723744,8.687256758268122,81.37437936785523,25.493463507058994,60.58160992417766,57.672575781536004,-73.53124115962812,-470.58851160993026,-3.5503724604774423,-0.015100137760282628,0.011049545350627925,0.14127667189101853,0.9631565573836783,13.474124404980554,2074.5147708239915,0.13156383456174814,1.2749775809938648,0.2849323027928061,0.44925809159838487,1.3578653915967995,0.7056281055417335,476.31186824425544,7362.5309756003735,0
568.1449445179219,4.814147673438447,1151.77619841824,3.9395300495904175,115.84899454845045,26.006275515695293,73.35911632724653,6.549641204063609,0.021240077325757056,-447.791342943761,5.460251738015279,1.5962632783687738,0.004179759644321374,0.20390746352015818,0.8183234742312454,15.700518982266631,3012.8008704432846,0.11730120111061537,0.003242937538712659,0.24190560533316252,0.33309894247957705,0.3607937781948821,0.4932772055006589,447.8246326583212,5544.82070593695,1
462.3812440498744,4.4156200300644475,1113.9851353117444,7.995101956198221,192.35211606542592,12.84716640783089,152.37007874830795,68.04368102883512,-33.700428411712565,-93.85286716737323,-4.665041780909846,-2.022068689958222,0.0039638051622912845,0.4160032841744723,1.8106408390582307,7.311049153895086,2471.1796439909285,0.368994501893251,0.49527638572979626,0.45674259491724295,0.3851825340755268,0.2060702654782883,0.41506949185680003,99.82906473310868,4918.935076676593,1
436.2149634342893,5.3575754579349235,978.8759388822568,4.769070549692858,183.40561612418392,5.655233913720221,159.17950353868983,32.20890510035649,-30.612421607597966,-375.95459258203687,2.923350324792814,-0.6658324399218332,0.005473191489467548,0.420447787210793,0.8901546207117902,6.149509937655593,1037.2016602722372,0.3747130211164773,0.9504334752210856,0.15978417709318918,0.4470863958062712,0.2984200595995736,0.44562844596260837,377.2101828123521,5244.401706518585,1
502.6063470581364,5.256090593214335,1022.642075800849,8.687051056749809,159.45615424881947,5.485569701468511,111.89531039526798,44.808708137304166,11.423435848227086,126.65830822866315,-2.569585814280485,-0.8464708421679967,0.0051397167372545256,0.3172585367895786,1.652759004566032,9.139275562026558,874.7078484600135,0.6348536000422954,0.2549378529999807,0.16061845663344887,0.01723009450243622,0.3223279001972153,0.4914782590619856,127.1983675256194,5375.099394842024,1
200.89408189895886,8.085285053919176,643.9644109993559,4.672024398968651,138.17503003457773,10.710911792935677,172.5193584401401,37.2376057998332,-18.281675497627063,578.3609930975134,-1.662180589063297,-0.341700095036126,0.012555484302885276,0.6878004007309377,0.5778428797267925,3.732708125174227,1479.9805586866,0.23915612956079368,0.490946587594763,0.1163646897367766,0.5683578040012737,0.9086652125020936,0.31196457205949507,578.6522451698024,5206.635827508957,0
320.7141734982446,4.326959918173395,651.7502906313538,9.206439547822045,185.91802361143695,7.74088364421376,147.03112290750198,37.414656634949324,-53.53506098683769,-2.0996693514530307,-1.0857092416215464,-0.6986153244719784,0.006638984255736728,0.579700053737895,2.1276923572031836,4.432736945370221,1439.16978813832,0.638920621918591,1.4308580059727227,0.16905754455313454,0.33664657188638164,0.3570920197394097,0.49208136629684834,53.58721984584762,2820.0973842197286,1
368.3646797882462,7.318033793295799,661.7366867807245,9.800800276540812,67.98671244331501,8.78269553688028,91.45098529355573,60.97483604231494,-80.70831805185941,-61.11111663785482,-3.864307634572011,1.2255728899437308,0.011058830407147622,0.1845636027927462,1.3392668786962323,7.235971101421857,597.1065959430657,0.2974275853694831,1.3236332115079399,0.023562467403007423,0.16862740642222063,1.6266164386707322,0.5566635296892778,101.30811444785755,4842.611436124939,0
454.36770607570145,10.32330614676458,593.1912484974353,9.118927482537106,84.8321448495996,24.39577008788097,81.29885416102019,29.512869790204427,31.57382927174774,266.2743789533813,2.524532359674069,-0.19280920382640865,0.017402998059923694,0.18670372853361603,0.8833340165345249,7.29642815534107,2069.5455018126477,0.5006921218303453,1.0698325678320637,0.16657657573492143,0.2609195076270892,2.0514626962194313,0.7659716950083527,268.15168253345985,6123.694861820529,0
447.2295352976355,7.683164696744187,504.5162048205618,6.083581543989213,105.86491122075778,9.69289806124397,203.69835174948116,32.31905781211053,93.56910885174072,330.3688740496191,-3.680534630176414,-0.09721995642802828,0.015228776842711745,0.236712700895981,0.791806733827688,2.476780987609768,1026.137792725448,0.1490020583687368,2.8951682130002783,0.19027368468111783,0.851803197722556,1.4385103304867,0.8864522705602664,343.3836300805353,3876.2810938127004,0
540.2247774346965,9.866758786906807,846.3093427997952,8.207246061369649,149.02232564861782,10.85916581237652,164.64418951860682,70.50179327426672,-8.808612162194578,-277.1521802828722,0.9220604890560642,0.02548051435810006,0.01165857244853896,0.2758524448957396,0.8318077130111529,5.140232068160242,1618.2581439643113,0.630762869012482,0.1249416752837369,0.17112045780963436,0.49676535926006204,0.7823373040110042,0.6383301590970304,277.29365820248967,8350.330144511205,0
342.20760745409854,6.199016613000151,1184.0101159559672,5.139630105890944,156.11334331803891,12.093952395148346,73.39300601781463,63.07851223402501,-98.80795367432714,-668.8441195025032,6.785817669167047,0.31841461522483794,0.0052356111906992275,0.4561948358759936,0.8291041025946705,16.132465206133855,1888.0273423358128,0.0,1.5664280937341037,0.26545585209291184,0.33279085438350337,0.3353724338625609,0.2890242260960759,676.1372014789794,7339.698378771276,1
464.23347020182064,10.040211020004627,429.7285294554857,7.09945361272397,132.14036136574126,12.586072434794854,226.50548718552827,18.83372614048779,-77.0370992467064,199.80410460618253,0.8783194394941685,-2.0743720224992064,0.023364078323416648,0.2846420386455432,0.7071020318774832,1.8972102389003036,1663.128159709187,0.4465957666631638,4.090380133599583,0.5732070504367339,1.0591407925957115,1.7681258081888387,1.0802947404726806,214.14286428191582,4314.56511704935,1
402.3033113285318,11.30189520944901,915.0067057595701,9.243084140633732,77.67232272222094,17.418444517951606,198.66559500212276,22.231349137828076,57.70071696909005,724.7452706386282,-0.04710290209541945,-0.05384893803894997,0.012351707521167314,0.19306906141468871,0.8178348824988222,4.605763296608017,1352.9310439174374,0.024910090190723322,2.5954662765341827,0.3019303455556169,0.8060508636556615,1.5902327995701444,0.43967252785821903,727.0385700019558,10341.309904437805,0
287.1193340881259,4.851045194487741,1178.6047920781207,9.11690139933346,88.58322152610134,21.87926790952623,148.73348790850793,32.465897522365026,40.691617703229895,61.46968266200281,-4.8094839148093085,-0.3235787011833553,0.0041159218315533555,0.30852405605995303,1.8793684729412596,7.924273199342497,1938.1360360584822,0.3427269035328293,1.2533649400943976,0.1445755272782069,0.35212261735007205,0.4646389870050714,0.24360950847813537,73.87462875304317,5717.46511281079,1
278.05726765439454,6.120170446444957,618.3469813998393,6.406793272002979,92.15417644469305,11.781851817699783,183.2173366969762,9.507751592110179,-16.97376023146385,-252.60776393365836,1.686964978508957,-1.421699693922176,0.00989763131468656,0.3314215708946481,1.04683249070694,3.3749370695335754,1085.7468512535334,0.6057604150935771,1.7852549119551242,0.44585399974932033,0.6656121517906927,1.0740295987156578,0.449678378028008,253.1830104623863,3784.388921211746,0
385.4818329074206,10.755308373273948,1042.1167531144729,4.320569337680834,59.91181573573634,15.418306347351116,225.3181240266167,79.9772249231177,159.0203708576907,355.7027676469818,1.4089361499216881,0.09265655034758158,0.010320636666794392,0.1554205947498571,0.4017150589951555,4.625090669543158,923.7387288396341,0.0,1.9883206876777402,0.1960523880174723,1.0483465820601516,1.7226379371170208,0.3699027309131809,389.63306117488895,11208.28704070115,0
263.0070543554744,6.451843018548639,427.9326334581972,5.3280987846825685,145.61882142112492,8.557074463914809,81.15934482945171,16.252749756619785,56.98071357733865,205.80935138746895,2.365144036624349,-0.33704065625267443,0.015076772636875544,0.5536688807757597,0.8258258561723562,5.272746279032378,1246.071098248079,0.4704562765147252,3.5059121952044,0.4695951719778871,0.2621877742777117,1.035358787396995,0.614599200416358,213.5647085654073,2760.954173586403,1
297.82513731434926,9.816125930146969,1083.6214944337569,6.099683001938691,146.97367133135748,15.005300529414955,150.9137532468821,49.61738229616766,-45.45114014517927,-112.26739796868014,3.045783846534646,0.4652870556927162,0.009058629771160414,0.49348981303827727,0.6213941269035212,7.180402522101773,2205.384108238478,0.5046826860530622,0.9160326087716605,0.212010399782252,0.3719432113352918,0.6163437089856321,0.2748424046996012,121.15713592848977,10636.96504997581,0
560.4725676994451,8.535433496236376,555.0340902179302,5.740980260778703,134.45907314945057,17.66527849399634,88.23776889261171,42.97768929869836,7.914881305069741,565.7042688982401,-1.4557329007208892,1.1113433800775496,0.015378214864036548,0.23990304057406536,0.6726055874385451,6.290209931457186,2375.2569732296697,0.26815832026752273,0.18416256048715618,0.3575640607711664,0.1978384646126208,1.143709718045114,1.0097984566666518,565.7615083708363,4737.456565199203,0
563.7205262561082,9.967554847486518,945.4397709585579,3.8219771234346926,60.992793714524126,20.95849909524157,99.79223893998943,24.179228778580523,-78.05067045797243,525.4775096014972,-2.095321055381558,-0.433384530558234,0.010542770839204978,0.10819686506645675,0.38344179509566145,9.474081161032,1278.3174118821096,0.14092346517310395,3.228004961312687,0.25224524001516263,0.0927978278182779,1.7285272893959016,0.5962521818651292,531.2465629312399,9423.722772024517,0
417.9566615458749,7.320964884896608,1191.5519253597959,3.923901854346986,189.13815173938752,17.541546051637077,155.71370417575625,83.36696840727278,-13.972474684347986,-403.8214969198623,2.973864449702843,1.8186295567397979,0.006144058625633122,0.45253053519910874,0.5359815155570716,7.652196906284334,3317.7755988579875,0.36706135486084024,0.1676020485246415,0.23990642939043794,0.41557912887051135,0.32484501773597685,0.3507666368963908,404.0740962907277,8723.30980409001,0
372.24396099233365,4.655359073482622,620.532347029733,7.7606938956332945,89.37845481750705,29.94121485303776,234.0973864438464,54.75134188976951,-33.5911224070772,-210.26541190810963,-5.10422992165111,-0.805838487268753,0.007502202094324598,0.24010719899723987,1.6670451780699285,2.650744446386982,2676.0995189235064,0.2787248033107298,0.6135214452771947,0.47977255127860036,1.1281580585804218,0.8393747810523907,0.5998784153221547,212.9928639944243,2888.800892134335,1
391.6853058567796,10.741193925364279,1006.4014121066772,6.339538048995533,73.39630134991368,6.151622502554778,147.8997607017189,74.2559046240463,43.33292688408122,-140.2002731248798,1.3170281283889276,-0.21674593954540544,0.010672872470319752,0.1873858943709039,0.5902079501632806,6.804618258553956,451.5063389884206,0.6378335342551036,0.5835620359548985,0.09868403112734456,0.34454327910653537,1.4541430935923179,0.3891939152160704,146.7501063022545,10809.952734198272,0
416.2287407554648,8.419078314496428,971.6416786160657,5.285212927013932,146.38458864663636,22.60080682798032,138.143342997957,39.18437342743737,-14.316330049898085,-532.0402376683585,-2.1706824649931145,-1.1000103501522567,0.008664797424589626,0.351692649529547,0.6277662149683968,7.033575831666643,3308.4098105959897,0.27617620109746144,0.36535814656854043,0.12769162295186162,0.25584857270870004,0.5919200582997114,0.42837678736497814,532.2372437801256,8180.327385897426,1
262.4033391310039,11.03143226358177,739.9853617770247,5.287055997807482,108.6520185578911,14.871022317515807,117.27771691772323,16.721464505017053,84.34840290163967,-486.87510921711305,-5.835139928767826,-0.5231050153715238,0.014907635790376359,0.41406492355513425,0.4792719450638987,6.309684236914035,1615.7665928175402,0.0,5.0443191071172055,0.23944409268691985,0.06616106288839296,1.3720532750556669,0.3546061215330802,494.1619915627075,8163.098394485298,0
402.1590618237545,11.089746507115231,617.151534051501,8.538743579081677,145.9540685213923,7.881769195143624,115.74128283047935,25.21844309728268,-54.80628783086179,403.9275881588301,-0.5078826253298905,-1.6771564752433,0.017969244010968943,0.36292622093234445,0.7699674265415517,5.332164280185256,1150.3762811777915,0.38656936296259947,2.173262148636259,0.34317010657330965,0.052193480277084994,1.2311574588505025,0.6516374660590157,407.6291005391664,6844.054069108441,0
438.7349338201785,8.821315284372051,672.2405149332227,9.089025369625972,175.27326379446853,7.726357662060783,192.05729368388447,38.47595427572689,15.353594620954624,-105.45069750153903,-1.527614221727669,-0.18041609506763212,0.013122260691544782,0.3994969405976381,1.0303480917101102,3.5002082037024476,1354.223924672793,0.748911048498176,0.39904389403645435,0.00835284815918476,0.7459753971262224,0.7486744074631027,0.6526457779233381,106.57352427576053,5930.045529154576,0
551.3531508747582,9.68133552398957,857.7306425179668,9.216325198698843,59.47044597985432,22.062232150051706,101.17533935851407,15.249082486358894,49.83800554697156,222.3600716618247,-1.7430517307569193,-1.7722532541562774,0.01128715128512711,0.1078627117401987,0.9519683700519965,8.47766509068583,1312.0507852746553,0.5290933532785899,3.268262571964856,0.26968804827188086,0.08022418764987213,1.8979429360510673,0.6428045397284603,227.88344936762712,8303.97813942359,0
389.7528531645472,6.730826577525684,572.8896440657369,6.652241626583498,154.6664592743246,12.167300636426884,203.9661389544043,58.53196085161807,-57.46493031767665,-405.5811571816215,-5.157107179719922,1.1796296541988216,0.011748906001787227,0.39683214123650556,0.9883246210495779,2.808748780569915,1881.8733083623824,0.10469185201550169,0.9817701215128192,0.20970426720233343,0.8542376268582209,0.7596285618040007,0.6803279780002875,409.66436143709365,3856.020842266891,0
520.2687279837683,8.761447785512818,1026.470651938394,7.761361879809367,150.5811223260046,10.6952787771596,200.94597357885436,25.222340366468117,-107.36145799961909,-29.16215765062907,6.3676781991526745,-0.8170948506244518,0.00853550734155686,0.289429508687869,0.8858538074772176,5.108192185476116,1610.5070818541906,0.0,4.256601744315169,0.23886630540091314,0.8267815779895852,0.5668378087312755,0.5068520244600168,111.4336638017977,8993.36902031954,1
348.1798364791792,6.546004436947226,424.92464866133633,7.538015658388813,140.26482912053666,6.770011794341473,120.23789695279609,79.18847021960882,20.07290076405377,-376.75472555704016,0.6152750029941627,-0.37458208352247446,0.015405094662240626,0.4028516715353342,1.1515445385038905,3.5340326089382326,949.5945474773245,0.5066017231394346,0.25348261821937906,0.033424752924915625,0.09307179047996447,1.0982863458238878,0.8193919500223614,377.28957464787374,2781.558635505349,0
275.85855261924985,11.355175394941948,482.479576068248,3.544707071723165,176.7912205808853,22.59424519415124,127.5183753676397,55.61747500236003,-120.54110890262893,-482.77032689418434,0.8709678434424051,0.8059136732204468,0.023535038493185317,0.6408763436995881,0.31216665075046923,3.783608242163087,3994.4641859778,0.028606822201104887,2.167324368780028,0.08517694395962748,0.1592579578876337,1.3312334411095708,0.5717517721003571,497.5923090743841,5478.640210732192,0
480.7526881658365,7.222714719946947,587.956436202456,6.956562481349962,72.6985109998715,23.155717424626644,97.42362663230064,29.757377670719023,-27.88654418289849,-178.67226020742396,0.05730052551698961,1.210359231364171,0.01228443856588703,0.15121810608533512,0.9631506644085008,6.03504977721205,1683.3861779041363,0.7166106539485677,0.9371304317026088,0.163625472903797,0.1143306669790851,1.6897785658785696,0.8176671919283063,180.83539254649347,4246.641606447027,0
210.21273485538012,4.059651451390424,1081.3134610373988,3.801756291054544,123.96722405334688,20.374694073741125,97.65253362826277,81.13712125253761,-36.917665676998325,-355.3834374521457,-2.4592845626894,-0.10751257102984013,0.003754370585099019,0.589722711797801,0.9364735708412723,11.073071233908498,2525.794265257865,0.41256510441303396,0.4550033955739304,0.050631357116439714,0.11224969428852025,0.30285187183697837,0.19440499210442141,357.30428171924007,4389.755761508479,0
290.20938331323396,7.373508438268738,846.8512534143251,4.281857148514606,170.6912107966562,11.867138317020746,164.36128130431612,51.718873908925985,-13.852859831464656,346.14740857006586,-0.6933354352676053,-0.04661730869618985,0.008706969976770196,0.5881657196880596,0.5807082455200885,5.152376804889795,2025.6162080236643,0.5503078972516575,0.2678492160494205,0.09567575144092834,0.4941934664028738,0.5101006628362825,0.3426922758195977,346.425188026662,6244.264863008983,0
337.4583702919057,7.622006994166857,804.5869497474844,9.89804107658195,75.73161410591048,17.199404122066177,88.4072305029744,34.74993478017767,34.01184296636496,-516.5401437923025,-0.0782182422327029,-0.8231304321696271,0.009473192420730893,0.22441764902853556,1.2986134864684522,9.100917935896822,1302.5386358239218,0.3201619705396169,0.9787599079399212,0.4334908934707098,0.19629790451841456,1.2508900718110478,0.4194181503910986,517.6587019736407,6132.567358390704,1
337.4669261123428,6.914856570681435,1195.8585387313788,7.111494416987288,150.3008725872237,21.086555853840245,217.30558795974872,78.25513345254815,0.6856128160544017,-98.50624469119111,-2.973567088507755,0.8563768788187156,0.0057823365780513055,0.44537956450638516,1.02843701012391,5.503119132642306,3169.3277446914185,0.60841618839907,0.0087612503589958,0.15074967375208273,0.9755053450886247,0.38471743234196176,0.2821963595044804,98.55350023882566,8269.190274152174,1
574.4190081339293,4.933629533430875,1141.113307331646,7.409538978634117,162.67225398916577,6.344367739213887,156.16814957171306,57.92352229686747,61.782626154561115,5.637604462045033,2.592542422190987,0.6084492110967021,0.004323522915500447,0.2831944132866121,1.501843405230607,7.306952861137937,1032.0526002740708,0.4958424925920255,1.0666241227167628,0.2900343664824705,0.4197104506519369,0.26578121403471794,0.5033847247624672,62.09345178708934,5629.830314042391,1
549.8022396452714,8.000289719501117,444.3136493722381,3.759256417635436,76.38255129965577,26.069281940235722,178.08130593167735,52.85141757183477,-22.373579236291732,-30.90620603293769,-5.577527417096054,-1.247069336925951,0.01800595082056238,0.138927319301095,0.4698900351661085,2.495004442199584,1991.238265145245,0.2878753832588382,0.423329784974678,0.1809830081914036,0.6189209630152487,2.357338228978943,1.2374191979518883,38.56007561301555,3554.6379213067403,0
201.4902032310483,6.598016931526467,871.6244756294102,6.458997259732523,88.28308776311937,29.78000076940628,238.5097575961388,15.680531081187233,-63.25940235068008,-336.28404431067906,-0.47577188186159347,-1.4891753706316821,0.00756979308866007,0.43815077034730754,0.978930082593501,3.6544604481352287,2629.070421511257,0.4198675434952125,4.034264019703755,0.317313633663044,1.1682705236012618,0.8574454383574904,0.23116629794677332,342.1826073934728,5750.993048135727,0
276.8456896996845,4.03426248506348,803.368241343093,6.93404357119366,145.26268502495918,14.622811180026087,60.60946123018496,62.28074812464916,114.08963231215625,-227.96448207243975,-4.336331663462852,-1.4429705199710217,0.005021685296295619,0.5247063271331283,1.7187884023080744,13.254832249572884,2124.148814623581,0.06007261494725691,1.8318603380263898,0.41038202464092366,0.44900489790740944,0.34569685225306057,0.34460621599485475,254.9569631525569,3240.998357741864,1
337.80194067101877,10.026476924770536,834.2994304762517,5.172480253957698,67.54526159515248,9.255757514818592,147.24363695516888,19.460574477330262,16.390004003484705,217.55050837510817,2.340879875983287,0.8016078790697003,0.012017839828857391,0.19995522068635477,0.5158821281659783,5.6661153427653375,625.1825625997202,0.5876113494738864,0.8422158360524001,0.22005354461984536,0.33857851777426257,1.7792276682395551,0.40489292972211166,218.17959493063518,8365.083988019338,0
317.13873570188343,4.981387756895873,481.8962640120982,7.145600224086521,55.80237723416996,7.57328309488159,151.29760581567623,42.59400103542429,-7.431231497962457,162.90498966498137,-4.70064159277542,-2.1827993071366896,0.010337054110821687,0.17595572836812112,1.4344597475261123,3.1850884976936493,422.60720016174463,0.37640291261296743,0.1744666224659689,0.32465280106463884,0.37543278014251125,1.8524397388023655,0.658105819417437,163.14213094938944,2400.5121496437273,0
425.93134526510516,5.109660825270474,634.6187947267556,5.488629476798737,81.80771216386624,16.519031657294775,184.0820810207503,48.29814010735935,-46.16261357160417,-177.44336863564843,-2.3787008336409317,-0.6871734827620397,0.008051543489931642,0.19206783692556853,1.074167085543922,3.4474772949531105,1351.3841870457652,0.5300548603719151,0.9557844974773722,0.15870414754902343,0.6734734638250028,0.9842034787385167,0.6711609375648828,183.36519348606984,3242.6867943956677,0
460.31958460715276,8.680550048742832,523.8915291430687,9.256808980294936,98.95491252969552,6.243469138026712,122.29737494815893,78.93782075048394,55.03461221634146,-304.9022752208798,-2.6007306177527942,-1.704541471011085,0.016569365156450685,0.2149700248233972,1.0663850710284841,4.283751220049841,617.8219424352868,0.3923359166535829,0.6971894041805564,0.3614574465397902,0.11179431771053575,1.6744358347523536,0.8786543759546926,309.8402326626068,4547.666638838822,0
321.0653289525718,11.889290591645016,702.7008118442968,4.798202730636714,57.965796768038146,24.624047832204443,165.41682607154797,31.106159961272454,-22.404170070703913,-163.2714436704391,-0.20060023184481324,0.9506335777950561,0.01691942060012793,0.18054206275446494,0.4035735095926214,4.248061267602587,1427.3525522480131,0.7512260069287382,0.7202486613133018,0.0300609544148878,0.5037893279231634,2.9188627679585624,0.45690188988099945,164.8015515559226,8354.614151001713,0
490.3846291595279,6.683567407594088,409.80544149202177,7.60949199107408,199.79127880326124,12.363733844749813,94.94754596911375,28.95019141524002,-80.01770863774428,-392.7476901849948,-3.499028374519284,0.9298729252936884,0.016309123137214873,0.40741749827208956,1.138537479614244,4.316124627647888,2470.1661956257267,0.1739083111256725,2.763978568916169,0.2857450027183098,0.136840491189875,0.8163080608375711,1.196627910488775,400.8314172327929,2738.962292210783,0
216.46128002096012,5.162179738928284,517.1118631089658,7.414786559760653,187.39688043493902,15.94420917663774,125.32322515683163,70.09645827571876,-10.866468599817665,37.162346756896454,-2.2700742898214887,1.1423474758722527,0.009982713813394974,0.865729336982546,1.4363673747826593,4.126225306297721,2987.89506070404,0.7045516745548603,0.1550216496969831,0.09338169607518433,0.1393020468802875,0.5327043753463547,0.41859662379346224,38.78496349865427,2669.4243825005597,1
319.2489167534773,4.555332251594924,978.7276025299677,8.366793877068897,146.58858433840362,10.094524273668238,233.51105111663492,69.01843161677449,-56.860746311274895,-498.8114045976234,0.3145377251226371,0.7632485564519609,0.00465434124859623,0.4591670531856455,1.83670332150624,4.191354532685947,1479.742022846679,0.2812437294417157,0.8238487166297075,0.24919048993470377,1.1228277374239537,0.31751048484454697,0.326187711400223,502.04189144105254,4458.42941333094,1
580.7329794789875,7.42280773862659,1027.2487261125657,8.88346267754309,90.51150493411089,8.633442780678555,249.43500871144286,7.568632318864742,-54.30454091342315,-177.23837323551118,0.6488564321929893,0.5997320206754191,0.007225910872352058,0.15585735291857286,1.1967793037822583,4.1183021237445105,781.4258988417511,0.586652070854283,7.174947682168365,0.5320650655338333,1.2675909882858443,0.7983417000537402,0.5653284980714115,185.3721800207831,7625.069793682659,1
234.39958865398114,5.526087619733313,764.4247249519321,9.546182536841009,129.90045358288168,14.691946205205637,245.89034222227056,44.415461028809524,90.72222760843366,-512.0740042315949,0.15095850838374592,0.20599427414572435,0.0072290801688561284,0.5541837949837007,1.7274757828218628,3.108803371630337,1908.4904760715094,0.1446759248333257,2.0425821438527416,0.29243838283568613,1.2353667474751868,0.5565092322209395,0.30663527879572505,520.0483931140324,4224.278008774915,1
265.3666310161052,5.812044655449404,1054.490334820458,5.239716777889041,163.95241488179636,13.279985170155276,95.85918532516288,66.82122756833164,16.91254003495213,-103.2525452590794,4.225167574610135,-0.073881067870321,0.005511709745958921,0.6178335770929918,0.901527274567007,11.000409937175379,2177.285638241401,0.44613242120367,0.25310130703087286,0.6334675471144865,0.12855286068033742,0.3361774054949212,0.25165392441580575,104.7137725131973,6128.744914716296,1
571.1352872332868,8.808004407485424,685.8471863017398,6.378941410238424,145.28516966145807,15.673296494158407,199.01782885887994,12.807081366802514,87.62838661445878,125.24764875567826,1.3216388545181204,2.0282481443533973,0.012842517376181703,0.2543796065644157,0.7242209602912236,3.446159523667913,2277.09754030814,0.4069113951460437,6.842182391501161,0.10651271848355694,0.8092529896261812,0.883952395561584,0.8327442302606672,152.86416973490086,6040.945039807201,0
378.2400118805315,4.046800181388858,859.5697548313262,8.358788270465695,67.9283813720434,28.291396547325935,160.77591248951572,20.15091026784295,-86.6138371043163,6.357529029818579,-3.0937511187026114,-1.0578295958384105,0.004707936916862511,0.1795906811506204,2.065530269793792,5.346383929790349,1921.788774214468,0.33467313311845126,4.29825928223876,0.19313664536880898,0.4615992044501429,0.6930736198581213,0.44003410980270435,86.90193466938754,3478.5070397677873,1
453.0284879143949,4.5034401037643725,1155.584685058198,4.850249779902281,149.2631449517832,8.207285609427752,99.82332518208753,43.3307201550865,110.38900964342278,-478.84010808323785,3.7054273125511825,-1.7828592201975297,0.0038971095428956544,0.3294784962397072,1.0770099453189161,11.576299256213897,1225.045261580699,0.0,2.5475923143747807,0.17287068603517866,0.0925152256173861,0.2610898721284846,0.39203400129137167,491.41358624969985,5204.1064139870105,1
329.3677031843232,10.88343719478787,600.4072288711961,9.768106564751609,89.00152974989551,5.588202745581934,108.43117172248839,19.55242009069119,-26.671581664364624,-454.3311268600621,4.160474224196028,-0.43740492997495384,0.01812675909190738,0.2702193593647153,0.8975203687884192,5.537219780376799,497.35859290935826,0.2121066832924997,1.3641064144823092,0.27579772464212704,0.014262075250105578,2.0366794978519636,0.5485738467932098,455.13234959534896,6534.49436671629,0
244.06423842132932,11.848895484962199,540.8346559146045,4.752828790139846,63.293230736357735,19.25482596747345,144.29721915171308,26.212360472257256,-10.775920956448203,109.72972683409625,-2.5430515199602706,-0.6609385451460845,0.021908535918291984,0.2593302121841149,0.40111998592373516,3.7480601434596927,1218.7001427477096,0.6472989600457051,0.4111007464533103,0.15435887057728526,0.31179290137920984,3.4614342897979125,0.45127329721242204,110.28690101085522,6408.293312577642,0
500.86602674577614,6.3829987411448466,885.342812206379,5.901036452878682,40.1683156096621,29.045393535006983,164.42952445383898,55.86677114159157,102.92045125136363,-348.6028781752116,-3.7104648948569317,1.2411849117393716,0.007209635243141195,0.08019772447064029,0.9244928116373526,5.3843299440723325,1166.7045345209997,0.09513904195148415,1.8422480689015808,0.36124617903932693,0.49481385867126343,1.7948562526746794,0.5657311719711812,363.49739133529096,5651.142055794955,0
321.10194329826095,6.6630610033123725,936.2916030632093,4.4702643225680365,188.70998826843186,14.096169525637077,79.22789472608719,19.84814041825453,-51.31058623777204,-222.95626243892616,2.993814942129835,2.036637256569475,0.0071164378506794615,0.5876949430142359,0.6709025056720563,11.817701408073876,2660.0879858127996,0.43382011949114996,2.5851583652935664,0.1753667183436347,0.2797464115810256,0.3771097606426975,0.34295078824559666,228.80392074592356,6238.568068099297,0
470.69545179576534,10.805525055585251,1001.710617863139,8.038574780929736,101.53025074094725,13.108499830090985,196.22213321995008,65.92060569506457,-2.641824901926867,142.3662602504503,0.8752934712754508,1.202494100098404,0.010787072496681453,0.215702638199702,0.7439318996141413,5.104982814249081,1330.9092745868022,0.790446830894489,0.04007585904394472,0.09888978596857011,0.7838375747268189,1.0624491142255217,0.46989164675109313,142.39345994522444,10824.009179765932,0
429.7870637085433,7.7999796057149915,825.3251427751084,3.937476459348477,183.56538680529624,27.76030849579064,164.13132587010023,52.30721883628037,22.897614184815353,-126.02346993414972,2.645184314625862,1.0107148650913453,0.009450796057767013,0.42710775243291094,0.5048059941674097,5.028443768426644,5095.83176686416,0.6067772698155287,0.4377524688606371,0.40387231898913295,0.4921029624554566,0.5148463020313989,0.5207487830352642,128.11406132684476,6437.519281729658,0
227.49532079136458,7.543270650566638,649.4171670223336,7.670696912925613,138.33023060724173,5.259952537753513,175.46214678950795,67.46222058871962,-77.44739169556117,122.84681710716222,1.4714234288017334,-0.05383582929337205,0.011615446947843347,0.6080574761979569,1.0168927071905345,3.7011810177006597,727.6104475305898,0.45989776495444723,1.1480113020251097,0.26313729151744314,0.5951104253591633,0.8396896973896365,0.3503069095547038,145.2294875041328,4898.729455973701,0
356.5794654347361,10.375771135323722,1027.1612641644494,5.941137675973803,139.6342422540343,10.688721720487202,170.27729887427984,11.907498985539409,-25.30582560077677,512.2210493231842,-0.5208700399230688,-0.2649792744997912,0.01010140422669069,0.39159361598064657,0.5725972169670877,6.032285401254981,1492.5115581044681,0.3372723509190624,2.1252007353944293,0.19821609279916114,0.5479754443116349,0.7234188450934098,0.34715042114131694,512.8460387725338,10657.590196040119,0
206.15866198422793,8.226938563009776,504.03715206789286,4.864573035108365,151.3665538278549,11.428550928529901,229.45875834994516,60.85942946605444,70.25342753551078,-124.38391264701767,4.350440745842117,-1.2333520140759164,0.01632208762639311,0.7342235944441428,0.5912980871135484,2.1966350541267685,1729.9003692977024,0.28397439535089375,1.154355670959683,0.30143723206781464,1.0859887122722287,1.0783153354310873,0.409014813964465,142.91895654723788,4146.68268353697,0
269.3235039583665,8.672386843240254,736.4544080298499,3.5987356804330295,51.174174798960514,9.88192950516475,206.17269230844894,80.8233588628686,38.1665270052235,-426.9927580354482,5.621328928058903,-0.5126149902723958,0.011775863853460357,0.19001005870943705,0.4149648471041264,3.572026924535971,505.6995878483063,0.08593174217193933,0.47222149069528147,0.3626660015790772,0.8742972028040813,2.301134097368885,0.36570288808353535,428.73196584495156,6386.81751884436,1
414.5242487699832,7.316384192722551,1123.0897567808174,8.9554732184404,49.21975544752905,20.402181048529307,206.73080660941707,51.79169928087093,111.96542088579304,-642.7752495818427,-6.326440905841393,1.762213830002584,0.006514514221636178,0.11873794016533101,1.2240299282462797,5.432619236583863,1004.1903618048244,0.0,2.1618410370857837,0.13438062631116754,0.8793709691765188,1.323556804052187,0.3690927161139463,652.484713080443,8216.956143519787,1
552.6252799457529,9.20410721706203,658.0291375510867,9.391035737163143,87.79576399590908,11.887770986371233,228.41607964662654,62.86992036192267,-149.18438262844165,-23.82332064603378,6.307897321316913,0.09265689543791922,0.01398738549985176,0.15887033616074772,1.0203092506087497,2.880835441047309,1043.695935956864,0.0,2.372905544807968,0.18109516703243198,1.0765098149693322,1.5931731627169976,0.8398188596973023,151.20621744971103,6056.57073397106,0
273.2561383399121,11.631825458136673,1174.920378701781,9.788186539039355,45.887904064018876,14.561204198735457,204.33781375771923,68.99529331091563,-20.209257833678606,412.9518537109427,-0.31611311412614107,-1.4317526665535487,0.00990009678016579,0.16793000275418307,0.8415004656205824,5.749892088474966,668.1831413281615,0.46711448660495625,0.2929077747754329,0.31631988692236146,0.8576164887065385,2.1574523792487934,0.23257417548740142,413.44618454279254,13666.468772266955,0
446.522838420836,6.812475095770669,997.0185871856049,8.708562620403104,180.13513494870097,11.070023256131932,160.13418936555132,23.992792422036302,140.58604960611564,311.97640544555446,-3.9808036062168304,-0.9655966792485966,0.006832846632278941,0.4034175174236628,1.278325791724298,6.226144405112825,1994.1001331285838,0.0,5.859511770584639,0.3627775108393964,0.45576535786864836,0.37931781793844965,0.4478580882642174,342.2127433277923,6792.164295222391,1
524.7096312964629,7.704213056710921,1055.9919582230182,7.9895812846384535,61.1922237030727,7.854610101613003,206.6652058275816,58.16444754569852,-120.31321972102161,-205.42592457898797,3.3138082504804247,-0.1284811227576439,0.007295711862877505,0.11662111776350997,1.0370405420809277,5.109674625655274,480.6410584383175,0.10391926921870631,2.068501031089381,0.26645978669205655,0.8787745984325599,1.192261274615382,0.4968879045058484,238.08835052117067,8135.587032323509,0
501.9808528327915,8.11008360761352,459.7544960265215,7.913565183101878,154.64643104031086,18.090679238617113,210.82180575345492,30.521089233490628,19.465014693855494,-44.0085878234496,2.127948269315496,-1.115522739854713,0.01764003109856631,0.30807237002687665,0.9757686314938657,2.180772972622103,2797.658979347185,0.7023777454535419,0.6377562263569754,0.21563834401670762,0.9165618704859538,1.1406684900454105,1.0918454461483595,48.16815092032462,3728.6474017513074,0
468.37570996864605,6.386991925321062,666.2934004930727,7.746867862919707,127.91483989439106,7.40983718675111,226.05840196197377,48.572126084558434,-5.4710384833000205,59.34745531783415,1.2733587844127152,1.5835403243672665,0.009585855001106928,0.273103060581331,1.2129133641468142,2.9474392223879944,947.8281373867734,0.8210933686979769,0.11263741006056802,0.4348132582205837,1.0550763814724888,0.7493935034450413,0.7029571501414198,59.61270130921691,4255.6105688439675,0
545.4400279416616,4.189579216949878,601.0108405651728,3.7817248007682154,171.32470032658665,19.535174407307906,157.6065228217402,52.12823996970484,-55.66930326698915,-289.7359452104572,-0.8308810706153427,0.13379356647862028,0.0069708879344174916,0.31410364393885476,0.902650267470395,3.813362732740078,3346.857901159632,0.4871535703822576,1.0679298456909776,0.25238606081353504,0.4327865711067292,0.4068816651147955,0.907537753277039,295.0367428585507,2517.9825267934243,0
247.77317657849477,5.239751945199138,532.4937444323205,6.605640894319484,137.18167254871958,9.410056871360375,195.37435596901202,28.886071637629918,-87.1566305260079,-109.57863821912406,-1.5132360155944315,-1.0653196589036398,0.009840025352382532,0.5536582871603145,1.2606781701511323,2.7255047971432766,1290.8873403917876,0.40731903283277815,3.017254530812312,0.28109977479482634,0.7761305088092001,0.7172988322392615,0.465307206270827,140.02159148446935,2790.1351331956234,1
538.9402489676747,4.220380970331649,1021.7221995256077,4.2579262961953575,174.52449583046914,18.229405480946546,71.61458644841744,75.82582829811257,6.851735360194077,564.7255394103263,3.4437078840462396,-0.8125562444446368,0.004130654078272156,0.32382902587952195,1.0088961935255711,14.266956638247626,3181.4778008513867,0.1720886297200387,0.09036149705158747,0.2540422749648185,0.3489583050143869,0.2366804762057368,0.527482175896646,564.7776024805877,4312.056927843271,0
305.6562654325819,8.756689754422505,1038.3472937430952,8.551666638403312,179.00827027096855,12.322568447809179,148.492762525864,5.793438723702121,52.11889889689587,-414.98485218161034,1.8942039515324227,0.3472201682076168,0.008433295687472614,0.5856522195533143,0.976586687233535,6.992578466995919,2205.841663137935,0.34330133885017233,8.99619403648251,0.6350854793992419,0.3499342047805819,0.47111207067176053,0.29436804744849315,418.24920223597303,9092.485108652496,1
421.0645424414587,5.918484354430237,715.0170491203238,7.7614427858809,173.7641925724363,22.318537506671987,172.9213405095914,17.55692781599084,-91.11884877417333,-454.4153829644848,1.6271898566697862,-1.812315028521204,0.008277403121662164,0.41267828339308577,1.3113902683667873,4.134926591554292,3878.162649244493,0.17033805489495035,5.189908492485931,0.21980026641354306,0.572012186450831,0.47635839116920475,0.5888874159846803,463.4637338816487,4231.817218369512,1
418.4208984301735,4.602270130226298,934.444788549399,5.507607906949196,42.30956844464353,8.889888927106131,154.5363348901463,31.384141017555837,14.33438841162662,-485.1742636298577,0.6655645363393061,0.463309080789271,0.004925138634857934,0.10111724486845676,1.1967154797752781,6.046764272063645,376.12736402667554,0.38133119865173837,0.45673986755311125,0.45631083629492003,0.4048757717286027,1.1640720564904428,0.4477748750460861,485.38642724746853,4300.567338686528,0
337.9807327280264,5.282179841464732,932.7317604819946,6.755646741923998,126.27688922490836,25.68481655588771,123.94329841861038,61.70305456223136,31.390829006931227,466.7485901865316,1.393738017029582,0.5506274709134287,0.005663128527686389,0.37362156181406814,1.2789505364608484,7.525471504976042,3243.398734989925,0.36028093728842314,0.5087402759821498,0.48481741616963964,0.1267572583510035,0.4484691191275661,0.3623557672715818,467.8050588573378,4926.856902711902,1
544.4949368073817,10.55075107953953,764.3811027533902,4.272576932206495,131.06774827820422,8.91072070083413,71.58208344059264,47.386765841453176,74.19686415540326,-249.2368680221557,-3.0616134496742458,-0.2300354608625188,0.013802998323132911,0.2407143564028589,0.4049547657789084,10.678385791715115,1167.9080977943113,0.3228239337650298,1.5657718529188385,0.1873940838820735,0.3492537869037033,1.0531193603658076,0.7123343772446064,260.0645391223187,8064.794745054949,0
579.508962082085,11.831810069203284,1114.6271890991857,4.3640193313504945,180.54123854799687,25.96592836971613,225.5063133733425,17.89327745490177,-103.13156233177573,117.01966637196466,1.5775187970603177,1.5584189724022588,0.010615038090687041,0.3115417540728628,0.36883784525154684,4.9427759800845905,4687.92086791712,0.31025113651618663,5.763704418696272,0.5786536359004004,1.0500573943031135,0.5879564234774558,0.5199128172626309,155.98785219482298,13188.057199391498,1
381.32774759120275,4.044795510913925,1023.4024900478663,9.978335747923111,124.59053921633429,14.70646737531128,134.62285971202863,13.166556234628558,126.06326424337166,211.14302499165683,-6.191911176173417,-1.1269767166488371,0.003952301807204654,0.32672822789150896,2.4669567895333473,7.601996364042657,1832.286700257461,0.0,9.574505436115508,0.3118874210300551,0.22384417920026026,0.31722326848124693,0.37260779732260313,245.99118552975673,4139.453797603743,1
361.2573009803574,5.236117665249179,721.1346715547832,5.660698370400593,179.20414093714203,17.167984435265183,102.97722099136047,29.54809067934129,55.23850913676648,624.4165033052902,6.7886439519831265,1.2523609916702823,0.007260942888739475,0.49605680065379737,1.0810869297245267,7.002856210455364,3076.5739023439223,0.0,1.8694442810610024,0.20219440201126251,0.06384344553308666,0.4051771823334337,0.5009567771876482,626.8918153703755,3775.945992751665,1
429.0816543732775,4.666313763076809,476.60948148786736,8.702450704636414,118.65753429087928,11.037711306178576,126.23902043830857,66.98548320166958,-118.75136517783292,266.1531006888697,-3.4715921220126313,-0.8116811871765499,0.00979064400588429,0.2765383536711494,1.864951897040527,3.7754529450011094,1309.7076078057103,0.07812677126231427,1.772792544025018,0.046622014327431405,0.14762745853007792,0.8251177697560548,0.9002793084052405,291.46425456607926,2224.009383079737,1
534.0645983135319,7.437032767987534,1173.3945524102433,9.86853018392332,60.68017423161912,14.192845120811691,174.06107930886247,12.211213814422772,-37.591471275072095,390.22747708614463,-2.7181625055309055,0.5159581152981954,0.0063380495100401595,0.11361954045116425,1.326944561331246,6.741280457810529,861.2243147732388,0.36079941803089366,3.0784385439777067,0.15050499321022814,0.5823734482623861,1.0445008753349194,0.45514494439787695,392.0433534611301,8726.573736053046,1
226.52512704838998,6.5427202698731906,595.9846871921299,3.535228698818287,125.56830610886429,7.916147868604652,114.62429487136656,59.501135568905234,-52.9223183260358,186.05786838256626,-1.4100261971368866,0.8532184459691798,0.01097800062732818,0.5543239628424999,0.5403301001720506,5.199462189590388,994.0172787679826,0.5589101502063255,0.8894337531549992,0.23342679229265928,0.04203904428515053,0.874265247936892,0.38008548192004843,193.4432483648453,3899.361093425981,0
460.0651567511865,10.186400064075169,661.0864102340606,9.469754268477491,157.31273777100097,25.117714714529672,196.98281112707514,35.468729861767756,-5.409803312287153,-69.8408527460727,1.5610876182137403,1.056939739253317,0.01540857580247131,0.34193577901418687,0.9296468044559624,3.356061406838126,3951.336468293619,0.7835682139555791,0.15252317557946884,0.42469583734796085,0.7907528284279558,0.9794868502575719,0.6959228772957206,70.0674509221506,6734.090651567459,0
440.99279918140167,7.681636023773424,676.5576245206864,8.040556240491126,196.95695056253027,15.618942338014753,134.51898876269814,41.38964515102861,53.94497270333814,-288.7687398316949,1.6179113260035116,0.2263329671947396,0.011354001115892458,0.4466216929803254,1.0467244497925834,5.02945815117735,3076.2592539073826,0.46627011499965676,1.3033446531492552,0.35715295913447337,0.2228998978427104,0.5764712077164176,0.6518185342953264,293.76872335394694,5197.069420676679,1
305.01568625959885,8.98299725485548,888.759226497549,8.95861955506518,61.7715698933506,9.87096261278807,152.334205715883,8.752337655846098,36.7633389541528,129.3669273448735,1.6017427148569574,-0.22980586297683647,0.010107346272236143,0.20251932171375875,0.9972862398708713,5.834272232693194,609.744856950489,0.6549905426724794,4.200402269626428,0.27623871878945533,0.38485641559893635,1.6362456530871086,0.3431927086277512,134.49873814068405,7983.721691854962,0
212.55664796795904,10.768403977427859,425.8630926758662,8.374890306541577,101.11816943977296,19.967195262616254,107.05882013113084,18.208971629726214,-57.40098091822722,143.22464399441435,-1.3042141905471842,0.25975564470683565,0.025286070013171884,0.47572339141806375,0.7777280945343957,3.9778422007103047,2019.0462338022623,0.567177034503893,3.152346111875967,0.5048910498918533,0.02673799880790142,2.5006455470134408,0.4991196739599611,154.3044789769767,4585.865821010527,0
373.49974377726966,11.263464982548744,791.9484799651702,8.820242875199684,76.10438286587444,13.80206986585647,74.26698232030628,40.76356255982696,-16.40762203415413,-63.605629917595024,1.3253069447508494,-0.14375720309261286,0.014222471874741282,0.20376020100098924,0.7830843251934897,10.663533850743704,1050.3980094126891,0.789567734117462,0.40250706768019495,0.45309187645089327,0.3248456152699429,1.8688111432171806,0.47162126479956895,65.70116175934429,8920.0839720704,0
533.2958163856208,5.637759674683299,743.5138619437455,5.8206124435039115,186.03199851866907,27.994435384056843,183.6683260014966,14.412911923178807,144.05700522770496,137.46657510548812,3.593752673289666,0.7186693428863524,0.0075825885208712545,0.34883453573569984,1.0324335869869947,4.048133274420365,5207.860761897839,0.0,9.9949965694325,0.4927427577696846,0.6697120545590601,0.4075959287246119,0.7172641206600263,199.15419926450107,4191.752468434494,1
288.5165158722607,8.749749656052245,420.65359536917634,3.7300320253593604,156.3437593875105,10.254129062307792,184.71925349553936,68.74338372756448,15.463535849242277,-332.7610576991957,-6.48235900551302,0.9667153014042951,0.020800368170806292,0.5418884215859966,0.42630157112886985,2.277259069690504,1603.169086845928,0.08406662376511309,0.22494580584693802,0.3404283873375076,0.6792659408685396,1.3304252278628481,0.6858767381247538,333.18322802975035,3680.6136513985907,0
563.1208211049839,11.928238440208556,505.3414016297261,8.674106548595368,168.71909679160052,21.10933820446217,112.98358206525839,87.03760308840678,-80.65987574786911,264.04040012074574,1.7201808257394582,-0.1000666876262919,0.023604316609998677,0.299614381973182,0.7271909085381855,4.47269764679478,3561.5484757252834,0.3602271612616582,0.9267244602995373,0.4932109129311595,0.02712347332053081,1.3990305222623614,1.114337395053956,276.09112168568265,6027.832732348569,0
261.0774773999108,9.534875791778656,804.6648772452206,6.954745656910461,153.0383549761101,17.218512483410933,174.06201448336617,24.626586649967063,99.28858310703366,-429.05901655908883,-0.02133195870206528,1.5065881836770627,0.01184949916594025,0.5861798440073421,0.7294007608265978,4.622863176859973,2635.0928255968256,0.17979446306854419,4.031763902902331,0.16242250390945295,0.5823819498487833,0.774282967677613,0.3244549187901832,440.39739200080106,7672.379658539999,0
498.5095254001236,7.032376566655254,741.9391599046353,5.690160255215524,64.14716085270263,22.845230355066267,225.8758736378885,81.97537518563507,-65.551183797398,302.854697654554,0.8492840565867947,0.5491621451201061,0.009478373627777183,0.128677904000361,0.8091375939957499,3.2847207094550983,1465.4566663034805,0.4321672996023569,0.7996448158847199,0.295155207300487,1.0534170330717136,1.4775983070461711,0.6719008138944967,309.8687574959443,5217.595561997242,0
399.95266589183655,6.625423556843774,1154.2116741502512,6.801777982424754,115.52901375424133,13.704905453871573,181.48732815540404,49.204358682780565,30.75497810551451,214.693753905598,-2.044944151020341,-1.2473284849722823,0.005740215339375696,0.2888567163232388,1.0266178341758714,6.35973699035297,1583.3142106809062,0.5824960877227328,0.6250458075023635,0.15846687049889052,0.6498848014127641,0.4968635282896595,0.3465158729972888,216.89504014829143,7647.141215499164,1
318.43516746183917,11.00580601333154,633.1121385567603,6.508337374622032,152.91808867875721,26.79974659309714,185.1285208457598,69.01428170542593,67.18939233303828,1.410143673419043,-4.774933089715377,0.38216772510425834,0.017383659770637674,0.4802173387368803,0.5913549054688372,3.419851979934734,4098.1660260914505,0.27020742494245154,0.9735578009755019,0.41296042823685636,0.6829865531432708,1.136795517184132,0.5029680337321325,67.37360709709615,6967.909381641184,0
262.20504040490897,8.454936543519537,1050.9426965451685,4.547065574257204,73.22916028330798,5.06028493579194,159.68048971510473,21.547944233265827,-10.926515243786824,371.5753177103197,1.0637146169635923,1.1858380617776536,0.008045097578882268,0.2792820464863077,0.5378000829281679,6.581534778733561,370.5604166423168,0.5120709852805452,0.5070792427111638,0.5997258390527574,0.45164081559186114,1.0986193953006567,0.24949508785481117,371.7374570253637,8885.653810164707,0
551.2117090746299,9.527225447100198,672.9910437237629,6.930832098246412,147.11683011408456,24.57144291613563,75.22796987540292,6.914101569595976,82.60464370619225,-480.8570601911207,0.1261581211710805,-1.8597376667715908,0.014156541213958205,0.26689714258984665,0.7274764449240518,8.946021603911564,3614.872793151052,0.2074853608443018,11.947270787782083,0.071366228012483,0.31610936476906437,0.9622652420515206,0.8190476146973528,487.90066141925405,6411.737397435556,0
430.00601662740144,7.959166515148348,1128.708322476478,8.94686803852144,170.0483026281359,10.640230105796103,89.09339117898779,63.65820417558355,-8.493960944887746,318.25377583577597,-4.819699789815419,0.637962760142214,0.007051570681861624,0.39545563562540126,1.1240960999488128,12.668822092638877,1809.3530690634182,0.27609542800590736,0.13343073457522464,0.4415821005059132,0.1900600801910201,0.4146804509588138,0.38097177815073885,318.4035846411368,8983.577485624048,1
289.98729911829014,9.910744367464336,972.0992187656142,5.232937095819654,128.955358566428,26.38279169686004,107.40930292476341,67.55828164124749,-3.006819232790292,360.2003616577166,-1.254861655563385,-0.0846468097842683,0.010195198366735799,0.4446931260731705,0.5280064646807656,9.050419212258895,3402.202363251966,0.522838630656761,0.04450704132407193,0.6067030465991633,0.023551791593059916,0.7905990476141406,0.2983103921084519,360.2150970989738,9634.226856997791,0
386.09893425353164,10.947995940207012,987.9404710221595,9.831091977895262,182.16060268637494,11.363680294650228,185.22125423248514,6.74615793489223,-23.169453755819575,105.42823055906229,2.4179302070574886,-0.0823541079939405,0.01108163524152403,0.47179773505088024,0.8979809667073525,5.333839656339445,2070.0148512087685,0.6398794335043774,3.434466548134514,0.6689341255575234,0.683829583931683,0.6083442345984783,0.3908119421953222,107.97120807254153,10815.968265916805,0
431.7039548665697,11.019700205946583,1018.3963160811026,3.764766221235724,190.84652226042596,6.166172606465318,171.86411013112263,53.90505772678901,-75.80618072827893,459.31126440774193,3.782921684937797,-0.36262127057712323,0.01082064028702653,0.4420773080927935,0.34163962275526655,5.925590370811705,1176.7925976014121,0.11811970388658233,1.4062906882039345,0.2592399565455306,0.5624010011920239,0.5669812663529108,0.42390565249471096,465.54025083221484,11222.422094054167,1
287.83395978653306,6.739480717294701,1199.5915234356687,5.467495058599971,44.2233358052072,17.8230394388834,75.88502314505564,28.295745889136356,-26.477578940728648,189.86145042408725,-1.6205704690223781,-0.4153667741917859,0.0056181463320052576,0.15364182821931313,0.8112635509987305,15.80801419988536,788.1942581751922,0.6468082773835081,0.9357441590148801,0.6316976945150315,0.3101361532267669,1.2704031095148036,0.23994330917091455,191.7056566519249,8084.623940824864,0
303.53396727404686,10.766286704820875,428.423934423218,7.136810953574244,155.45944560479467,11.999442178903582,224.0634643370114,25.424187885428715,123.09785149275814,-272.30684473371207,3.338688776121451,-0.5621870294035318,0.02512998420434983,0.5121649053018092,0.6628850920697252,1.912065118206109,1865.42662869914,0.06087934150132368,4.841761398534536,0.06328366754056738,1.0369405848819218,1.6164977371805813,0.7084897525220925,298.8565635446324,4612.534909207742,0
476.1325045424778,8.60214141331225,801.3727334817659,7.5077545531195184,183.73476899238864,22.48280939235274,161.171215096492,59.84080665660799,33.30384626136886,-605.8496105437742,5.716625703250772,-0.03582526960578747,0.01073425767300327,0.38588999330961843,0.8727773925572635,4.972182737481938,4130.873790003836,0.0,0.5565407306836705,0.058172412113477075,0.4651928645135637,0.5842257147011705,0.5941461253289716,606.7912133355878,6893.521578182738,1
586.6950298688304,10.910788494814732,810.9588947759414,5.1519898727735445,150.87603363187787,15.870027113748188,212.6364113503129,89.9590393653807,-125.09072995834798,-273.3738632888462,-2.7556330565449665,-1.8645925174034828,0.013454181913658221,0.25716262444836085,0.47219225954402727,3.813828918697786,2394.4067445526853,0.07986017316786409,1.3905298549295886,0.07158626613590473,0.9330582850028445,0.8917375138907118,0.7234584066445531,300.6468914931991,8848.200978889012,0
243.43624678862707,4.080853155450068,972.1640034577172,5.168008848600524,121.51977682204397,7.7904011668038935,247.20622541488737,15.657702820946199,114.35744748541055,-7.032613226700221,4.754386862014836,0.15312931950368025,0.004197700327244794,0.49918522169608626,1.2664040218400252,3.9326032417918673,946.6878111442,0.07042344412374224,7.303590366552882,0.14771486487750635,1.2473293219535215,0.34543351189592714,0.2504065630107595,114.67208744332027,3967.2585411253963,1
479.97847417145454,9.418037149426766,448.37085914029194,9.22550245026872,132.7061380687689,24.811672025965255,109.9536737044804,15.374062979043602,101.83242026197665,511.1535304675263,1.24080436585034,0.4726357529597207,0.021005016176753655,0.2764835200117006,0.9795568125180134,4.077816084120723,3292.661173594756,0.08491809462994249,6.623650521061641,0.4539609419590484,0.00042114814108732513,1.5828217505560116,1.070494356149209,521.1998782821256,4222.773408103665,1
464.26352604685275,11.913881992141938,935.5606348495547,6.91311617306517,123.34718936275817,14.422928711388792,173.9581346314662,86.49726811138487,-21.4557024307164,-250.66253625777114,2.3072708196986014,0.5285700626433822,0.012734484060520333,0.26568356642841284,0.5802572308190451,5.378079253560396,1779.027718929235,0.553528814256677,0.24805063673325858,0.5550180946979787,0.5814375875587837,1.0324097473408027,0.49624097974313536,251.58970119742443,11146.15900009099,0
328.27210419300775,8.080129458827518,748.0689928831341,7.939839410751707,61.95164933962646,15.892241351196825,229.42334413278874,8.065330302376664,-59.614198352132675,-50.23422816004643,1.0331080614916601,-1.0967805893037879,0.01080131583543635,0.18872041988435898,0.9826376484695374,3.2606489793390714,984.5505634100571,0.6006980378303681,7.391414376986615,0.17495496443703215,1.085666764843534,1.743507388515554,0.43882597369503795,77.96407914077956,6044.494306630445,0
556.9508415826267,10.545196067322685,765.0009157822938,5.316359822676577,94.86729702824489,8.079014646822237,197.1400508480873,52.3169378071629,53.64191419670689,98.14312125358856,-3.928519059788673,-2.0679636288141756,0.01378455352114071,0.17033333993835217,0.5041499265386675,3.8804946660574324,766.4342821956262,0.3928794057090611,1.0253259545584983,0.6252492115212397,0.7921822804371572,1.4530353402012313,0.7280394442575091,111.9149698212289,8067.084648605697,0
452.1333548314524,9.014184605401713,1071.3367004661081,8.309315103004902,174.49222935012446,20.63036974126664,145.39686049765885,38.45315431161135,-53.89028513658103,-9.658651851940817,2.59814803709153,-0.7364745546951124,0.008413960430441613,0.38593089292244803,0.9218044079134544,7.368361990755354,3599.8392084709667,0.5319570456000913,1.4014529133259757,0.23892216098334443,0.3217896408878077,0.4821968555149079,0.4220273184282234,54.810608105745814,9657.226792543459,0
239.31382805689884,11.816050944127939,411.79795752106304,7.3794472465425205,166.80184149068197,13.297353496272585,173.72826053646,35.780415122033105,123.4553333500478,214.04583124353985,0.817414325880403,0.5453038204802292,0.028693806582378592,0.6970004317971272,0.6245273722528916,2.3703567643483074,2218.0230501308256,0.17696468504101326,3.4503605653816365,0.1588316386381122,0.5793478230587272,1.7202332016209492,0.5811437956067526,247.09816950250666,4865.825644756714,0
232.59359205538655,10.389829913827903,1108.136346618187,6.188791759509177,78.93684062724432,6.099291705573632,172.30573616002263,82.33890669781243,-40.781079927485166,257.5435448915887,1.7444450473176065,1.0537761480628332,0.009375949038704135,0.3393766781349996,0.5956586210590865,6.431221451554265,481.458817301939,0.5350790141934509,0.49528323320047957,0.1980257151954334,0.5664157832729331,1.1877786042868448,0.2098961853974163,260.7581582307652,11513.348162693605,0
357.9734172514145,8.383519604904933,683.9296304065563,8.198892912772084,100.90606843226254,14.603609663131078,177.2249173815929,10.171984179160848,-56.80993156853718,468.16179503578326,1.3430699594592328,-0.4945414924063316,0.012257868693189122,0.2818814570283957,0.9779774246576785,3.8591053702338542,1473.592836025955,0.29521940070453934,5.58494100737225,0.19168394355828114,0.6111356125599353,1.2147801300392287,0.5234067970393682,471.5979627742942,5733.73746488875,0
276.0163553968613,8.445697061931174,526.4814311549038,6.147137605391448,146.23901174657198,17.32679020785426,132.12239196771444,80.22245012032651,-42.312960683522135,205.5987404274955,1.8278817188196328,0.14587730427333678,0.016041775762925703,0.5298200953936476,0.7278425404457802,3.9848009358137824,2533.852676736787,0.56619052300712,0.5274453799411072,0.16556168238982003,0.2011126542519494,1.0969559744239548,0.5242660786561539,209.915625570742,4446.502676266291,0
249.40250293571012,11.752693820791396,926.592244648885,9.586930945605175,118.38204671891711,5.835061576584356,169.13052238197434,52.45795538103522,53.418972043943995,-74.82587438728103,2.36880246492563,0.2106790171712376,0.012683781769881814,0.47466262497547235,0.8157220031245241,5.478563133366397,690.7665321669673,0.544048338958794,1.0183197506637136,0.4455707689093532,0.537550203472494,1.0714278154015884,0.2691610083896359,91.96797962970953,10889.95494807818,0
558.3177987385127,9.61683653989131,1192.4783431942888,8.198383703273691,94.28017974422335,20.03045332650433,75.15566207225669,23.84301166891597,-72.97213065130141,-161.24357988311743,-2.7006866774662086,1.4566496090719756,0.008064579616708773,0.16886472177180104,0.8525031770339678,15.86677983154227,1888.4747399811047,0.39784258488912994,3.0605248894138177,0.364960444773506,0.3167667084340301,0.8553844125655582,0.4681995290941286,177.00767670879057,11467.869303859885,1
234.0886703106115,6.598053150041876,822.7599156021083,5.804332265159319,122.81713520302196,6.085501505858849,183.2282303392318,52.89569813226512,12.081997441841622,-179.66538291508976,-0.1275461548260024,1.444197028556058,0.0080194149288536,0.5246607409066671,0.879703775214736,4.490355629581953,747.40386122326,0.7625273154235961,0.22841172096132883,0.2643983056605159,0.6657111849021072,0.6529557065141738,0.28451637697894144,180.07121021482615,5428.613652866678,0
520.7300146197524,11.498490431770591,1165.6323629860617,6.266353550312164,82.29235588400516,20.21534346856195,179.3566559263649,57.89931956645122,-62.61610993924054,29.471031953617285,2.5915022175363154,-0.7002439310554482,0.009864594358305482,0.15803267254355735,0.5449718454344308,6.498963514711233,1663.5682390322993,0.49063947910541184,1.0814653852257425,0.6134509369908328,0.6305150538760447,1.1987254772739862,0.4467360646076872,69.25341025594108,13403.012572757376,0
391.06079508289963,10.536822802662016,996.2845322242108,8.754921174703465,197.97442618042496,14.258186873404476,201.94733995779688,56.23668820366855,-90.59683097239122,410.60035455879563,0.7514073939107035,-1.575760252704745,0.01057611802838944,0.5062497408835295,0.8308881470884779,4.933387745698533,2822.7563646355184,0.2300229037131547,1.6109915762514837,0.12606236820298689,0.8358849087072444,0.5342163749347525,0.3925191874753432,420.4771118136162,10497.673577079524,0
564.8548019599298,6.471756339274528,1179.8074668364882,5.069607553899981,155.69137399696717,19.34758233929589,192.40530940971172,59.736425461780385,-13.735757106498468,-333.86023120140396,-4.975717916976079,-0.3990177444914762,0.005485434294315634,0.27563078769402366,0.783343390593144,6.131886227339925,3012.2516779244334,0.24609649422443425,0.2299393879080807,0.5483814579942544,0.7491391764519247,0.35232743815482603,0.4787686277952792,334.1797162754391,7635.426452622464,1
486.1240696139779,11.122864013233983,876.3142235546195,9.78596929673023,59.070829502502065,20.798974414846608,196.21604372780115,45.56373493112056,-52.094353187871036,223.85671768974544,1.3998632102148942,0.29429739203205596,0.01269278041398892,0.12151389572091979,0.8798066114165276,4.466068150728175,1228.6126714863067,0.536397360037169,1.1433293005198744,0.40723343935348166,0.7837822157072832,2.148739152791361,0.5547371668145455,229.8425794014163,9747.123941460757,0
426.9435895429956,10.188900984332728,689.2559438741075,5.116936903813656,192.1951819153241,19.030438069569705,65.15659218799426,74.76049314949817,62.261657327324684,-30.834183199801146,-1.782364037977394,1.2543500603975053,0.014782463720318282,0.45016528324280874,0.5022069516311788,10.578452935129251,3657.5585067092584,0.549944774532857,0.832814962881804,0.2655345251702556,0.40766734374550667,0.7691381008099895,0.6194267794678268,69.50134997471616,7022.760564996077,0
251.17681901269646,6.0612199307821895,1125.56417859405,6.871112389753462,167.50267821452618,25.957793802680204,199.63918873220283,38.26773557574862,51.733673647813305,-569.524852481803,-2.493386687556531,-1.4285848105869619,0.005385050489393951,0.6668715643144573,1.133618721679805,5.637992148444805,4347.999982489364,0.1582777569371513,1.351887507046496,0.6179977329975511,0.8149017157472984,0.3214904111859716,0.22315637241267144,571.8751153535985,6822.292032668739,1
487.25985459945855,5.9470775662897655,1174.0416042176448,5.980020729081325,44.36534820221843,5.673394135219568,165.14094062769084,88.8705182176589,11.812921830425594,-590.3670417699702,7.381573224066046,0.010528073958691486,0.005065474294033017,0.09105069457997521,1.0055393867701161,7.109330973622791,251.70210629744003,0.0,0.13292284176281896,0.48528688869527714,0.5012812784335531,1.1417636735193537,0.41502775783159546,590.531351203016,6982.1164863336035,0
241.07775606025706,9.908252872165773,1109.6180724467067,9.522820207159398,145.62813029115213,9.9349102658404,76.20634935258249,24.722121073594966,-64.35117961459773,-620.6452389299416,1.3211670345089708,0.9924469276436083,0.008929426365882889,0.6040712037105264,0.961099835664355,14.560703692980457,1446.8024066247108,0.11066897167564427,2.602979712906976,0.08481476319384879,0.3072150058856137,0.6131663125819456,0.21726192286025123,623.9738234946459,10994.376453327131,0
256.1444005827034,8.672175606609498,725.3097104480134,4.608488719763455,41.97378631187293,11.833582587247506,71.74750253262036,37.02532006022249,22.029245477244416,-683.678742859521,1.2928274939644195,1.2189700947980118,0.011956513861165348,0.16386767079970002,0.5314109087287273,10.109198018680132,496.7002668210272,0.11942592931434814,0.5949778541120878,0.4586781877397028,0.34774997697617854,2.8485669060985486,0.3531517597144627,684.0347816428641,6290.01317818426,0
246.23152254146737,11.647111259930622,1047.237030744391,8.952807875501037,167.1868132946399,10.204273532615549,180.19065170509595,69.3237340583292,21.01049550462426,195.81314504373847,-0.6067277524570498,1.159090392206524,0.011121752686353814,0.6789821691756964,0.7686719630043584,5.811827754851137,1706.0199739048314,0.712065555253669,0.3030779543258008,0.6615419515148782,0.6380968336826904,0.6652290612629544,0.23512491949071215,196.9380532346037,12197.286212599307,0
204.0981441533918,6.715695764565525,604.8930141716971,7.217365125284308,49.96828324539395,11.762989917755029,68.50620309779892,59.52052188364206,-49.64663265934655,-286.4558907073738,-3.46878682861324,-1.1030558652899547,0.011102286862680305,0.2448247800226926,1.074701025523785,8.829755362564127,587.7764120230966,0.35773654487519657,0.8341094985087969,0.08089876939896155,0.3772163354745553,2.2218667806050165,0.3374119709960134,290.7469654827533,4062.2774532881404,0
359.66225199062103,4.05425279521044,1164.4222947380965,9.144870046001673,86.53384805536454,29.94393285582151,120.25425816574148,44.00175584902136,-47.42445167591009,126.94124716892702,-4.613166104798465,-0.6113125059652065,0.0034817718739422864,0.2405975260857264,2.255624034299272,9.683002602146706,2591.163735925697,0.33250226971776886,1.077785437441012,0.4580627327985266,0.09322052877946796,0.40235953354514425,0.3088761299194437,135.58923316795406,4720.862343247282,1
485.15228883704754,10.123747075440043,475.9049429373348,9.037971461226608,155.8355681807946,13.482364717332844,205.1225419427456,66.905403553956,-30.339022334524856,321.573013112685,-4.164399489125625,0.7151246804487954,0.021272624345851976,0.3212095908160015,0.892749630534775,2.320100650225809,2101.031966146262,0.31552615928588224,0.4534614653367704,0.0865945951051107,0.8647503812976874,1.3650686165030224,1.0194310776489044,323.0278645282646,4817.941274249304,0
572.6857920196985,7.339326601588465,974.3461164348996,4.779194720969161,125.52831189672376,5.5451194445129985,155.71260775528842,51.35359902566749,-43.113051779027955,-404.1838387981071,3.0211158836668313,1.5814577452259808,0.007532566177245946,0.21919229295705314,0.651176188280651,6.257336065979591,696.0694831354153,0.3140877786963838,0.8395332089086734,0.558932197462676,0.4155691614117129,0.6000691050034381,0.5877642270645436,406.48793084230425,7151.044371505071,0
361.11803697775855,6.084711955851455,659.9440089689695,4.559222097617479,145.4144111113036,18.165773331130623,111.4639922861173,52.07831091103052,-85.86309757238638,-185.9145029625863,0.25387607661462663,-0.4788977304818305,0.009220042720529582,0.402678338441067,0.7492913601658717,5.920692372788487,2641.5652313277833,0.41433728622940735,1.6487304613061102,0.5839653477383812,0.013309020782884576,0.6340528871978406,0.5471949621028203,204.7846146311117,4015.5692015660284,0
417.50752875687147,4.3242162727701,538.9207642333351,7.5518395122621165,122.28187674937921,24.676870573190826,185.16111118461404,56.12203245824791,-111.86519255398164,231.72106347152226,1.857639481844612,0.14605107114751092,0.008023844245307006,0.2928854411643149,1.7464065245340739,2.910550497269411,3017.534045991303,0.2083951937579417,1.9932491332562476,0.2504148027184636,0.6832828289510368,0.6561760792854154,0.7747104147134036,257.31677633989807,2330.4099384314864,0
327.71609697834845,5.534877789864328,1190.929644328066,5.469475954011913,75.5302537640822,9.919245587480365,131.03205191266318,56.49715610318412,-9.603732019450547,356.34670877068095,-0.7445008358657974,-1.2422313764833453,0.004647527094673305,0.23047465309301648,0.9881836892637121,9.088842210315507,749.2031363706446,0.5410072448909176,0.16998611402511446,0.178940532361419,0.1912004719333016,0.6153199364574885,0.27517670631437596,356.4768755500033,6591.650037682436,0
514.702348862495,8.807609954798128,827.8490382462677,6.840600812767194,176.54578284518865,20.271819722586216,162.1641371602094,9.153092074434172,-16.576179263115222,557.8444536025751,1.4040769761044611,-1.5577745458937606,0.010639149830331806,0.34300558999848985,0.7766693629570455,5.105006894516989,3578.9042826205186,0.27352090646747695,1.810992299467274,0.0866059135535223,0.47421942872917644,0.6026283754203959,0.621734549517447,558.0924435667207,7291.371430327884,0
343.11825490379147,10.880190263067625,1134.688808320413,3.6367852229725433,78.30845404040504,22.746557480687468,203.8001781851142,38.3554322684496,-123.53250743210047,-181.0442015456381,4.85203322976366,0.8762086646209344,0.009588699723911687,0.2282258461076701,0.33425750240025365,5.567653661665405,1781.247751053846,0.0,3.2207304187708456,0.48494194897158877,0.8527288925919472,1.2244782305323225,0.30238974103541333,219.22779370376904,12345.630123899566,1
347.353575023521,6.1367302130993036,1063.1447851899727,4.4389340968752755,143.3886669776121,29.59736659440417,190.54037081819035,11.734846565591575,102.26593418510546,-12.80686926668534,-2.8656687993858654,-1.8157800556578438,0.005772243158774216,0.41280319906856455,0.7233386417085833,5.579630083770558,4243.926942019321,0.2671303994027162,8.714722737403772,0.5710769272961593,0.732185189256276,0.40255923152388756,0.3267227379208304,103.10455495677223,6524.232724174274,1
312.0163168346952,7.220057007155347,894.4072883059429,5.524017529350127,67.60191003172423,26.734187762681664,244.45820347285573,43.97962502948725,49.59086384193748,-323.9277913363122,-0.4630191114371458,0.7855785482101592,0.008072448761939917,0.21666145770042985,0.7650933398275968,3.658732967843546,1807.2821559040287,0.4868077458959681,1.1275872363324615,0.30304916165720247,1.2223473042986885,1.1941154855168556,0.3488526098950641,327.70212413609494,6457.671609184135,0
344.46932416707614,9.263751715954571,711.2377590617309,9.361254216765756,142.78092027450083,17.20629725703249,85.10716414445432,81.66291634243737,-72.62652790830698,61.66706068286567,-6.052025585585825,1.1422021673626626,0.01302483114531963,0.41449531281121726,1.0105251634327872,8.35696696290492,2456.730956875718,0.11440496949127388,0.8893452641804014,0.20094045766151325,0.22629850777768803,0.9122249051399152,0.4843237296927291,95.46761724778153,6588.730010959794,0
430.1612533346954,7.911681002223612,707.4590714445669,8.104730948892005,62.60151614497494,11.903246691316586,184.62140273611303,45.72047098974438,-65.07924964308008,-242.36815794115313,-2.5527015237337274,1.7215756542345693,0.01118323493409828,0.14553034625893327,1.024400623156335,3.8319450559898915,745.1612899240747,0.40079754434909076,1.4234159936295951,0.2483948676082379,0.6783763885101184,1.7864159884242619,0.6080369461604971,250.96643003191355,5597.190495398737,0
419.34593695200044,5.167145758232945,463.37564085847794,9.721924469860706,108.12840902905263,13.763016122432946,127.69758610597897,37.209424975415125,20.60403021206352,45.448549130662286,-3.020764435764912,-0.2566425483891255,0.011151094927346583,0.25785014113879284,1.8814883350968987,3.6286953809284426,1488.1730367598755,0.5970249311635514,0.5537314867315725,0.1180926776359082,0.16088714641799065,1.0312826228998186,0.9049805384139197,49.9922163625322,2394.329477130357,0
559.2943319078871,7.119312261148347,655.5309807228462,9.99909551335127,163.0944721474542,18.43380202268886,108.40657221098536,32.3109634952339,-18.291796541809596,145.30432124708568,4.112676709385378,1.4865573798168317,0.010860374979223663,0.2916075898554163,1.4045030118876134,6.046967147407121,3006.4512105611134,0.4429160907422983,0.5661173348949426,0.2266853970510479,0.014485707172860367,0.6658947318217361,0.8531928289509063,146.50887243958692,4666.92974862276,0
282.43647156708425,11.021078374451246,769.1848573660766,4.127403525486692,56.899395441740154,9.94511134182924,113.72263413720862,47.19449337908297,-79.04004336069909,306.81859080488084,-0.8543474677709444,0.24575913620508594,0.014328257074886755,0.20145909317602215,0.37450087779565405,6.763691882462376,565.8708229508769,0.365546550439513,1.6747725783561511,0.2015714547137855,0.03384212852007832,2.5181738687465662,0.36718932888802935,316.8370338637038,8477.246597472633,0
343.10102476512975,5.789942348557901,1133.0773779045942,9.220363993552374,171.03085576496136,22.84860746034969,89.27366652976514,9.111231226927885,-127.15756946655611,-658.2754952932632,-1.7099233384222972,-1.5649351761314882,0.005109926701797957,0.498485412225279,1.5924794131756574,12.69217925004581,3907.816886981288,0.0,13.956134610078486,0.2704567579229722,0.18842121336577147,0.2987722115370959,0.30280458462565746,670.4465668597732,6560.452694522754,1
392.8442881017698,8.579447537983137,430.7335486152357,9.390402287558004,192.44546393207202,5.087048092115294,100.43040248788706,20.316504765260746,50.04389678075199,163.05765798717084,-6.738488677670711,0.2866001450872524,0.019918224539428573,0.48987721028596787,1.0945229568669297,4.288876056901062,978.9793301318896,0.07866444889744362,2.4632138922991422,0.2575030116522777,0.0869963410192085,1.0350061847370515,0.9120355016801547,170.6973891508679,3695.455883193724,0
566.5545641689503,8.401016382543716,1015.053834611327,5.408343512788134,166.46615840710524,11.608040324624639,63.71449461216487,18.66196017010391,-29.803659780905548,29.799545738555935,3.0956555473045633,0.05687916912629909,0.008276424457586072,0.2938219351410325,0.6437725230516167,15.93128597801865,1932.3458794750304,0.5689306555744942,1.59702729559194,0.3941554325677155,0.4207773217075921,0.49718360396985123,0.5581522327689042,42.25936755120468,8527.483893733579,0
413.0120516739733,9.884522975673857,1171.562968634486,9.013791062027895,139.44294723679204,19.591016870870234,174.60547168380742,51.34018462608077,27.08742347164916,184.09401715684248,-3.7882717549250886,1.0493502445151552,0.00843703944244222,0.33762440265754423,0.911909566522445,6.709772364729017,2731.8291318398606,0.44696314430726125,0.5276066626743054,0.13108006202129033,0.5873224698527948,0.605053149666655,0.352530818002347,186.11471372829558,11580.341080916247,0
292.0845435117345,10.244106716610181,1017.0302727614171,5.989103405189562,67.57830105350334,7.772709626586731,76.55456928896291,38.25873632644663,-51.30216657838275,79.55253387333266,1.1774141272783263,0.3254166498123796,0.01007256813388221,0.23136554999113937,0.5846389119979201,13.285036833301671,525.2665111469416,0.633450520675165,1.340926844541903,0.22814143093529043,0.30404937010033717,1.4905033090292574,0.2871935588688755,94.66733462673906,10418.566648191118,0
412.7793823808249,4.4370975946468745,489.89589927415295,3.5466121828397545,181.47360665040068,21.78201072248989,116.68265537522214,23.79872063262089,83.06242920846772,566.4383974023077,-3.1660695057061865,-0.19551486926321893,0.009057225425281238,0.43963825325697947,0.7993090319037733,4.198532315696542,3952.8600459079403,0.036950970021179974,3.4902056497362346,0.3028277984051723,0.06075141250201945,0.49909326168457674,0.8425859105830716,572.5048901047234,2173.7159162967114,1
453.55218785450893,11.249450925984911,1181.3362934448528,7.725848895437281,191.9876731235808,6.891486565626682,128.26288573928554,5.740749272772364,-72.54051902163363,-494.6173613508779,4.725699670441128,-0.20919406448201006,0.009522649044482318,0.42329786574674594,0.6867756432086367,9.210273779790862,1323.080470097084,0.032140021426153575,12.636071630176218,0.13992197530484124,0.16602623399350488,0.49600314903304604,0.3839314768971683,499.93078849677596,13289.384660192782,1
447.19444836861464,7.515057860543954,696.9020452421853,9.38723349910056,171.39068931052176,25.279644709205595,177.07770986285465,80.47630952914315,47.347477311961825,-375.6324046700115,-0.11811713230786847,0.5176046081470345,0.010783521029748656,0.3832576409116049,1.2491232500532063,3.935571822009279,4332.695732235831,0.44479197282292515,0.5883405636886931,0.4418136504105157,0.6097973623895877,0.6291777618217823,0.641689103112342,378.6046764075148,5237.259193126443,0
558.6249359681232,10.146820046803844,993.7864568195417,7.841500998042917,106.44221594118136,15.081033008617544,213.6971726422522,29.971324800031027,0.17774909416584705,212.79102892690514,-4.06943195364955,-1.4367050869835918,0.010210261950315921,0.19054325914884557,0.7728037909288554,4.650442701379243,1605.2585721193525,0.4259742273396455,0.005930638547070934,0.3866340052729439,0.9427015694750202,0.9592304951597386,0.5621176784355816,212.83001165939177,10083.77234229869,0
403.5496696360101,9.615703106988398,1109.5449354385498,7.250334166005041,58.612336045540715,5.064465262164656,154.41509112777484,85.6847312305706,134.59334782186426,611.0672652459647,-2.947218757180467,1.957714863842579,0.008666348518086626,0.145241937872003,0.7540097781030407,7.1854695505145125,296.8401398369623,0.0,1.5707973391395085,0.41708304651317074,0.40377355570704404,1.4785878029759865,0.3637073693428255,625.721390102242,10669.054683039705,1
288.97816695666984,8.225848558211538,432.48667791052935,4.892662849067502,161.88185685153329,24.83495801222681,207.51684805584262,17.102973624002964,-51.16432362292042,-301.684950619412,3.5709859000286235,1.8900124729977836,0.01901988888525547,0.5601871537783208,0.5947912624993991,2.08410392680091,4020.32911784914,0.3338802745716396,2.9915454907276744,0.1107025985306903,0.8865168005076601,1.1749240622251558,0.6681781930319994,306.0136424774657,3557.569915936026,0
574.1394781320512,7.212567630426374,774.3943731018355,6.935912243984863,82.45864790937277,29.091436065269825,233.18256899461,87.69693351796583,77.94531058323345,48.66311941874528,1.7625744728969899,-0.48496296991227794,0.009313817198253192,0.1436212820230547,0.9616425937866517,3.3209788211902564,2398.840483684113,0.46188759746951713,0.8888031480287205,0.02652795422173587,1.1198415363146363,1.1295136937595267,0.7414045066370205,91.90580668408442,5585.371788618623,0
289.91644074722853,5.97858618831814,867.3116643540093,5.56551437650677,172.84030544276635,7.784627671426662,169.75253984925828,18.603801806823697,-74.52494253547002,-372.4550971200952,-1.9954447732352367,0.08577033519205646,0.006893238537004005,0.5961728317210607,0.9309081112490288,5.109270619009233,1345.4974244875953,0.2957828212532111,4.005898542099873,0.3000262814701066,0.5432049077205299,0.39882124249581385,0.33427019681922987,379.8430573677735,5185.297537474098,1
309.47548758343385,4.362281800733093,831.935048480728,8.90072574535209,163.05787309081123,15.944736658461785,97.26286747745732,78.39617768028349,40.61905718643085,253.06104099511253,0.4236936758352128,-1.075899829201127,0.005243536510091083,0.5268846148819822,2.0403830270333065,8.553470302256368,2599.9148465218673,0.5909562428915363,0.5181254799447509,0.13036339934744165,0.11579211384129709,0.32157518129595736,0.37199477068383535,256.3005614363252,3629.135121379483,1
358.66957898536066,9.90783412484982,752.2841541099076,4.0971367147640665,110.48095602676167,17.692194493394098,146.9900167637416,74.38054549860317,27.553988936551946,-212.51195273794121,0.711116582628744,0.42098664753588366,0.013170334734183834,0.30802990412317915,0.413524960464169,5.117926854305083,1954.6505618415883,0.6711792954946811,0.37044617986929657,0.1762232218464479,0.3362728796703783,1.1920909456099926,0.47677407137431155,214.29199249995943,7453.506613673924,0
248.17559752460326,4.223892473671203,678.2934604752435,7.175332042377743,96.23081832525858,28.551693341783988,108.39494352047757,28.90313845537771,98.39806587211251,29.508702274385996,-3.4588912809692056,1.604457597277288,0.006227234552300932,0.38775294301736735,1.6987487458792463,6.257611641700822,2747.55281485171,0.24733334836450382,3.404407657113949,0.15770588052447457,0.014591422541113017,0.6471143715366715,0.3658823385245673,102.78573250303036,2865.0386426417763,1
549.4558985743213,5.612447421370724,965.343373180654,8.461608350044749,87.14497421686532,17.622868429266056,102.36796364049484,37.209020883717336,41.79274669795123,505.46926890819566,2.6798255883756967,0.2807864573896808,0.005813938933333738,0.1586023090169407,1.5076503554982394,9.43013164324373,1535.7444148956004,0.2386487387076851,1.1231885630250413,0.08213455814507263,0.06938214872277422,0.6671571121090027,0.5691818205204546,507.2011405274332,5417.938925545078,0
351.8204428298712,6.169093743141987,556.0960443629798,8.727113673619328,96.66633199456999,17.084975697198367,102.33576647713637,63.31774104935918,-12.486342024142004,187.81111671333747,0.5309754222663443,1.1589186243278018,0.011093576021042946,0.27476041817534363,1.414650844513592,5.434034096839657,1651.541932864537,0.7438564764500413,0.1972013185752838,0.17341381245230503,0.06967485020785114,1.1476152857094135,0.6326612936671564,188.22647590908613,3430.6086278656676,0
382.2787440084735,9.185728322171045,862.4313983359455,5.564106810269225,80.49026107163526,29.696768043618093,99.30194872328792,72.17339770131012,-43.26412552282851,-117.85409314143146,3.269157506041548,1.0468423916942715,0.010650966952148119,0.2105538493394525,0.6057338748893185,8.684939313116333,2390.3006128146153,0.4883267198527651,0.5994469832482774,0.2273973833280276,0.09725501160647344,1.323261573554706,0.44325698802951435,125.58685925782034,7922.060521624072,0
550.4908443358015,6.15061775110793,455.8915407798488,7.3991409913792605,57.13129165305858,11.916601606662132,156.3654146792032,29.340567900370296,27.29884065294172,20.46692983131311,1.1019248813465108,-0.0258509943535552,0.013491405742222533,0.10378245567733417,1.2029915190301705,2.9155522767943833,680.8108419035208,0.7792344739927226,0.9304128245110481,0.1961083377933544,0.4215037698109383,2.3614739579409205,1.2075039677071677,34.137020317519344,2804.014603300483,0
215.56821231462936,5.018060946277812,799.9659681500877,8.35120300263879,114.25613827069172,5.432325610369578,95.01129974669612,55.04516946771854,-38.5950081280989,464.26579611382533,-0.40698679489668876,1.0400062010378832,0.006272843028412848,0.5300231283818919,1.6642290900897416,8.419692923713585,620.6765460698062,0.36947631108190204,0.7011515906174672,0.1287553707505463,0.1362609113936716,0.5490158448687844,0.2694717286700688,465.8674379390164,4014.277983125275,1
331.76488644470714,9.667840949701226,447.8409674180314,5.838132274864286,87.68552760750511,10.483640895474418,194.1648433987599,61.0232454270718,68.57126904939872,659.7639837448271,-2.9988334773291543,-1.8695392917110354,0.021587665383629148,0.26430020532663884,0.6038713612727262,2.306498743947648,919.2635831672916,0.0,1.1236909569378357,0.48731647333397954,0.7651349399887264,2.4619416650212904,0.7408095966687779,663.3246009218369,4329.655243757857,0
465.0752956413088,11.638186636381633,550.0728950563832,7.522264538324078,172.62062270020556,17.72561170637118,128.8129984075747,88.70447505270955,-56.13075766424144,-180.0853427698546,4.396696892603933,-0.033148215716831686,0.02115753519392862,0.37116704395612515,0.6463433499862471,4.270321332913223,3059.806130495846,0.31022341113010565,0.6327838322800252,0.5625398738410241,0.17102725825067905,1.2256667171612181,0.8454793897700376,188.68154011472149,6401.851016280955,0
538.2178570216017,5.550171772166138,547.9864758039218,6.362449210301115,40.76024719399689,22.321323872406452,116.25020828352208,52.37044442822824,-37.31654476924791,274.6550750237652,-0.9287873841115157,0.36938021228995144,0.010128300637390323,0.07573187448583846,1.1463517655811144,4.713853711706393,909.8226787365509,0.5690218553920061,0.7125497057866076,0.13635211302841235,0.056820075304746226,2.4848476971165185,0.9821736133761529,277.18008116715436,3041.4190695357292,0
300.36279178549944,11.461718985321646,731.1033986530686,5.365265587980175,184.69218944935557,21.382240381609677,176.6497139963056,80.37244543412429,21.41757733953959,378.4540006943654,-0.8734391366631797,1.073974140765066,0.015677288611211326,0.6148970328563577,0.46810304761887434,4.138718269695917,3949.132791411915,0.4963815224834457,0.2664791051691228,0.10997326792476274,0.6059064908755054,0.848833329549661,0.41083490015073915,379.0605573738731,8379.701704575056,0
404.114907670545,10.787653424920872,469.8283118780356,3.7783949941089827,141.91846103909597,8.750594927745421,159.74031868932698,6.199244539183241,93.80820475006597,-184.73738588855804,0.15085281018446217,1.3867315625868581,0.02296084155039443,0.3511834340810686,0.35025179668642326,2.9412005418105323,1241.8709653221495,0.3695798159546917,15.1321994409379,0.35221042566578376,0.45218471535751803,1.6178896940031737,0.8601331538646199,207.19050118173527,5068.344997755883,1
578.8565867264879,9.32905091130377,1085.824213079588,7.14764673756569,191.06031126587564,7.3484099148022795,224.1531023321064,9.717808468156845,84.61086880442747,295.9752211193089,-5.553558704241302,0.04503835188373806,0.008591676994239192,0.3300650206752375,0.7661708361892495,4.844118603680198,1403.9894856313701,0.05214349358080572,8.706784979522798,0.5884279008208291,1.037755475746422,0.44968402580916916,0.5331034063835702,307.88175108431693,10129.70936454583,1
536.0337490592531,8.703226464145391,1172.7422334831494,8.178127659512628,148.3000601860206,14.035544813966133,60.42912993400146,25.48012728100513,34.613387204881946,-156.28246106540246,2.1394654129843413,1.9734129244566292,0.007421261224895116,0.2766617968482196,0.9396661908321001,19.406902511487036,2081.472140654767,0.6044199383439026,1.3584464011168993,0.40713559787591636,0.4506442733272595,0.5004219968344069,0.45707721079267766,160.08395148392444,10206.64124207152,1
436.6949697830768,8.729177495495321,691.8670869787865,7.170101057839419,91.09261862194211,5.027301857808548,224.55827284691216,41.502747269344944,35.75688441119159,-448.3137712921041,2.5307877153080893,1.7928212804800667,0.012616841673468663,0.20859552988941302,0.821394806273505,3.081013574816957,457.9500908307351,0.318780996462528,0.8615546382781893,0.10844207930200198,1.041438844062838,1.3850564254642643,0.6311833269739949,449.74459107298253,6039.430605529126,0
357.29066384040334,10.010698717803752,1127.0992452189832,8.06986118582844,189.74859382095667,19.71631629980774,169.65611368568295,30.893327989278205,-20.005234737457585,416.17246667856637,-3.0523095859692226,1.2071739880582584,0.008881825411797504,0.5310762721348764,0.806123669617228,6.643434302091394,3741.1432932177263,0.34286286684941336,0.6475584224658661,0.10941137451313226,0.5423283062334814,0.46808385943445946,0.317000180202397,416.66419096441655,11283.050968951253,0
413.444207627162,5.81670225034217,759.3008988295435,9.900510576597929,118.18994421871511,5.220598145112155,106.08023074761981,88.16866059067286,-54.87902187496145,-651.0017163281136,6.590662903876516,0.742018190789997,0.00766060235054189,0.28586673132278373,1.7020830963138136,7.1577983331883015,617.0222035591332,0.0,0.6224322963205701,0.14827151295851346,0.03563426593072902,0.6481602475728092,0.5445064114430564,653.3439970961812,4416.627246908638,1
305.81861120697084,11.921789336714411,435.6826138571215,9.08329414252136,52.39241244065678,18.224923277934003,145.9027605611957,84.18214610175481,53.88663473734186,-573.294820134419,-4.803479844234155,-0.2697226332223899,0.027363472760985736,0.17131858729552213,0.7619069491983385,2.9861163159718562,954.8476970768447,0.006273292713636969,0.6401195174117635,0.48987820456233744,0.3263887323745063,5.222793050802818,0.7019298027514623,575.841813013683,5194.116340073694,0
491.1021115412849,5.0149289424147,1150.165553715011,7.285405986817357,93.33797871313409,14.92848615998996,197.82685696699747,36.983175393317104,92.17084872956814,28.76553494392249,-4.637776714378812,0.8642419164037047,0.00436018008556819,0.19005819058729004,1.4527436122174477,5.814001047930957,1393.3947234204597,0.18193843980383206,2.4922372876133156,0.08190412154837626,0.7984259724272497,0.46713890162211585,0.42698384589508465,96.66659365567503,5767.998523893838,1
303.36336342692516,7.3552267943811005,843.0553133232474,3.787240324549639,163.1667488603719,13.086585610377222,113.69325482779271,27.03982079527244,36.85876531582035,163.45115176337924,1.5319882180612368,0.9603479325389861,0.008724488984462318,0.537859110662438,0.5149046291057723,7.415174405906441,2135.295627728177,0.6373914547624918,1.3631290530691913,0.34936668106205915,0.03357504388902467,0.534697727655786,0.3598380303554394,167.56250947417274,6200.863029700504,0
589.4535064992093,10.97082466678982,571.7922075897692,5.067691516464457,95.1638617464273,14.787860377003282,165.06907285846214,24.7635737961888,50.261855618570976,-201.77710660778826,6.343414225846153,0.2777277472346009,0.01918673343422128,0.1614442202772017,0.46192439222960596,3.4639572252280733,1407.2699004426106,0.11060115596506337,2.0296689012757296,0.4495269468546413,0.5006279350769285,2.0161785242959205,1.0308876173459698,208.03964474415326,6273.032055304046,0
450.20208616604305,8.573339263424273,831.6002746574741,6.047442347587226,80.74635061774285,23.883049633362106,156.81782837471582,7.884860244583726,62.37809454403279,117.42951963549297,-7.113336942422431,0.5084126653758956,0.010309447368756013,0.1793557895419482,0.7053777019401213,5.302970225237192,1928.4690995164115,0.01808463353206724,7.91112240535672,0.12413019841524721,0.4256166215883256,1.276769450245676,0.5413683711822675,133.15899640363529,7129.591286195332,0
379.1789751925555,5.621626887358499,417.58134315281563,9.87586994282584,81.46344251363281,19.827707722445883,117.04757287219397,36.50283771788696,37.67373035306781,-264.72491562988694,4.086173205972021,-1.7794487577931175,0.013462351658036697,0.21484166539630492,1.7567636808187983,3.567620693927409,1615.2333282245836,0.34744475256020113,1.0320767564491868,0.3101949518250612,0.06406884429267243,1.6525635601249957,0.908036198000813,267.42342404029534,2347.486506327144,0
524.7869288353934,6.48464306061855,1026.8938047715897,5.63176493013768,187.34098982466617,11.699171861420064,86.13528233916853,64.33822020970001,-145.6649629047815,147.3100263576365,-0.2652410486139214,0.4432750265648968,0.006314813693964119,0.35698486286694125,0.8684772434645744,11.921871930808399,2191.734436647317,0.07056737110795819,2.264050239966386,0.28985798630773363,0.21695197873483157,0.33707592235282835,0.5110430371640239,207.16803719771252,6659.039785104269,1
223.65612880233047,11.663779530734633,1195.6786632867856,5.869554516942879,191.01886876031674,9.193157274039105,89.39004543512935,11.214506400779577,0.2427450334007517,-70.24688068464206,-1.8025127227285296,0.6566256667386385,0.009754944943712736,0.8540739293987384,0.5032292064057207,13.375971087904789,1756.066502822627,0.7581754945126609,0.021645627968421087,0.32790732838883496,0.1873632233170059,0.5106796520689729,0.1870537090521671,70.27042210766332,13946.132318180558,0
233.39695120642307,10.620076078456206,1151.7223366385801,7.828465570004144,194.32665067095022,28.35278547607478,96.9755961527132,67.15304963084814,-93.4179923685013,57.33853533779154,2.93522737968188,-1.0003391915418653,0.00922103856164845,0.8326014957199764,0.7371383700240058,11.876414091076017,5509.7018387575745,0.30671035792992374,1.3911206249311991,0.35078429804926203,0.11840367133897096,0.47451229822626173,0.20265036439912767,109.65055628046294,12231.37883635907,0
357.33759696012623,8.033450586925483,484.5661032160816,4.589883520181079,104.17620115522318,27.873475294263812,126.37802869148038,26.23238873142616,105.40623314217862,-40.02524574676943,0.4001372916130812,-0.38581537827284773,0.016578647440683943,0.29153439783960866,0.5713464557373588,3.8342590736165523,2903.7527691503706,0.3374233906923165,4.018171361417153,0.3488561277767073,0.14889116992254892,1.5914044913177103,0.7374382867238639,112.75040750332008,3892.737846285425,0
385.6027456536406,10.018788186387084,495.54646943384483,7.996388218703211,146.77504380863155,14.268446992126783,244.36387636210395,81.04995045582987,-11.290333259286584,24.91744479738111,0.9231741374398856,0.5419149895906585,0.020217656273151162,0.38063796345596845,0.7981392629468116,2.0279039472247233,2094.2519323505458,0.8611983510361529,0.13930092733911692,0.4759285380344897,1.221489785110036,1.3774587115444077,0.778136399789482,27.371571581192146,4964.775113769633,0
546.7735339409089,5.713501011500024,959.4949438896364,7.192132485816665,168.2172340025893,16.891302668788,96.43667442649783,59.38668901044069,-141.15235553641412,-260.93920191069765,-1.9396894049127829,1.2750215816836574,0.005954696320064409,0.3076543094362152,1.2587960466516905,9.949481870830633,2841.408213644072,0.0286825121532277,2.376834908435429,0.07342413036361047,0.12330295975911063,0.3539884813450654,0.5698555656003542,296.6766201813982,5482.075332442596,1
404.2632740186855,9.015958719524079,512.698237363823,3.650541134462349,48.11977133199781,27.598003704955396,227.7020530071677,73.64527232875662,73.1198305205825,217.25634378170457,-3.029823844292917,1.6706980317093567,0.017585312494698784,0.11903077629004129,0.40489772058928064,2.2516188615466017,1328.009627502082,0.347287648811921,0.9928652336863047,0.5576565754809855,1.0700186637015245,3.6544879595064117,0.7885013923537455,229.250972432573,4622.466143644985,0
247.85218209641715,10.055590790336522,667.460689795302,4.260820260509554,107.50933685647018,18.718821943131772,99.13271116834791,39.447904023211215,-65.74788171486523,169.76754654280364,3.0548883910777684,0.20097175915350718,0.015065442720559902,0.4337639311751062,0.42372649696567066,6.7330014677175045,2012.4481338404394,0.4002421720128695,1.6667015230056093,0.3836630166892563,0.09879353483320082,1.4013148216766462,0.3713359990869708,182.08002678008606,6711.711565217301,0
433.09238267239186,7.43505215936437,852.749516178967,7.848997610276665,109.59255412646415,16.192745106322178,193.26621458252464,10.173319572484607,-17.653107402792543,-259.84027126250305,-1.4440049282973755,2.1625784958403624,0.008718916889779826,0.25304659816509467,1.0556748550029922,4.412305161670371,1774.604294520651,0.6123805145434074,1.7352357091522257,0.41318959375947795,0.7569655871138604,0.7955756628975582,0.5078776058566518,260.4432451052986,6340.237131663351,0
552.0619789943373,9.448135733015802,948.6016327425722,6.751054860632012,141.91619554008082,12.359517980575529,76.87391648929159,75.35576690335904,68.58007215917831,524.6857599095376,-3.1943389221648566,-0.30430755590838654,0.009960066909962614,0.2570656935994799,0.7145383016716151,12.339707355416332,1754.0157705125016,0.12062360911412862,0.9100839255889958,0.4573865841022757,0.3011462137337128,0.7018273617086664,0.5819745190594182,529.1583664181799,8962.516982712228,0
436.95906899672593,4.0631805065572255,420.1226205024099,9.23440410661037,143.2450444417724,24.076812976596553,208.96304018181252,40.739080981316,-46.61812088292123,107.37897120400964,-5.861618410968998,1.553522390556406,0.009671415696917748,0.32782256876065824,2.272703388812715,2.0105116203175153,3448.8841448488156,0.20014925485935853,1.1443095857832806,0.17310014909573468,0.8996640016528411,0.6751658135614651,1.0400750820657596,117.20857998406943,1707.0340419891309,0
576.7610391589412,4.727478568615829,522.3585102647025,9.831631962150318,71.65690252571865,6.973491892580112,240.91658191522103,80.87293033380486,17.989312601025617,213.83423882630746,-6.026432493004509,1.9254938242684183,0.00905025662589512,0.12424019248979083,2.0796777435268097,2.1682131886153084,499.6988288105024,0.19281125211259142,0.22243923308793584,0.3664482277598601,1.1901507446838275,1.2629985816993496,1.1041478751187006,214.67420653370644,2469.4386624104727,1
520.7487731454084,7.332106949407103,420.4478133083435,5.3396255915300195,77.0786982546717,24.83955029579921,145.36568110964367,28.826396157986316,-54.48826742571396,-104.61362256418124,-1.1427600473554058,0.1459922777047451,0.017438803859422054,0.1480151317286907,0.7282525511935963,2.8923457730797963,1914.6002020316487,0.6082345698222251,1.8902212793817466,0.09700576919087998,0.32150619190585156,2.2624673553519816,1.2385574538914472,117.9588369457029,3082.7683338211255,0
361.6807521225568,11.100884219638434,884.0909637319403,6.9238616525162175,65.5238294233567,27.85819060718282,165.76576239882678,5.5178544672294825,4.093594995038643,-103.5278932337942,-5.8795031032958445,2.1706941675919627,0.012556269292448356,0.18116482295179956,0.6237216347385465,5.333374943885261,1825.375329388405,0.25331720036460215,0.7418816533401685,0.26254570961348644,0.5069614763529707,1.9162905164350075,0.4090990259597538,103.77548243276425,9814.191428016831,0
584.0093031800296,7.152230241470832,849.7820436972535,9.536592866768341,66.0497681882493,18.76214008195845,80.07785486874764,57.48740920457255,92.92873014410722,-225.01681353115464,2.3084459596901192,-1.1142064255351123,0.008416546683373922,0.11309711648187301,1.3333733038223854,10.6119481483376,1239.2350031288163,0.293097076132092,1.6165057954414768,0.6174183510966746,0.2720195011932033,1.2742734629114536,0.6872459915004876,243.4617920345193,6077.8368315903845,1
244.55323580771523,11.591355558948013,489.7501328481062,5.170955312307113,69.22143887991314,5.186595510294199,119.68560707862837,87.80520408589481,-88.30746527907095,534.0513838909438,0.7774543732790207,0.4816316744596607,0.023667896712021966,0.2830526394438708,0.44610445137414184,4.091971831887531,359.02360411066184,0.12839009920802924,1.0057201756821248,0.5905767827913714,0.08805097344207605,3.4191569974558815,0.4993428677303949,541.3036980246386,5676.867924884424,0
494.8087649302133,6.399731459974676,1099.661862274626,5.480625421467552,79.01313910023957,26.67742038701278,106.93376924212107,40.31770930670301,7.768884257694225,146.56951816494143,-4.032410151425712,-0.30372657341927756,0.005819726662827949,0.15968419458249372,0.8563836554306357,10.283578986024095,2107.866727874608,0.4614910211206569,0.19269160850868608,0.10655163860497475,0.027874825071626606,0.7365517595048066,0.4499644680835911,146.8306492165102,7037.540615333263,0
448.69183481490666,5.254519218595494,867.2544359145629,5.850387144998944,125.50167680932384,5.046871196831322,221.20005738705268,35.76366646091991,51.66532200168112,-335.2957320428643,-6.2394416504888985,-0.35048337005491614,0.00605879774261903,0.2797057291249695,1.113401036634275,3.9206790728677507,633.39079784301,0.057544607767203604,1.4446315804375778,0.3278940874475211,1.0109096126095698,0.48276627824058727,0.5173704696497041,339.3102769675677,4557.005100925265,1
364.19882504839535,8.290709091098742,440.4755303192826,5.443225467416486,198.06306776997977,21.554812228201897,139.5974914292912,23.90086374993851,116.68874471393958,-169.08632263575714,1.5434307278580839,0.87481557300638,0.018822178578431242,0.5438322535600185,0.6565452252160873,3.155325542095374,4269.212235123541,0.2165595236471347,4.882197812379889,0.19272866523182053,0.26906810390264735,0.950312382331185,0.8268310041749711,205.44787617254656,3651.854483624616,0
440.42012581417646,5.569040157142271,943.6350842272852,5.730030943049418,47.886039421715424,12.558467383812461,232.06116937052508,39.94684221495789,98.59087376009326,50.39687440084754,0.7419283109087189,0.9124509136459764,0.005901688322348244,0.10872809078193593,1.0289081747239113,4.0663204739807695,601.3752642175709,0.37369083256784286,2.468051748109802,0.3868754438763622,1.1096469942775007,1.232444443854327,0.4667271630482279,110.72739406204761,5255.141677750081,0
222.95965032822386,6.555147905258947,657.1371799717185,5.9660084860629565,149.56494695077527,11.193594967074116,147.45117538585004,59.81340318245818,68.68216170182089,-371.4274400640652,0.1941338209081911,1.4930724211563753,0.009975311251664475,0.6708162070159214,0.91012568629865,4.456642534399084,1674.169437438905,0.36721571848394485,1.14827376553561,0.24776176689348403,0.3404652307804549,0.6669551559395493,0.33928935559211465,377.7242648500626,4307.631408759382,0
569.4709495961001,4.607190727914857,925.2405215969005,6.469704448651488,150.2102555518659,19.92401763851384,228.9579560156593,10.694006714550126,34.82879532657984,68.61222203219643,-1.698866112677119,1.0707526205146296,0.0049794519591113105,0.2637715859929347,1.4042623435256771,4.041093560136516,2992.7917811010475,0.6840311964129662,3.256851828902654,0.5006946329708817,1.081435963778721,0.3314988008519806,0.615484229563609,76.96472011360149,4262.759552192347,1
298.4940970734831,5.0194460875083085,1024.8723548660637,5.1675642427318245,45.10871653134197,25.630339091232607,156.13831542406342,32.763816256415865,-102.66631643652588,-51.2413201569226,0.0054468303968580045,0.4294875855782392,0.004897630484104802,0.15112096679163853,1.029508864651845,6.563874806017758,1156.1517006685847,0.3551462340708075,3.1335274142987415,0.31105116777551717,0.4194392311278493,1.0857392674211603,0.2912500231431182,114.74338957751364,5144.29153182789,0
368.01189567326077,5.029022392970317,431.0925084287105,3.730481725168103,96.02864288445878,22.97005196343307,84.93850675856143,71.89330989097617,30.560467234140688,35.76116821976325,1.8463162248350438,0.5040576582057898,0.011665761512072213,0.26093896423858476,0.7417906371589548,5.075348329987662,2205.7829170339755,0.6971070447115482,0.42508082157414406,0.09032150973819934,0.22783175674035064,1.214821032731703,0.8536726769264158,47.076662940498245,2167.9738783297303,0
596.0963095421232,6.873717488116367,500.69131219938686,5.861048161211135,75.73662352228322,18.275141676543754,131.89364423795627,45.838200214377224,31.457801824347484,568.8602315819403,-2.36705518660132,1.0810020182691389,0.01372845368121565,0.12705434056529968,0.8526751603254009,3.7961746761357453,1384.0975249727821,0.20512255462111606,0.686279166224347,0.1870044540033794,0.19903312943596604,1.8126572116297825,1.190546540389628,569.7342883496965,3441.610628812857,0
542.6373143475121,10.229949710896586,836.303421257526,8.197513081686942,106.22632870284058,24.725653039078217,217.51985940833544,16.669976134493893,13.58994524725486,447.06714906787784,-2.06854930705635,1.30976105285169,0.012232342294515664,0.1957593514013521,0.8013248660406647,3.8447221487376457,2626.5153471215117,0.3784153775574658,0.8152348352277624,0.5039827914246701,0.9774532673485039,1.1515358239231477,0.6488521995181648,447.2784382057101,8555.341942515253,0
426.0271133016852,4.632537371708862,482.32237937890875,9.795254693191204,148.67758603975545,23.811727958345482,188.39511396025287,20.267496144088028,-31.519070046921627,255.87783916463343,4.224048799453062,0.7974772683615745,0.009604649441467397,0.3489862062710349,2.11444698816923,2.5601639513892485,3540.270232282161,0.35200351371426775,1.555153622472288,0.28724712272280156,0.712682854184117,0.6460052047723707,0.8832829068605202,257.846394080749,2234.3764476843344,0
527.5335461704205,11.082967185979605,1084.055944203196,5.650188426520662,159.09444144202465,18.987268871730606,172.59938165348223,45.581132246969254,11.841766638144165,-273.7783441945679,3.256480144241351,-0.9955175628728608,0.010223611839632335,0.3015816578812012,0.5098082789298858,6.2807637768922735,3020.7689356575224,0.4630716746853747,0.2597953594917892,0.16086965150629962,0.5690852877589293,0.6426127617637668,0.4866294484074517,274.05366965242666,12014.55645737016,0
529.2067531493287,11.937731542407494,869.1215644303463,9.756819585346882,191.8150772002284,12.830968262585984,224.05241365061545,72.36017657249606,-16.6674267855838,460.82310286407653,1.0203131211341976,0.8264820340124182,0.013735399086814645,0.36245772764374196,0.8173093481526905,3.879099315509467,2461.173167841611,0.4008946791827557,0.23033977492972357,0.18407452045253173,1.0368401240965042,0.7160750493287233,0.60889842665012,461.12555371372906,10375.339913886693,0
422.2487524767673,4.721575656064978,854.4007801585092,6.0357131309621765,53.0575090403819,21.20292012560471,198.92761992833994,19.80576015769841,35.05411840114891,-560.8867869690977,0.5959562121664348,-1.6428703558815956,0.005526183690034819,0.12565462592645835,1.2783260442325344,4.295033442144894,1124.9741262467674,0.26168963347176133,1.7698951275810304,0.39800252321024393,0.8084329084394539,1.0415460111082218,0.49420454929644536,561.9814357941075,4034.117924119342,1
254.15872468198307,8.779820773252784,837.6824526842736,4.6975299605232,181.13679402682774,28.91870921135471,108.11097218962732,22.585049126590697,2.9648702755013687,303.7030397275896,-3.3471331604001637,-1.1038379103586857,0.010481084741740363,0.7126916231322601,0.535037113153147,7.748357412002302,5238.242273938884,0.43474521553876155,0.13127579483591442,0.17321541832988707,0.017172980094297102,0.5786281466474467,0.30340700568282847,303.7359545656751,7354.701799466728,0
509.5995288378596,4.181266727646734,643.4318627810928,9.217810398167163,150.46626746833948,9.299916959153583,153.24906338126914,66.36185538312878,28.059772886012553,367.2978271480067,3.748325346645167,-0.9681123990946121,0.006498383075985897,0.2952637491864983,2.204549721073416,4.198602252989275,1399.3237926093493,0.3209716337029819,0.42282984289716236,0.45752967059722094,0.3931733034660831,0.43188305161841417,0.7920023211707726,368.387153175794,2690.3602393543424,1
357.43818219737165,4.958006617657752,591.1127601875733,5.468132864603295,91.10986232588579,9.375997202420296,95.85524163351724,81.62498398233362,117.7295552784957,86.30179610393952,-0.19948011473650418,0.5216695430482403,0.00838758178064785,0.2548968377294857,1.1028893840376792,6.166723385326919,854.2458142804034,0.25590645767785836,1.4423225529082655,0.1568839581223254,0.12858871242257056,0.9206008621379294,0.6046869671430347,145.97358661468348,2930.740976791928,0
305.5774451205701,8.282778387339294,575.5649870156371,9.138920417702494,159.57873124260823,15.256974710354601,201.97329093624106,5.594655053796707,-50.04867824958225,142.20641076536845,1.3678494133870185,0.15692215874621418,0.014390691883963164,0.5222202547692749,1.1033641116937116,2.849708416135733,2434.6886668789475,0.6016547149789206,8.945802336038156,0.20073999784907146,0.8361208266931005,0.9017925992960136,0.5309173629636857,150.76274231160897,4767.27723496234,0
287.13315147356667,4.142473719757365,749.8092605904851,9.56845825944528,62.132054219481425,7.929638070864959,73.10102900671,70.02652990921786,-38.183487460418206,488.75281677145915,1.5921178418290083,1.6931148470813726,0.00552470333121134,0.2163876024089168,2.309841632503037,10.257164239393397,492.68470255984573,0.31457452083722115,0.5452717350112757,0.1713815035006032,0.335445190848091,0.8891872964147186,0.38294159136877737,490.244662853047,3106.065156826786,0
460.2180227423659,4.019514243242139,894.7789586405943,5.084498335998719,100.03738265406746,22.658722268371108,165.9033819920322,36.33568725318324,129.89676876879798,143.69258497807766,-1.0319706374465376,0.8587848917458896,0.004492186818238153,0.21736954597727534,1.2649534317603421,5.393373829374784,2266.71927001328,0.15856664669226805,3.5749088179808184,0.12544441701758843,0.5082125635639291,0.44905081471116476,0.5143371089565615,193.70543223578733,3596.576768809238,1
486.7474977598719,9.000880515747765,825.9942475294663,7.202101235409472,142.19046102183256,25.66449486850258,173.40882560115037,68.62936486442501,-90.8551949763836,-249.60407635104957,-6.366295864584693,2.1558133578776006,0.010897025666545783,0.29212366098691206,0.800155187351817,4.763276867056914,3649.246357244838,0.0,1.3238530642949262,0.32710859462041036,0.576443869101367,0.7663682632601215,0.5892867888798557,265.701695719641,7434.675528707709,0
456.9113616636257,10.989269855855131,596.8455843894603,6.678266482949888,44.75475413702932,5.222004831661221,194.03611197849824,15.05495790957606,120.45937567608601,555.8251534201304,0.7892709663248052,1.3619510009119384,0.018412249572218146,0.09795062651555904,0.607707934243846,3.0759510603654987,233.70954234337714,0.0,8.00130936264292,0.4803497322013459,0.763964654349984,4.114032112844111,0.7655436743006493,568.7290086776321,6558.897189131336,1
321.3199499546229,11.942640519256233,1126.8954958037111,6.655759362228997,155.65278652406323,18.10022236546955,204.57680491743497,75.29348732962842,-38.25534652367932,74.1563253155798,-2.1048492278786544,-0.07087057647335993,0.010597824344606724,0.4844168142875805,0.5573105337548505,5.508422600785628,2817.3500478905066,0.6325981173784001,0.5080830743859784,0.18335044405411866,0.8597891356130452,0.6808631301289518,0.28513730967169665,83.46893141899558,13458.107809152743,0
255.7241310566122,6.91869032328485,885.8663645954753,5.499335743742544,50.48442140236803,11.620218432933346,137.64951367092593,89.34294393714798,-52.29463140531948,-81.55969408136923,-1.9555673334700527,-1.974280126535679,0.007810083551873224,0.19741751079092254,0.7948521305014233,6.435666505246696,586.6400041557716,0.5793185745471738,0.5853246949429864,0.4687872454894579,0.2513592151902357,1.547028436678663,0.2886712277120792,96.90478015072578,6129.035044450244,0
391.2677830543396,10.3020473889648,556.0643192969438,7.420346463658394,97.38322437815383,19.904341266549388,188.35649636007705,34.500836673425205,-128.46987828921374,-74.71369596701447,1.7637373290937894,-0.19555584972883366,0.01852671899896423,0.24889149732174387,0.7202788128898353,2.9521908192320994,1938.3489316597256,0.16212455177117835,3.7236742837651127,0.5374775975155637,0.7123317850916095,1.9024548752896258,0.7036376359285853,148.62623174279466,5728.600968709569,0
282.93851380200283,4.19649115928106,474.4617290820503,5.230950765209541,171.1952425017169,18.165937748430007,140.65459923131016,61.28385023647667,33.44979853797516,-281.4449074783877,-2.6202424892331253,0.21727952879443535,0.008844741107781417,0.6050616446706771,1.2465058465905845,3.373240062358612,3109.922118113568,0.475833744580497,0.5458175099786006,0.14963381689560737,0.27867817483009233,0.5166464312051613,0.5963357979355028,283.43780735542623,1991.0744515100296,1
491.6282885652162,5.6121566395099585,759.2745090889503,8.772635491689394,101.044827286503,29.606377932248222,129.30948094051786,47.3016803240673,21.21765937162617,-61.01532579013792,-2.0277820322936986,1.0402420298175983,0.007391472481071382,0.20553094611661885,1.5631487243120503,5.871762097925482,2991.5713447429553,0.703940999291138,0.44856037304092417,0.04398336124079914,0.17554073582288962,0.7315042916658727,0.6474974237645863,64.63103705231349,4261.167477394217,0
302.87887236983454,8.881670453315268,625.4431298737084,7.722187314034414,54.9828487275235,23.354700546726438,139.76576743311514,54.92111018749713,40.57058158488084,-401.98508777331153,2.0056502829178093,-0.00385633423581222,0.014200604386059345,0.1815341172440246,0.8694521323015253,4.474937900462743,1284.1079672372703,0.3838531480604813,0.7387065091433056,0.24958934029782737,0.27059788575559224,2.5827334732023,0.4842628496550804,404.03218376177637,5554.979766828339,0
380.60682409173296,6.9420248047581925,490.2722746538844,5.746282691326542,96.01999332690968,18.052640975743792,244.7467912585976,44.95148941340358,84.80301417821394,-308.46831836928055,-1.807034688155479,0.02660790036921945,0.014159529640257603,0.2522813235313069,0.8277531200101638,2.003181623475776,1733.4144660240152,0.30673414706380686,1.886545146442411,0.3705316417585692,1.2249708296236146,1.4746438892210778,0.7763172501655912,319.91798953113965,3403.482291732487,0
265.0132752867623,6.4249308271736,536.9476931688596,7.901141673661308,43.96293142499925,9.004437291668753,231.49554080477265,89.79116759887738,26.53772452264093,-374.84693539473994,-0.5316252989163193,-1.1342532161857308,0.011965654958411533,0.16588954412728338,1.2297629167063127,2.319473158326122,395.8614591743393,0.49852911641991793,0.29554938678593057,0.5792677568133093,1.104504916407024,2.7217600306806062,0.49355510538234265,375.785521838091,3449.8517864203573,1
463.63666918839385,7.712528239215267,634.037067204168,6.881157385673307,81.35895582422889,17.166908661053633,87.76572712500634,53.058583412453466,141.63487901924128,276.0977944112926,-3.0056941545782916,0.0014688803097051562,0.012164159854603162,0.17547998515011662,0.8922051462560933,7.224198875502933,1396.6817633932346,0.0,2.6694055873719,0.750817412575654,0.2021297534090333,1.4951224153961729,0.7312453690331278,310.32155134783403,4890.028785521374,0
578.1898302966669,7.046477645216162,507.900854703385,4.209765857272793,41.017915573421746,23.598886019293047,246.4651233213174,89.3895089840533,28.622335986161318,51.3007401716369,1.7306895539671583,-0.24529236109211894,0.013873726692843069,0.07094195266695649,0.597428398872562,2.0607412840364963,967.977114366165,0.7120503999262473,0.3201979327492158,0.6923606639294246,1.2405920301937947,3.382357806068718,1.1383911346916924,58.77073545392057,3578.9120186535843,0
517.0669736937693,8.777264695238404,1127.4709512976674,4.253758851084411,88.81969009505733,14.01640384308466,189.82314462349137,71.95833886376818,14.037252031596552,586.1018433063052,-3.4836484747280663,-2.328439718680218,0.007784914267756677,0.17177598766472446,0.4846337667578877,5.939586310899932,1244.93264558995,0.14322593702018227,0.1950747092449137,0.1242933802791549,0.7256649511226488,0.8764851869472909,0.45860780102462856,586.2802665776351,9896.110975731874,0
481.96945987480797,10.223524790068243,1060.3174973877178,4.8606529228306865,126.2827137991065,27.50027746313211,134.47058646738344,41.540062668832235,40.011913345552216,187.84757647324182,-1.8333148849150787,-0.05399795129146323,0.009641946695452756,0.26201393306519577,0.47543807274303496,7.885125849770154,3472.809668272731,0.5874602729382414,0.9632126379908762,0.7750097652758183,0.2224598769762131,0.7635207072593791,0.4545520196188652,192.07036793818472,10840.182219886452,0
448.5393762683724,8.807008483827921,436.0043099184888,9.0642146443386,47.424569732665844,12.83774015961685,235.91398240457096,85.72833713200853,25.285066743573736,-324.2824675451435,-0.7682848628773513,0.035188145374807966,0.020199361069330703,0.10573111802851068,1.0292047136076887,1.8481495054870516,608.824303409594,0.5544576688389576,0.2949440942105129,0.04398850869891489,1.1446725673142815,4.259260797345193,1.0287498679823304,325.26764920450444,3839.893656437669,0
263.96287989047033,7.138467925660037,481.1000661487349,9.571267747956261,144.36672714094016,7.370575032598627,209.73091785228755,36.314503928615146,-74.7672691445343,244.52350009888312,2.3912002664836605,0.007312037575405661,0.01483780283549813,0.5469205639855278,1.3408013943091692,2.2938919596374023,1064.0657946029921,0.3666510852171849,2.0588817429946795,0.0644821924144103,0.9066447077480686,1.0277854966548146,0.5486652330013704,255.71000073257625,3434.3173912356665,0
576.4930227042973,11.095339811258334,669.5345995590719,8.548308778012128,55.280660917151124,23.5090227176356,113.66723462641379,16.529550337448295,-58.855124000137494,-70.82158261060067,-0.5686406363007315,-0.1377533026890072,0.01657171984624136,0.0958912922446703,0.7704413675855373,5.89030428829916,1299.5943133472163,0.6150337701036619,3.5606004276352925,0.299827875819074,0.0333384966037617,2.9977427135101222,0.8610354462397493,92.08661974855494,7428.713897502677,0
368.29291343875235,8.386062249175751,862.8483004870538,5.5282943414520735,48.61206439065786,5.105648155127616,218.86382906251973,22.01970491440284,52.32945324722252,9.347020489864462,0.2625281071812786,1.9527530069035919,0.009719045913913317,0.1319929399041834,0.659224100321392,3.9423979018505437,248.19609687310717,0.6710911296625258,2.376482947916092,0.3232402051548786,0.9896711732956339,1.9993073809432989,0.4268339095422234,53.15832380914821,7235.899559479937,0
459.4833946847013,8.84623769963115,455.90429078541763,5.315572072240793,111.51584037223063,20.76564260774191,157.42508983877178,69.85779934506826,112.66291089160077,-72.50275496833228,-1.5712846410625048,1.5900489560375863,0.019403716697623374,0.24269830349093047,0.6008850601496306,2.8960078171296315,2315.698086271738,0.26338051400480655,1.612746349696663,0.2039072426194777,0.43113718035247073,1.7399964554681537,1.0078505598030625,133.98526002508652,4033.0377245695636,0
334.2230789499437,5.376497507337342,771.6102950000545,6.222694062471229,118.59854344169165,28.19958500138574,150.88163330850278,48.74323772815975,-50.37702518202036,106.51021560312245,2.412497875200879,-1.9850022707374553,0.006967892396169964,0.354848455750879,1.1573880679715887,5.114010751874405,3344.429706824523,0.544149142637743,1.0335182382215196,0.14102113321453133,0.37165121189547984,0.5875192219030658,0.43315010325247166,117.84774431448143,4148.560827703624,0
467.18083656911216,9.318069352185747,929.7621074386199,6.913570841957666,114.22746314301551,22.740011487467992,175.9939514793439,46.648347795546165,-28.049686596200047,9.74593983852219,5.2172740320651085,0.10721815565931525,0.010021993021264204,0.24450374288012416,0.7419531429368408,5.282920802808069,2597.5338240564993,0.32457873151087757,0.6013007517251906,0.292948717125323,0.599945013448581,0.8773715834620636,0.5024735175066855,30.149431334716738,8663.587798147435,0
222.04904556886183,4.274285872427801,854.8888143786987,4.821314947477894,136.6886661680308,24.535575713679435,86.24085462512583,42.451699056109874,24.78892198772192,-180.07199413487626,-2.659785493941804,1.0370050112572429,0.004999814947320597,0.6155787151340892,1.127981396513233,9.912805457398973,3353.7351179675725,0.5696426300765087,0.5839323876049707,0.5772439229658015,0.21599223068067425,0.36578123757344627,0.25974026310104287,181.78968118102318,3654.0391817954246,1
579.3280239383491,9.644130087501889,639.0426891663831,8.120675639403578,85.21700976034863,18.56722093853155,160.05319511963503,26.028224707503313,47.98013615939017,-203.3427312340209,-3.024236095396965,0.70912369542891,0.015091527140514574,0.1470963016445019,0.8420329843878194,3.9926893598638724,1582.2430479413924,0.45462077041582427,1.8433887327535885,0.20763759239963925,0.45502904654213666,1.7709524404758734,0.9065560623094986,208.94857217876742,6163.010825787633,0
590.2711367591608,5.88488187678252,561.0505480310351,7.535689408284685,128.98985337196584,10.646287094530873,187.36932426207602,13.245612960048577,107.62696161097873,-122.98059252866142,-2.5045410760912477,-2.0403143444536402,0.010489040421464826,0.21852644545720956,1.2805166808895612,2.9943564681179407,1373.2630112793895,0.24228905804507472,8.125479880440658,0.44493398018468217,0.7033574932916001,0.8131678691980337,1.052081918163476,163.44436891589007,3301.7162020667392,1
300.86689553926,9.144726153417933,808.8050011699099,9.716617195603334,184.74800764632246,14.91681497312693,239.90525279226435,80.20906698375083,-63.514434037346234,542.0509460027725,-0.6474329156133045,-0.5439744641440845,0.01130646588509021,0.6140522948368534,1.062537798572749,3.3713517805725575,2755.8518467140316,0.21055497624339148,0.7918610255148999,0.14085541391385129,1.1809568435660396,0.6119939277902828,0.37198941043152045,545.7597736760792,7396.300247213697,0
428.16212665804443,5.489299738205429,978.4484776597671,3.9760805524573217,134.5920018911395,15.906483310032833,107.554452695284,73.6280640672218,-55.329201526411794,-4.37063969609801,-0.8920639036484275,-0.027474770244545255,0.00561020826700515,0.3143482188433556,0.724332928075301,9.097238218782454,2140.885431745318,0.6366176769914986,0.7514689164704467,0.1430658442965958,0.02223224822469092,0.4168307320031387,0.4375929202548444,55.50872734004617,5370.99697226526,0
233.1384182010888,10.526884744934183,609.8537417330222,7.019648367083543,142.2462202608855,29.057613339379163,153.82422164717073,82.9718406444735,59.76203698283333,-664.4230944836551,-0.43024939096344106,1.192945340443524,0.017261326814229132,0.6101363359950136,0.6668305521689677,3.9646145139083115,4133.335667328974,0.08775969408076312,0.7202689071212487,0.05920236192368741,0.39840201497427935,1.2134822832248995,0.3822857879638142,667.1054899055412,6419.860050490382,0
567.67437755664,4.920360658764922,903.3377349684091,4.170075877963408,63.37611346126762,5.513457850720725,129.0391759327843,59.36451797587322,37.161247470045595,139.70138289140982,-0.5815869599419727,-0.3182421680111309,0.005446867177464908,0.11164166636170617,0.8475142712424976,7.000492125267074,349.42153031119335,0.7004616360657855,0.6259841524384747,0.274356537708263,0.1730834175707664,0.8594511212483495,0.6284187581032384,144.5606202902237,4444.747452716374,0
461.77908657329186,7.341806302587972,974.4824443501371,3.8392493161000756,128.81327815685887,8.621947472001992,189.65251000599,15.196228661493004,29.665132247613457,-462.03063158318844,0.6048644334372391,-0.3133773261117465,0.0075340570219139,0.278950004238475,0.5229298019952866,5.138252292676532,1110.6213179648187,0.38873668709379605,1.9521377907917652,0.3225743444368224,0.7241137273271818,0.5848820191300081,0.47387111922908276,462.98238676369886,7154.4613516911695,1
565.3002434507471,9.098481460093007,794.6442501518047,6.6507401553365675,69.01792765518566,13.647934311366342,198.15349641025833,50.980207772623025,-5.814552832331884,-573.7121942157564,3.186327917016035,-1.0764041983888868,0.011449754350270427,0.12209074461719914,0.7309725457492532,4.01024591817733,941.9521429446083,0.17887485409175563,0.11405510268348432,0.2206189570647366,0.8013954219114393,1.6589536572980756,0.7113878233470575,573.7505063196829,7230.055977375705,0
293.7673207769922,4.414045379102321,750.227070628111,3.566111252972213,51.36040172326135,19.883168892359325,197.64964828387522,19.27560821356354,-92.38057830813375,348.97755015747566,1.3351097089849162,-0.8706906936750158,0.005883612511351741,0.17483361181024829,0.8079009042035379,3.795741996720348,1021.2075418430284,0.25736449986614174,4.792615479864803,0.603242986242257,0.7968149843988657,1.145554223476221,0.39157120860893757,361.00039373994275,3311.5363343834842,0
457.92066113379985,4.194859790272059,856.9752618669645,8.756474466844242,137.67093981186002,12.384832097402771,197.57977583385173,17.412688097795375,90.28596695669135,486.24374135107314,-5.742640338057213,-0.8488097791089126,0.004894960189554762,0.30064365183040725,2.0874295935112386,4.337363266307225,1705.0314742615292,0.0,5.1850677189883445,0.3510584580361774,0.796179780307743,0.3555550791070486,0.5343452506857622,494.5882224138039,3594.891067263597,1
527.9070354475236,7.405059546377451,438.47427227689263,9.55260124932937,103.34161853568992,14.024415931408594,204.30783945097446,27.437638316821918,48.046957062938844,-29.72621488127345,1.725883188561986,0.017793622666917308,0.016888241829844972,0.19575722920245595,1.2900100518438768,2.1461451183428943,1449.3058413694794,0.6283837502460247,1.7511331153265268,0.1472176893483949,0.8573439950088587,1.6342149531955,1.2039635363466776,56.52553942207091,3246.92809576491,0
480.21837940887906,7.231972665452232,724.8236485044255,7.226524039642975,44.44545534514589,28.946647409668724,115.08208434837478,16.97572325035481,-53.82238374097966,98.55794394875954,-6.8590488725726075,-0.84315628997307,0.009977561687417924,0.0925525911770717,0.9992465920349387,6.298318740128568,1286.5469248381141,0.07078628041311674,3.1705502585790986,0.4544661318018101,0.046200766803407074,2.244900318814626,0.6625313348974528,112.5058392191465,5241.904813257362,0
261.2636730138615,5.762251882468498,451.84615912834124,4.249356239443963,196.46317158702638,11.9946702919313,118.3348524745172,15.804038086730289,16.28913618049569,157.66991363807085,-2.1669972251560425,0.9167934299746987,0.012752685324546053,0.7519727841252654,0.7374471519324796,3.8183692266455815,2356.5109676935067,0.6498840139891029,1.0306945662306843,0.23750850821275138,0.0757713861319746,0.6491132776453757,0.5782137741700993,158.52392091137946,2603.651381023445,0
203.1798737204489,9.841308016442882,1190.553696797749,6.633128483590532,99.39848479062954,20.145823861867836,212.8925872530577,25.4214194708987,13.370224317545379,-475.9046232011689,-5.698287466163893,2.1111784962286393,0.008266160562865164,0.48921422663836234,0.6740088281464094,5.592274076610196,2002.4643667285718,0.06821820275598056,0.5259432634299203,0.2884987140889192,0.9353871568459792,0.83161836724944,0.17065998305405713,476.12649974832846,11716.605640301395,0
404.1700998590479,7.069984369835066,860.9580675374787,7.682007394716052,168.5571274066641,24.818770705246187,186.31214544784007,81.00976957441958,-155.05061008618506,3.3688528546455245,4.361928098521313,0.1743929045268171,0.008211763890030917,0.41704502006815314,1.0865663900888176,4.621051759497409,4183.380695840964,0.0,1.9139742144772787,0.46774841460299427,0.693746776798546,0.48717986693134957,0.4694422586863719,155.14853294308364,6086.960080573377,1
215.07587828602004,9.893357355186296,633.5548063611459,6.442158719776231,124.96086910585737,11.252033932680026,183.87248416955592,63.94258853831948,80.7064553442533,-421.98840920587253,-1.5498412528928975,0.33239273385099466,0.01561562986477728,0.5810082939179138,0.6511600145929352,3.44562053002406,1406.0639394362943,0.2448793608886496,1.2621706000514443,0.6294616689170532,0.6715680379050538,1.2496415859231023,0.3394747796505866,429.63955991766636,6267.984103426673,0
464.33251885423294,5.7895965906321205,813.5422924751927,7.6498926585388745,74.31192183642885,14.389085256253535,101.10437392578453,81.75014687643089,-13.494545915661632,565.5055698249814,0.5026048794298159,-0.35179410216309925,0.007116528106999013,0.1600403133939397,1.3213170449417517,8.046558827142055,1069.2805788604235,0.28533745355315265,0.16507060147621827,0.025598489264108775,0.08086932794741337,0.9576563128946532,0.5707540015424482,565.6667790176577,4710.081682849414,0
492.5350198575054,5.794747189170041,1094.8001295693946,7.986873087651022,49.06403508797126,16.019167717535677,205.87373374077143,31.425983771219528,-32.72795856124554,24.741490654988013,2.5663828149094465,1.5756434354892903,0.005292972692147217,0.0996153229919893,1.3782953469614523,5.317823258346916,785.965006973267,0.6182823960288972,1.0414298817024907,0.2136670712119393,0.8715793976433767,1.0787887059547745,0.4498857887888894,41.107748079530296,6344.089973525245,0
354.3443904427178,4.371344606330447,1127.6170050441228,6.725144599850728,112.81078896824162,17.879187175352932,210.88935844169808,24.080042308517935,126.89441273146699,725.3782529674197,1.073823554636025,-1.088767829000533,0.003876621749030292,0.318364822503034,1.5384613215145704,5.346960194560319,2016.9652113624318,0.0,5.26969226655304,0.284425883475467,0.9171759858336189,0.34363927284664536,0.31424179385167444,736.3945647257023,4929.202513006118,1
421.2349695683545,10.678495433151216,711.855718769672,5.96006923332254,45.7824539025718,11.352114460613873,192.65637732766214,35.6332558362367,-41.42606025947765,-532.7645533094662,-2.605383261133735,-0.9619986690499918,0.015000926664756276,0.10868626113706975,0.5581375457463419,3.6949501939350635,519.7276569897734,0.21476391850867904,1.1625673626306707,0.16158110553494273,0.7514216120696559,3.276566759981733,0.5917420601697088,534.3790562452783,7601.548041944518,0
200.2284225612689,10.289203510265956,532.936150828504,9.511954115840908,47.03643965769032,25.519683364110673,184.76118443496176,26.227536105300693,-73.3733166402728,340.4256083548388,-0.7608743894821179,-0.19268507466542228,0.019306634564516468,0.23491390011474222,0.9244597121973965,2.884459484595392,1200.3550466393554,0.36721105530345954,2.7975680348198533,0.05140691697164072,0.6796471312269251,4.104612233625954,0.3757080885768272,348.24390496948024,5483.48851385227,0
509.504459478537,4.313567129466241,1132.104359384853,7.235799456832529,120.608448749523,5.264633650694529,230.55581998247987,51.23068999131005,-1.2123226318072682,-9.685871300735926,5.946839406912628,0.25467135843659605,0.0038102204038946434,0.23671716018533429,1.6774514548305832,4.9103265294750855,634.9592978448053,0.25650787183362533,0.023663991876996134,0.24887141307904173,1.0959619998407262,0.3159165417845333,0.45005078838790474,11.430254938085191,4883.408151767939,1
327.546942374341,10.871923548797536,486.1410823404806,7.621025850247714,182.42120120428763,11.317353197542616,122.09858823554346,30.962551171882808,59.78831743925126,405.15389156665583,-1.3209069195609544,0.7157466177068175,0.022363721034345998,0.5569314733391874,0.7009822885565288,3.9815454819400005,2064.5251647489094,0.34932282953105487,1.9309880864579796,0.16293960130786386,0.10998716577766782,1.2259387004749294,0.6737693115697957,409.5437260524355,5285.288681135393,0
403.41712371099425,4.601596576627805,944.601678438233,6.745786738145045,72.78716817774772,26.94255680222049,115.36217307704828,29.18731401353116,70.01755191056351,55.76595536969671,-0.05749333280891822,1.7462172324966545,0.004871467711380635,0.18042657066260784,1.4659665674318132,8.188140473111154,1961.0724131017437,0.5568149088695751,2.398903574275576,0.3960123014743073,0.048747027973166206,0.6692756200494588,0.42707644176325005,89.51146663599462,4346.675849778251,0
201.77981545871356,11.954749039518099,1051.4634846401032,6.662063259138433,148.85461923878128,16.914855914769316,201.47139154295886,16.417926394606,5.213272689328278,-265.57936401179165,2.584507412498013,1.2835345091301553,0.0113696283457813,0.7377081741322071,0.5572733678570791,5.218922034476067,2517.854436671834,0.5356310741567987,0.3175353917435678,0.24502180028842738,0.8315581049359896,0.7638075596124434,0.1919037783112165,265.643099815535,12569.982083089626,0
237.62424361606045,11.875379264127467,669.3605181914354,7.675700189617118,57.71517730985211,22.737159718033162,219.68670594187233,13.9492370981029,-56.97795541795384,131.32886722144013,4.184968472694097,0.8733266235745525,0.017741379931122767,0.2428842126189151,0.6463541095317669,3.046886771421407,1312.279204648711,0.34622601904600203,4.084664631996459,0.28724298484109634,0.9971518721988394,3.073953985426684,0.35500188188288173,143.2175713046218,7948.910017956188,0
347.8035045439402,5.120029511844747,684.7582901616748,6.403855729090729,89.49557419946537,9.133674203938694,130.94797565391457,45.87716072339705,-42.89393280990717,-499.27902094959245,-4.322330356054243,-1.1688679229800734,0.007477134027301637,0.25731648195097134,1.2507458627486348,5.229239220707301,817.4234174323382,0.1320802756855689,0.9349735714579989,0.028451245430718086,0.19043614230831427,0.8354752840220677,0.5079215681519126,501.1368204113436,3505.9826541081234,1
264.67600726452866,11.481996438185568,482.5319941912228,7.6281031168630875,166.77210381454586,11.635976568123098,197.76482059635111,19.44109021756532,25.8780221702429,263.46066968310265,-3.761306690325462,-0.34285806832958965,0.023795305961899313,0.6300990616345009,0.6643533777361553,2.4399283590285106,1940.5562922026484,0.40362081399128225,1.331099330368917,0.5711515990463594,0.7978620054213738,1.4268157214326567,0.5485149388034986,264.75525288335865,5540.4306386142,0
599.7864441626757,11.535117811589828,1117.273570289533,7.544879370625644,123.64661301317027,18.406964597041707,62.838019403364164,47.45490766536265,-55.81279030574265,471.52641418097926,-1.226247699850843,-1.3498260955709407,0.010324345011222803,0.20615106296006,0.654079090813011,17.78021619551105,2275.9588282775417,0.29816013831603017,1.1761226193783203,0.07209310151254768,0.42874527815123487,0.8349880970959633,0.5368304237316253,474.8196821062777,12887.882261065351,0
355.23294004548495,9.888512834459592,1177.3821867020547,9.24375021578186,117.45193790994222,25.320432079909164,73.36278699484667,53.64314954471508,-46.847521969039605,670.5577623691005,1.1978874240320723,-1.6911832235402064,0.008398728081794865,0.3306335777726676,0.9347968062062016,16.04876579708946,2973.9338165024,0.09959704042961603,0.8733178861913976,0.23258981501250153,0.33306557277412113,0.7150778634435727,0.30171421315666574,672.1933039850778,11642.558864267367,0
487.23489977504346,9.71004890765142,812.3481833147523,4.965539644677385,61.16702275919945,28.931376211494733,184.6043822692395,73.78552610373764,-56.89041123222722,-129.34118078422784,1.9659817811414957,-1.5628583600114503,0.011953062870196837,0.12553908348404494,0.5113815277248079,4.400481577571484,1769.6461471834598,0.5385265498245739,0.7710239966608494,0.3876160348548201,0.6782216569930863,1.9541678393034274,0.5997857935582525,141.31356984095342,7887.940590028025,0
293.0248934209959,11.799738255237795,1016.8263973226999,9.587748422460294,169.05915084928475,21.293361875080002,114.06506978397114,32.78492254445966,89.12420464742074,-91.00170869786615,2.691602582715012,-1.8229972583689378,0.011604476719237877,0.5769446714084916,0.8125390762972544,8.914441548569396,3599.837677327559,0.33938162022049867,2.718450974729598,0.5190297512147548,0.036955179854283086,0.6864151784119157,0.288175930711997,127.40360891446481,11998.285339424288,0
229.56505194476154,5.795891824220103,472.366727949497,4.323546293150284,66.16264706020317,12.550735802106962,62.09316919915174,85.76223027542605,98.67352574446463,-254.42488888478124,3.5195114684324533,-0.309207041024842,0.012269898537053122,0.2882087081622658,0.7459673893641142,7.6073863525063885,830.3899032206589,0.17840356344397534,1.1505475712044084,0.5544867135367606,0.4355166436440751,1.8545053866856946,0.48598903851946457,272.9118460746129,2737.7864565560913,0
530.1571532508686,6.572458892472548,510.2159188847237,6.870582970059384,187.33332731601442,5.212021613059942,70.66727272851875,40.44881926973115,-26.150805547822046,-155.8213739897726,-1.3123874707310792,-1.819112103791218,0.01288172056026638,0.3533543330827584,1.0453595956192707,7.219974666983561,976.3853508174997,0.6974056833621443,0.6465159186337817,0.11705786318024554,0.35757024792255676,0.6876363509273541,1.039083912571239,158.00597325333595,3353.3731531549547,0
350.03521026621803,8.313686418364565,486.1998002977995,9.697508503945905,184.99425868828445,25.659907607265723,229.62873644372985,17.468468965426318,-5.354443677744541,323.4847845166887,-2.729763526754554,-0.5746304739016503,0.01709932092376919,0.5285018571348514,1.1664510802962857,2.11732994671136,4746.935585815993,0.4698537250625179,0.306520490624684,0.27453623026155916,1.0875339676702713,0.924316302841677,0.7199410819416625,323.54061180911845,4042.11267634738,0
219.66621021568665,4.356911773560527,471.0495056112063,7.268816431053153,95.71485664650419,11.077674434897453,101.66824598146633,85.62943021176342,-4.124654574058184,627.310501818394,-0.9820464294531934,-0.1386088875700331,0.009249371290406627,0.4357286291438421,1.6683414328385582,4.6332018523962395,1060.298020512854,0.20589285891761444,0.04816865607838128,0.8020441766087523,0.07574321835030612,0.966346460149501,0.46633359678546016,627.3248304365053,2052.3211369273304,1
480.66484086576776,8.547413768440409,809.2308402133759,4.836129639354571,81.29732172902007,13.962431026484838,61.76403323046561,40.475893214320145,88.3662623683278,69.53345322384564,-1.660934946991687,-0.8008984013827849,0.010562392513595562,0.16913515368128093,0.5658003426967579,13.10197533884844,1135.1082472793898,0.4036086930777968,2.183182515588422,0.40487032845202103,0.438508788813949,1.2992300716623961,0.5939774128467809,112.4555741040835,6916.83082548641,0
489.7509993470277,9.904067821506718,459.2157659321447,3.9112650847150605,97.77919091671023,18.18991786371989,204.89762024512825,33.45016459723607,114.8301443733099,482.85621541539365,0.07136178348803668,-0.15827555540151117,0.021567351463647653,0.19965082469883,0.3949150142350333,2.2411961904816864,1778.5954515559451,0.0622082943603437,3.432872326816536,0.17300643420146058,0.862705638592075,2.2057199759424315,1.066494305466409,496.3225684114882,4548.104090497115,0
215.0061822317765,11.445180529032076,1032.1675496248772,9.884050395047087,185.62568507136297,12.89531930290211,191.40084834281026,31.057097435664716,2.2583115550431785,625.7588660721556,-1.505131962278199,0.1282378519409173,0.011088490946253466,0.8633504541337264,0.8635993438439006,5.392701017584854,2393.7024798151747,0.19536898986280749,0.07271482982984188,0.22775990873297702,0.740007712207366,0.5973575769964455,0.20830550457618693,625.7647512134359,11813.343941665393,1
289.2976577940226,9.572138506392903,1081.414652473678,7.4240385545373115,96.66542814285134,9.697281054916283,85.52577693670224,68.25485282767025,-86.72983878552633,325.3135682992713,0.3850684002230249,1.2239816881949563,0.008851496957709192,0.3341383019826461,0.7755882919557684,12.644312524328596,937.3918249950436,0.32065827146536496,1.270676518847703,0.2927772092516673,0.22249293693907052,0.9156838311033523,0.267517789898879,336.676596948824,10351.450836320793,0
322.0865832813088,10.033218704275741,1076.7935264010428,5.759755860341311,49.79738909069886,21.643167039319515,200.50443787327578,41.04124744841387,72.34337015253558,-50.97724544183734,2.3959557165993193,-0.1483744189620939,0.009317681113676155,0.15460870360814152,0.5740686045133994,5.370422409710479,1077.7732102119826,0.4539290945228067,1.7626991051737988,0.12868560546845637,0.8227676170297797,1.8711184027550767,0.29911638153863707,88.53238594808121,10803.704949729976,0
428.9781088590929,11.992432490991039,969.8614355642292,9.015837081479251,95.42208624492085,17.722867064499187,245.11110822575256,40.47802693213598,-26.547257384059236,-378.3201363419329,-3.85056103221653,0.9137903410057229,0.012365098818486674,0.22244045622445568,0.7517938573556393,3.9568236730869257,1691.1529495359086,0.30513799700114674,0.6558436612675668,0.5950542988241915,1.228282802052296,1.2958319509750653,0.44230865681294923,379.2699688304586,11630.997791619673,0
203.04588168902677,5.509893703225721,1145.022436166429,7.427127400285171,188.72749737156383,12.753000507586322,196.14685187372115,70.62213859126709,141.69118622936753,121.56564650026598,5.216350361087206,0.46172960733036916,0.004812039947158606,0.9294820254498334,1.3479620116694848,5.83757743358324,2406.84186977505,0.0,2.0063281720965698,0.1485414107500532,0.7831531988520104,0.25497291142926215,0.17732917301501158,186.76672341507347,6308.951911085583,1
388.6541348166148,9.44226319071595,788.2352770783802,7.785584140230865,147.86295619330372,22.736039013231096,216.42696083346195,50.96141768159298,-44.91189558132008,-57.92652548380727,1.6063728846482013,-0.21487874237677307,0.01197899087403701,0.3804486893290673,0.8245464019564711,3.6420382841531382,3361.8179406226336,0.6473608875616403,0.8812921151826992,0.29922170004317017,0.967517825758745,0.8101414432954169,0.4930686891573466,73.31535414344054,7442.724942380978,0
510.3288127939048,8.52391163211291,604.0371189585292,6.891322314424354,42.39320894942948,22.045023568544906,176.71653552774188,6.852705847431205,-66.48278316706102,-309.3372465066984,-5.943160470581604,1.2268688463688786,0.014111569247283507,0.08307038106929285,0.8084694693997116,3.418113178569553,934.5592904364216,0.06508681276335826,9.70168348784191,0.24905780001611932,0.606513959343108,3.3287334450470794,0.8448633317002195,316.4566537305914,5148.759024518576,1
221.6688174005375,7.1720307737975775,1120.2017680943118,8.732154202545065,188.38777097233046,8.820789628310264,156.1319738373776,54.701893159100216,69.29664663550126,299.64307555614323,-0.29219553219432726,-1.2324333652296993,0.006402445504079718,0.8498613976540015,1.2175288252313794,7.174710858783356,1661.7288962932219,0.42623721978800055,1.2668052718751848,0.4477808513469987,0.4193815803397962,0.3398546238449883,0.19788293833676115,307.5517571757624,8034.121553634861,1
233.42566254274027,4.142738778042499,980.2062990781371,4.6147937973270405,70.04997904080945,15.595180566016776,110.17151193915828,57.409051778426104,40.20214476444421,-157.67771889223536,7.540798427257511,0.853846676666457,0.004226394772139963,0.3000954491367601,1.1139475705749406,8.897094011194579,1092.442071787114,0.0047739081213399315,0.7002753663238849,0.3662923743083387,0.0015591994468934444,0.6033399053092886,0.23813932104116456,162.89671304124172,4060.7386456725226,0
567.1866527319668,7.368005223474942,643.202492418685,5.976731054842142,198.29425398268768,20.469905683440153,163.50824518592134,8.05301991385132,47.004523406177285,295.88856896456457,-0.41606033855448743,1.0462221456981577,0.011455187612486468,0.3496102262413337,0.8111735637482843,3.9337618215357564,4059.0646765937436,0.524808035807624,5.83688155611397,0.027617171879433217,0.4864385925992849,0.5776863112476561,0.8818166276052976,299.5991381341827,4739.119323892973,1
450.3743218038827,11.785805398470679,929.4496438851272,3.60526855450408,152.8013242612045,11.271620186430763,223.81019370062484,37.630642199221775,-18.40779126168283,-210.3890812909932,-0.1851216198541099,0.05993918562764211,0.012680413055198623,0.3392762794494808,0.3058992094822725,4.152847680961246,1722.3184910559455,0.7120182429112685,0.489170266195019,0.21293099767882165,1.034638124551135,0.8298627722310988,0.4845602177233665,211.19291317564605,10954.312630507982,0
589.6593012082756,4.413977504264651,1036.5971038859461,7.697157626620002,81.82980130654528,20.878902957070324,84.44220641986016,10.899553205287269,-45.339403581652164,-320.9383177051918,-1.605527377738813,2.0733528438679523,0.0042581418448090795,0.13877471471893546,1.743814421161694,12.275817364740798,1708.5164804757053,0.46941935799861434,4.1597488197643235,0.02215924619249389,0.2323435780012713,0.5203656585768204,0.5688413550431394,324.12905301243705,4575.516297538454,1
220.89459939925308,5.368313928900088,893.2429501390073,8.538151214832798,160.96778152569536,19.592039627875767,76.10404768582957,6.469533310794061,41.165429710446844,-191.9568225758013,-0.7807786188689594,0.05443212044160539,0.006009914691254676,0.7287085422797333,1.59047166911533,11.737128014878603,3153.6871544626724,0.6349050009514425,6.362967424831801,0.4136929396408863,0.30814502103791297,0.37336134189656517,0.24729509408932615,196.32275454438565,4795.20857112304,1
207.6628951513009,7.843095747252481,1116.8815492296312,6.318732072744102,193.94331513807916,21.31219951609956,80.79685423313089,48.28812639086809,-51.94127143299468,624.346011688454,6.759532137938651,0.2399075160970554,0.007022316513924198,0.9339334068167268,0.8056426029170459,13.823329631212944,4133.358627036515,0.0,1.0756530707477905,0.49395053428084273,0.26548314333517375,0.36208087445162085,0.185930992677367,626.539327787234,8759.808928947683,1
509.1726255535834,5.945116603145152,1074.257047999284,7.316438217508139,103.05488102363945,18.909583964563602,161.23366600700618,83.602291901493,97.36282070871793,188.33642906541013,-2.4168307836506306,-0.8955934592852453,0.005534165788548883,0.20239674297414553,1.2306635354532012,6.662734121251102,1948.7249256746225,0.2809845139336441,1.1645951144908646,0.16822384462562825,0.4657606000636925,0.5370115159590952,0.4739765277797114,212.02823029140487,6386.583412106242,1
451.590302556508,7.445045276126553,539.5326018034109,8.904361347131237,91.94893315198827,28.360652891375405,168.09743526576239,48.73334841770276,-9.247168479692164,356.4208789525111,0.03841229213151465,-1.6270546961040395,0.013799064692738065,0.20361139872015432,1.1960117120689862,3.20964208020431,2607.73177685582,0.5507152366026575,0.18975032046706358,0.11484735285645413,0.5281585024160217,1.5007313537753297,0.8370028077025337,356.54081751417544,4016.844648372753,0
473.5598308271399,8.869872926068869,1177.6430389154443,4.402875399720006,131.7630901172347,6.581004085057849,213.50449955455798,57.38646332634291,-0.9292366549607181,198.22909391515805,3.059824133350907,-0.8637953340370119,0.007531885837186809,0.27823958355397593,0.4963853976734887,5.515776207866358,867.133434321367,0.5442355358099327,0.016192610610561143,0.518483775404935,0.9409499959505271,0.5716233453909891,0.40212510512800803,198.2548856369308,10445.544107449567,1
349.3459119923811,11.47267771503778,1159.2723929851036,8.491160625904671,72.708893291422,9.861246461604015,227.15658706733686,17.062853455945607,128.5858411809765,-85.03081665944319,-2.3928462758481697,-1.6041984617239446,0.009896446930385239,0.2081286507025384,0.7401202087961476,5.103406456100066,717.0003166971791,0.13592052540574007,7.536010404881626,0.4561066564833178,1.065059882430335,1.3611054277390295,0.30134928952532225,154.1761461682416,13299.958548658717,1
225.49419502995187,10.840891523882753,885.8093605595654,4.571701157962948,87.68766824011955,29.74833781473827,180.5404901680945,59.069531982205405,-31.92426236264714,8.381143971712959,1.9369948906336543,-1.676275927982151,0.012238402535094646,0.3888688497212631,0.42170896626826093,4.906430461858287,2608.5623769937724,0.6860814724957942,0.5404522651756285,0.40607760309106233,0.6412771833463136,1.39568114658741,0.25456289476045646,33.06288025686888,9602.963188666195,0
306.13703488615096,5.851266039551931,979.8676642611766,6.38877827235017,170.65126323035562,8.592089653974723,123.78232799838727,27.7884920601586,-9.791972755063853,-409.719170330403,-2.30555037403776,-0.4018255102431567,0.005971486000575195,0.5574342329859534,1.0918625523373742,7.916054578275043,1466.2509532392555,0.4091551440027432,0.3523751031133845,0.1423184280751722,0.12529389089442977,0.34992334000566483,0.3124269185033055,409.842648865631,5733.466387146496,0
241.03742890553656,5.567460428545553,1036.4835371592028,5.403408871197806,161.12639215121789,28.72156387106927,169.1118918628772,46.25976007085464,-12.592856675010694,-557.8886583479956,-5.981962303324211,-0.10822366882948664,0.005371489492061655,0.6684704233812745,0.9705338619908962,6.128980793376884,4627.801963486159,0.0,0.27222053585497646,0.3315631239263637,0.5373808351170655,0.333371176524606,0.23255307032292347,558.0628271311056,5770.581077972786,1
549.9272499916715,8.083757323371263,455.4300762776851,4.959198330667325,164.2237727002056,7.778856424967119,149.26201260066,56.41243632890184,2.185865777933259,20.013644324230654,-1.739106681671105,1.1377652517598351,0.017749722173470223,0.2986281780048047,0.6134768935145537,3.051212216306879,1277.473149401334,0.7807508669791724,0.03874794141470844,0.23744065230218153,0.35692738727872725,1.0808253812237503,1.2074899718664376,20.207633715657625,3681.5862143932695,0
373.99227124281947,7.980079208419982,540.777611139672,7.495419270293763,87.32128101190227,17.69061872221749,205.64586676688057,6.493441897968861,-19.09432540009172,371.41459581757977,0.9300879080604645,-0.3757245619695988,0.014756674544277476,0.23348418597454856,0.939266274748897,2.629654656529983,1544.767488717173,0.5067419084614941,2.940555363414339,0.3120540265140563,0.8695078796989143,1.689928774895787,0.6915823871750948,371.90625204792866,4315.448171034723,0
483.7583282320211,11.87682001657938,606.4423647775691,6.5125261754971495,97.80390416820498,14.761687355746584,197.06599883631782,37.164373129264256,-33.53959043006188,-81.57479121132019,-1.6043428825939134,-1.4414321383837319,0.019584416766357606,0.20217513262385858,0.5483392159185729,3.0773566640548555,1443.7506555024422,0.6924994650261884,0.9024661956063474,0.0866848518361134,0.791509080330162,2.0024166655633664,0.7976987696257896,88.21521752776961,7202.606816891966,0
271.5493400163381,9.158179491462455,772.7735578110095,8.957796041176582,117.59979891479487,28.245098364234572,231.08913429826168,20.74944422384194,-57.125021614069624,-147.13485111790476,-4.562596000875713,0.6406843512210392,0.01185105183645814,0.4330697283510958,0.9781197288748624,3.3440497328342906,3321.6178879625872,0.3024561063925837,2.753086829594727,0.3505505614347889,1.1008103118023789,1.007744226250305,0.3513957449392291,157.9010759626518,7077.1989486892635,0
259.81080352587963,6.682264164231398,1108.4776164543669,6.597558837188722,159.0629161669503,17.1194626624085,148.34668951608808,57.863669632097846,-34.51958445257136,-101.83235165962401,-3.0229760639313072,-0.5264489889880206,0.006028325755106928,0.6122259506083476,0.98732385835686,7.4722099972049145,2723.0716542939185,0.5466380560106379,0.5965674951493714,0.19498851969201456,0.3486062683280734,0.3789900185647092,0.23438525024702236,107.56657445317592,7407.140253285652,0
423.66017600241474,5.465777011189679,645.1428838434447,9.610877623260967,178.92456264778934,7.544969640764652,107.4133230565783,55.5331349144743,108.66323699095274,394.28104104304776,6.346944697370273,-1.9778721540130473,0.008472196079459579,0.42233037888076014,1.7583735310799053,6.006171911315188,1349.9803931646636,0.0,1.9567279455464428,0.27297841539461737,0.023515244940197213,0.4735065970867837,0.6566920082547534,409.02997702654136,3526.207143444113,1
497.71350423275453,9.8133436665228,612.0010689125297,5.807803632710474,193.16168021325157,7.608257374882858,94.79794264386749,41.553261022724826,11.599248877351002,-186.40989262491064,-2.2994389571234795,-1.2840688000480664,0.01603484726580661,0.38809812988903747,0.5918271926543439,6.455847583229384,1469.6237780272356,0.62295058429222,0.27914172298072,0.36465141338770474,0.1382005214193865,0.8301256878747403,0.8132559394334821,186.78457661827164,6005.776813517957,0
484.59790871546534,4.975878922026542,979.7050913693237,8.540462156324242,141.64811910763183,11.105851213953606,213.00611786706168,23.227612651169554,40.16147349992785,-344.5937166798269,0.29149426077343765,0.0803052295272364,0.0050789558672924805,0.2923003103399718,1.7163725826443423,4.599422313216201,1573.1229355457378,0.5001279578450999,1.7290400913373956,0.4449632178950367,0.9364192533369243,0.3585614760922605,0.49463651152220495,346.9263012482713,4874.893913946705,1
469.91885591475705,7.944005182263759,712.8180385629609,8.455462310936095,88.00156864652821,10.201329059956077,163.70754681442352,27.746922901285043,70.93243510584149,-118.05310380100923,0.1931696517560546,-0.09558972328707771,0.011144506385218382,0.18726971165100817,1.0643827788297828,4.354216115467181,897.7329595555478,0.5321342687069596,2.5564072584984334,0.49471138575760737,0.4882504255856684,1.2663986059137193,0.659240971036749,137.72430062124343,5662.630192355249,0
511.7887938507791,4.846527086464446,1085.6021736260386,8.487689812716877,177.818208624238,27.37484365104162,103.65778635918544,49.28549361443277,66.59248643877214,-468.36052957540187,1.8765509804049927,-1.65061297443558,0.0044643675226593155,0.34744451375401547,1.751293175771492,10.47294382560235,4867.745659396815,0.24435457767755786,1.3511579484165133,0.7522118372683558,0.05765648764376876,0.2510635753897021,0.47143309610494283,473.0746942691302,5261.400339603275,1
264.74603600131127,6.499346694980067,722.3897721035028,6.600603289759653,79.2530154053436,6.655382990253399,188.72938744964623,7.0112150504124795,-91.33996260862412,237.882566494598,-5.286240927420734,-2.145007435950143,0.00899700818860549,0.29935487081268736,1.015579503530377,3.827648581205931,527.4591706550144,0.07753195676704949,13.027693766610463,0.33531447521375995,0.715721704087693,1.1352259775340823,0.3664864124950248,254.87065063389394,4695.061577808305,1
461.1505359270791,9.737643597900654,695.0315275170249,5.4216887339753495,69.14281065086536,18.945388726317113,234.6676521279031,81.1581428115441,-5.62285927506818,-103.11846586586262,-7.706141712174639,0.2507606872987349,0.014010362425842804,0.14993544464144087,0.5567762548984865,2.9617696398061946,1309.9374254107834,0.027511220707093775,0.06928274946021033,0.03381397615766958,1.1333422920718463,2.026293448871746,0.6634958525903462,103.55877156979224,6767.969304265269,0
389.76498413585756,7.636942592511439,1149.7914322512638,9.738644283582966,193.7227710206218,25.47243484768607,147.85716751662434,22.875440012869998,-1.9437727681345365,635.9920578572995,-1.003727061442996,0.7794360581551221,0.006642024264834267,0.49702456327656475,1.2752019758708666,7.776365877710912,4934.5906633359955,0.19507858097955633,0.08497203844126917,0.21630212316807823,0.3441560683329486,0.34286234033515983,0.33898755304925793,635.9958202521071,8780.891161464408,1
475.6779287296678,8.290432078385262,505.6398342730446,6.83606161860614,191.0753845634488,20.07228308371679,136.87943826351162,51.84375512453591,2.7597353418490798,-583.5959538360395,-2.9402186883001056,1.178255557737411,0.016395923573356057,0.4016906671993998,0.8245724172120119,3.694052523064997,3835.319209287594,0.18297079672467587,0.053231779511723476,0.24713070093768785,0.24435852966828742,0.8580866452691398,0.9407445705173667,583.6098854190947,4191.972702166657,0
484.58444628564706,5.773104028581627,494.3816168852484,9.992665983467877,81.58664030224912,27.401207885703304,175.7453312128643,65.78096417857927,-18.119769604432534,41.78853108440421,-3.043573241872986,-1.0967411718962552,0.011677424546960108,0.16836413328494743,1.7309000381763324,2.813056901559729,2235.5724916180275,0.5996333450378197,0.2754561267183889,0.24333402027490203,0.5976848292078573,1.4312912633366752,0.9801829795749154,45.64943284191578,2854.116504096926,0
247.9654123388272,10.459007118696961,917.9912340988687,5.702371063892871,181.44488819082667,19.139167211329323,222.0563068936864,61.959668629660634,-115.65678825750929,268.98857107746437,0.4761382193474013,-0.15167042169716005,0.011393362736152787,0.7317346660545345,0.5452115099624584,4.134047111475983,3472.704054725185,0.20055268685114813,1.8666463332591707,0.4837205559337556,1.018693699033513,0.6279241509504704,0.2701174075831328,292.79954021128924,9601.276852341476,0
208.1687003860222,10.611204022467142,794.8948536724233,9.588807724253712,100.44160661215442,11.579340112096109,249.06070436364746,50.1076190785264,132.60047448659375,65.14238025103145,-1.5064354744262305,-0.5465820738791889,0.013349192001235455,0.4825010024364773,0.9036493600491795,3.191570728523343,1163.0475243674973,0.1462315577187615,2.646313613081242,0.0996623210952604,1.2641882214877043,1.3290500273240424,0.2618820582675563,147.74533795243215,8434.791468727248,0
379.4864737116987,6.958045460527132,602.7612896087103,4.367211607718219,98.38681098298785,26.79944511869618,139.57380808002125,31.969919093953873,-89.97840409463272,-282.96575221543526,3.8117398307884347,0.36963985635361674,0.011543616984833301,0.25926302463611317,0.6276491914997298,4.318584538892367,2636.7119413421174,0.1824521684592556,2.8144708102076295,0.12194877819676347,0.2688528007274659,1.1732890688803113,0.6295800348394086,296.9516113625278,4194.040454943367,0
367.1316066093727,7.092647041395114,1171.2925815500594,4.262446335428802,179.50006735029862,13.179026693199386,241.73720242401714,31.794315930711,-30.845730479161418,-185.25249626733023,5.345960315710742,0.37643715584236315,0.006055401658916752,0.4889256716632582,0.6009669324515525,4.845313711770203,2365.636179040673,0.26696491220081586,0.9701649359710451,0.1032893816509013,1.1976109311274286,0.33734815525720624,0.3134414171082001,187.8790189291168,8307.564863139074,0
435.72467988777083,8.421998934204268,589.8524822443037,7.907727969615262,99.94310851991384,6.077065695303259,215.05174131029196,9.409219165143059,49.952779222031126,430.6225395706957,-0.9457500598130206,1.3894668805880261,0.014278144430552833,0.22937215432840774,0.9389371847934583,2.742839833104269,607.3608362683392,0.3666036401583679,5.308918662144016,0.17883125810994227,0.9550158300935633,1.428627210220091,0.738701104096233,433.51118345608575,4967.736976799268,0
354.2296584783671,8.1596770114018,485.43985833877264,6.262928154174226,144.31699440952366,17.454808835957863,91.50759908142834,35.85939465228873,21.221892173309442,-129.99803659580573,-3.511086670904378,0.47262369878952093,0.01680883197215221,0.40741081655740896,0.7675460861285095,5.304913069643565,2519.0255491982352,0.513565261137578,0.5918084334408851,0.3030935084552029,0.16811273562337875,1.1647160503117415,0.7297086392752731,131.76564785933633,3961.0324525050296,0
313.0750941381252,5.454370212850181,1179.9082242391041,8.576726182314829,188.7839439969121,26.54308417633776,232.1963919135997,45.717894407181404,23.304504832337315,-695.8375660656352,3.7987047982906272,-0.28450416995437067,0.004622707173998706,0.6029989211266442,1.5724503192153252,5.081509727671169,5010.908116651071,0.0,0.5097458037935497,0.15025820832539954,1.1108762901236338,0.24486760240978542,0.2653385133746484,696.2380688038915,6435.656272186721,1
292.1200787036397,10.007285633572181,560.2823298086208,3.729940078707347,184.93813689215048,26.90796060727307,95.11561017032976,27.55412013074367,-5.252328049085804,6.2312262305883905,0.12706324483406917,0.24503127591520268,0.017861148034046394,0.6330894394964649,0.37272245594691944,5.890540246814235,4976.308102276459,0.9627099080980714,0.1906186089108862,0.3988303251104052,0.13531263481518402,0.9657904169577742,0.5213801384802212,8.150538346647666,5606.905309838162,0
582.6541424628219,8.643763782259484,806.4334815994173,6.265079134882427,152.206028954343,28.020532617865346,173.95345925604678,24.319109528208884,31.92100303541332,50.30958388662225,-1.4008738895849966,0.1920695677289732,0.010718508072254287,0.26122877683660334,0.7248091563701585,4.6359151755206325,4264.893998950925,0.7271982987654806,1.312589303419463,0.11690730674400447,0.5813950841458798,0.7042104800900825,0.7225073806549192,59.5983818009052,6970.620521050463,0
459.08915114623096,8.886332549441503,413.33765463067175,4.634008522181078,66.49152031133768,7.448787157449736,199.7403969076725,15.211663230671792,-85.10517758177545,-307.5099851520105,3.521072112478544,0.5962697933090695,0.021498966885515617,0.1448335691342846,0.5214759290628078,2.0693743530595463,495.2811825744004,0.2098119681232814,5.594731903489357,0.3829807700646669,0.8158217900697501,3.2333396476497414,1.1106879472581306,319.08882802166,3673.055854254349,1
236.6234590241827,11.097695448181423,701.3613346881876,6.901765933382609,162.99010428869033,14.287460553018095,183.32950437924643,11.517787523567208,20.537134328558665,-399.6157508398019,-0.3907730087775434,-1.1506019607982907,0.015823078489371322,0.6888163369804889,0.6219098339478761,3.8256871803750117,2328.7146855569686,0.4819445448906424,1.7830798047399687,0.41378495693674094,0.6666318579931494,0.970799948771446,0.33737739353621643,400.14331796149276,7783.494491499548,0
375.54286605799484,10.057058826161462,991.8862426150769,4.391659180683729,166.82119567373923,6.963924935874131,155.1037670044216,59.831955258211515,-99.14946521271759,62.934162006470615,5.428111089945602,-1.0053810542030677,0.01013932686438552,0.4442134593710459,0.43667430573834276,6.394984865756361,1161.7302843846903,0.07773205824025986,1.6571322930167824,0.06676442537903717,0.4100342454947418,0.6077960791154813,0.37861485513488713,117.56185431265268,9975.458290840088,0
341.48196567507676,7.901037700487282,615.5493689802912,7.144137215604641,180.54634663122744,18.593186533940052,114.49950912992205,10.268382620196766,-52.59843156252941,9.341725168353605,-5.840000948476351,-0.02687371251755799,0.012835749817396465,0.5287141482693084,0.9042023954858537,5.376000068976979,3356.931900935811,0.1993086447461091,5.122367709504139,0.3444611925683105,0.040904628453836786,0.7109393270423774,0.5547596714147722,53.73982176224021,4863.478770824438,0
362.9802644468514,6.451129113999589,473.3814209242876,7.4279722912784205,120.27196256325601,6.927491723782635,223.92145006268743,29.20060994804828,-41.04974739159387,26.593376345453294,-6.5917203451862525,-0.19297158201658338,0.01362776152347428,0.33134573513670074,1.1514220472132521,2.114051247845006,833.1830252600508,0.1363757121332757,1.405783901933102,0.24099856218727025,1.035649546024431,1.1330788350865126,0.7667818135703857,49.35321877520984,3053.844666551166,0
456.8699842591188,8.001417218216101,1190.042631597158,9.73457135600112,175.81647704571995,24.382980344638195,169.73631452251732,27.079035644727576,78.19712595064154,452.5845481344271,2.596254168142501,0.6132511742152715,0.0067236391417989675,0.38482825115077757,1.2166058949956144,7.011125668333551,4286.929704069322,0.18499626827970028,2.887736733928592,0.1813308212937459,0.5430574047501574,0.3824237213017599,0.38391060297222535,459.2976205606662,9522.027602872702,1
340.561774619345,6.679213524671196,809.4638407028174,9.08869819361497,63.90239256088659,13.51817783078175,191.48547346903888,8.759670128837126,-33.947285034219576,-129.4097107721588,4.701260965890593,0.0634962703805293,0.008251404434411753,0.1876381829179508,1.360743770212435,4.227285892962,863.8439064504897,0.35461267205501046,3.875406783009326,0.0876962741618575,0.740777031536717,1.2912512511248722,0.42072512383462624,133.87080808749064,5406.581832554549,1
272.48234993535516,6.609689122152801,556.567612151462,8.028313399935893,122.65160131556989,23.402527476815386,70.87715222241344,41.155776819987025,10.095508231361734,321.14678515956126,1.457027573933309,0.9207533913172341,0.011875806241406063,0.45012677461372547,1.214627988028738,7.852567360564169,2870.3574698630305,0.5546901828298736,0.24529990711920954,0.4972090813858584,0.35566225252351413,0.9682552950002538,0.48957636769780805,321.3087297819997,3678.738891780077,1
553.0444395376551,6.448986357323098,902.0256041496717,9.501538102960819,67.47132791166494,25.018213982635082,179.9881824705742,74.10047329329954,-41.93902294009996,-40.26151037748383,2.45216909615287,-1.1561545883907858,0.007149449336754112,0.1219998305526242,1.4733382234824266,5.01158238151075,1688.0121193865725,0.5935589620167754,0.5659751021305859,0.4577837943822706,0.6362562042779473,1.0596277793901345,0.613113903855316,58.18834931773367,5817.150815117358,0
413.3968699121578,6.66914312229704,601.3604890151616,4.411343339862909,152.9830938092672,9.207067899860581,115.50401432574748,33.63724499240398,35.51874094606696,-199.51825324333663,-0.8663422309411821,-0.34537643698920206,0.011090091956688055,0.37006350300081947,0.6614557910917225,5.206403366372955,1408.5257322326638,0.6489913063126165,1.0559349005570422,0.07546743592235518,0.05003649387043161,0.724922714042815,0.6874360345641782,202.65701291721226,4010.55916933665,0
445.7324699440567,7.329577064016091,940.6876004121166,5.920780211848067,122.0552274330552,9.69895094909905,89.48821741582705,11.4298049143717,-8.304072057890323,-114.90575415754245,0.13279312720821235,-2.013116633212789,0.007791722842742896,0.27383068468934785,0.8077928862929367,10.51185985794086,1183.807663954331,0.8463790541451499,0.7265278909046716,0.3837593858708057,0.1864707507652086,0.6383768238862607,0.47383687182522727,115.20550154081553,6894.842260384983,0
477.1601620463752,10.678283455392307,527.0731925834933,3.9819659517792907,181.84366307072702,8.305233424771723,66.66635781131006,66.28962134515157,-64.55511892960227,-131.54726181771548,-6.573041864581799,-1.6112945747919243,0.02025958368903531,0.38109565201516893,0.37290318883307805,7.906134516532331,1510.2540686179295,0.06999868940989051,0.9738344799630363,0.13444291178423576,0.39394220171536304,1.114120962310106,0.9053015193346009,146.6807770333496,5628.23695214512,0
515.3630489873492,6.04741463224768,952.124151481091,7.030724506013615,173.9941807963518,29.009468188925542,129.78540668454136,12.508969690619159,-77.99045610088575,-638.9511920789492,-0.3213578665985253,-0.6204206697666157,0.00635149798777873,0.3376147768805654,1.1626000420944285,7.336141834461715,5047.478652869927,0.06345539038278247,6.234762576759065,0.13278384234170149,0.1798673334958305,0.3650408283029143,0.5412771519193883,643.6934366395333,5757.889525383156,1
526.3552989990337,10.056482388286167,719.200046419238,5.718917106965827,46.22207834600674,7.04268113600364,70.2445065553046,7.07531633958228,60.95251767267624,248.27729153793052,-1.763601908447252,0.17070540235822929,0.013982872273653909,0.08781535672559382,0.5686796720916297,10.238523717908112,325.527359234304,0.46144759181129513,8.61481165607852,0.3941666858964312,0.3614135767699582,3.0251500525315365,0.7318621593806313,255.6558882477381,7232.62260046966,0
494.66024628011735,4.832725999673689,421.39398859522606,3.683132786082091,67.23943747488198,22.373710052344823,129.02811975702355,6.355107312168801,-16.76956343271503,664.6326857982726,1.3732003254083232,-0.11708225893670221,0.011468426533051019,0.13593054622951342,0.7621232377607959,3.2659081554374723,1504.3956781457782,0.14521214728856469,2.638753778493175,0.029191088859010863,0.17298290688203224,1.7056101246140216,1.1738664045235536,664.8456294270745,2036.481684790347,0
308.51875933134755,11.980297353688277,867.5143509961504,4.299781099916437,82.48399518297136,13.830664706657783,247.35140909542426,41.60284262276293,2.677127320474966,-487.4439266145617,-0.20649870840083118,0.010475492090074034,0.013809912585228738,0.26735487774467537,0.3589043721517228,3.5072141055055686,1140.8084810412524,0.3899190960075649,0.0643496249703423,0.31154346366861885,1.248649173594766,1.674253599694667,0.35563533787894264,487.4513219243833,10393.079883525783,0
219.8748104991896,4.4759709745822605,981.8309198685574,4.186173662972914,78.6950561130364,17.47091484558397,91.1910979864095,72.13636264675218,113.26776808475998,-102.03356288492603,-1.51641304138494,1.2546189750342807,0.004558800180362502,0.3579084658873484,0.9352548724611885,10.76674085024048,1374.8746241193112,0.256123314099972,1.5701896232199293,0.4670834621268814,0.17099001830536817,0.5792994383045244,0.22394366081751158,152.45568126641658,4394.646699279065,1
430.57737643228137,4.892028041006713,962.8221161546909,6.302231574235723,72.65302645810812,29.026732323121653,196.73307915274086,55.40445798287967,-13.890329794604028,-34.46182897889264,-3.6449741374969005,1.2822847559514496,0.005080926122204634,0.16873396150095812,1.2882656275491848,4.894052999633931,2108.8799514641796,0.5341849987792653,0.2507078004245837,0.06346868393487357,0.7884825377521896,0.6993412896755659,0.4472034545196333,37.33423033673428,4710.152790730171,0
560.7817854913475,10.448406974828792,454.40535225564247,5.672033050550294,75.04687357350134,21.609606810574952,165.50683588136076,47.06233947011206,25.790381470971127,301.2351560389841,2.0801775222385164,-0.2988992372139849,0.022993582542466744,0.13382544782146685,0.5428610374973679,2.7455382723972264,1621.733430286292,0.5148412004744121,0.5480046627803078,0.30250970676315514,0.5046075989214615,3.0638961288569466,1.2341003086949975,302.3443238243002,4747.812051907389,0
366.69169791320564,6.190493862892486,704.5288041127715,6.594328869883746,154.21157634811658,7.233538955721972,221.27825855989968,15.8426026460653,-56.575356119189735,15.700842376329547,6.307116127265315,1.1537943850040948,0.008786715073613364,0.42054831681686394,1.0652346995143567,3.1839043234428592,1115.4954449373943,0.1357238145059645,3.5710897624034583,0.32982229372163924,1.0116205323627243,0.5697831045950966,0.520477936136321,59.05139359221165,4361.381238091095,1
257.9332070861177,6.696158965875761,517.2593003745579,5.363502573282657,78.2727070000914,24.67162252342966,125.64113882267257,47.12300789325499,20.73703982730909,111.24600868994685,6.190477647759238,1.9458676417256626,0.012945458807655921,0.3034611474976079,0.8009819660219474,4.1169580697975645,1931.1146809932654,0.20318364917443932,0.44006188811808233,0.4219106600547613,0.1421921711152052,1.6538917975126124,0.49865358998734877,113.33146643254264,3463.6505018857197,0
509.34670270991904,9.678667551617547,1129.6330230686933,9.810593652269606,156.4562121919265,6.912781220756335,136.97247875124947,56.74820143645805,-14.672015866070396,-423.68854258135934,-1.5265991661069842,-0.007749772220409845,0.008567975044962,0.3071703642322993,1.0136306056539788,8.247153248355657,1081.5475655110179,0.42964000883535014,0.25854591854332,0.23485766929342483,0.24520435228408607,0.5476276668676839,0.45089572658407095,423.9452555098412,10933.342485610598,0
462.00811783846785,5.165580791725817,1195.2924757069356,8.518281394447072,106.7602293574892,12.533796271607073,133.6823866153907,66.30270318577936,-43.36163607193919,-167.0493159078784,0.5764592726764359,-0.570623130225898,0.004321604039773379,0.23107868722517952,1.649046203689541,8.941286178154774,1338.110964676814,0.6503700305440786,0.6539949955047898,0.1795645047453132,0.21529442377627908,0.4047953124287869,0.3865230704855068,172.586319658942,6174.379853006144,1
402.81848518676713,6.91481503998513,723.4496924909374,6.436844842311485,178.85286241823536,29.058396642003448,220.3912815506438,76.54082489061062,-69.79965306818164,-337.9096978640757,-1.4270880943976207,0.42182719728305784,0.009558114561050492,0.44400361203709426,0.9308773705573081,3.282569470991962,5197.177416706755,0.3671140537519958,0.9119271077616001,0.08207237640733296,1.003557105005853,0.5344121660574537,0.5568023448870472,345.04636218841466,5002.520814308951,0
525.1712989343694,7.118664767589787,1025.1498299899358,4.840578018010774,120.5166159928815,7.956043259716759,141.09095226233902,49.231090430211204,15.953526999007977,425.6962751610372,2.1413983130781364,1.2823844003832114,0.006944023750810819,0.22948058326382847,0.6799839823964179,7.265879303754447,958.8354103540379,0.3960597328387643,0.3240539029218398,0.33512560068799757,0.2826450205667183,0.5761880794280664,0.5122873589507644,426.0004921316698,7297.697976250016,0
237.85756491587668,8.383045937922038,874.0301190970031,5.499845711182255,47.51251959863532,6.302613392195651,146.18743029812126,63.86027210273313,34.283709407955996,294.02867142905234,-2.1223610445156993,0.28416551398017553,0.009591255215075324,0.1997519802047882,0.6560677052123537,5.978832224594044,299.4530423193173,0.4986247944335678,0.5368550474198294,0.08820219116554857,0.3289766390738296,2.018679559850328,0.2721388653764212,296.02827022010257,7327.034639517647,0
369.79165257248735,11.944893568429439,632.3637745160959,6.185436144220597,184.45776597409878,12.225206977406852,89.00941700442218,31.349978721906233,110.50904108384753,-380.1157465844294,-1.559960372195798,-0.608322400331077,0.018889275524313576,0.4988153861529932,0.517830996884628,7.104459233618829,2255.0343676234324,0.1392872244639346,3.5250116774920746,0.20903186908141333,0.19082348177798023,1.0240433860055518,0.584776781142252,395.85687115303745,7553.517983125078,1
227.71079740179712,5.185937415628744,1148.2999492742895,3.9438944358557912,134.42329482889932,23.864375725447253,62.254070403757225,23.93359257433771,-59.04493820441381,-71.8648682439765,-4.240392088222934,0.3180626597145979,0.004516187098071535,0.590324641442929,0.7604978849089394,18.445379423816537,3207.9280140494243,0.34792227733258674,2.4670319769595936,0.2206893100554799,0.43405390542038885,0.3359675942938285,0.19830254067824993,93.10663209647856,5955.011671306126,0
479.71000475908784,9.109876801125285,406.51159497915427,7.607074877158576,91.58207035195714,24.321724033695048,95.78942336578282,65.87748041806024,147.699388953204,34.56772936158575,1.4764243854843748,0.5403762876739977,0.02240988181798956,0.19091132026306185,0.8350359772394422,4.2438045944471705,2227.4338415347465,0.057620237276185926,2.242031541217116,0.20066000869074618,0.12918706031106525,2.4469726150398885,1.1800647526024126,151.6977825788226,3703.2705484890353,0
469.66808964971585,9.388307389463588,888.6465634608412,6.869742861639137,71.65066989924316,26.070084673046257,243.21019277264313,44.65114557601414,43.90689619435446,55.22803324696838,4.289267141640654,1.1253269997193653,0.010564725927595723,0.15255596766789306,0.7317339086435312,3.6538212207724476,1867.9390311537556,0.39375173954443443,0.9833319084637444,0.4112806375786546,1.211001752478574,1.4744769228888004,0.5285206841070647,70.68485695226681,8342.88709836084,0
272.68152001008684,5.972644224637811,471.88003447393214,4.324027140925352,73.68215668733384,19.505855284395924,143.83011271405155,27.689858568072772,32.231419326159795,-73.33091646294804,-0.3151501944984556,-0.7859783458753444,0.012657124244081056,0.27021323881650744,0.7239719926876386,3.280815300562798,1437.2334853853192,0.7752006813195353,1.1640153107652047,0.085286863569647,0.30754647921865047,1.7178004571433574,0.5778619566180235,80.10235340312857,2818.371562622622,0
270.40987948097626,4.465420537383942,500.94902102921,5.13436720744301,98.83745943035306,27.310400304380217,105.42657411793692,32.16587743021546,-73.68793883153762,-300.23079193119565,1.0715953444916035,-0.05407988343033043,0.008913922075762607,0.3655097943169137,1.1498059733587755,4.751638998236026,2699.2905821108816,0.3909927359859474,2.2908729597507524,0.6141954898862702,0.04157659892784615,0.9018768923379605,0.539795204960005,309.1433147739987,2236.948046686214,0
286.6686857178572,4.309552566962471,887.1517386703939,7.9754986821282206,40.537965797020604,17.769644099856265,131.60616231305704,72.35236645459526,-66.49512183874012,-388.7388566853424,-0.167522389732504,-0.4855540941444314,0.004857740090124099,0.14141051261147708,1.8506558530621757,6.740958957226405,720.3452247452022,0.3602508219568996,0.9190455695802175,0.2959031122702646,0.19641965739142764,1.1983186611897347,0.32313376981878866,394.38499970096115,3823.227052672215,0
394.6052997613409,5.227218698949396,879.089362982452,8.688104803100883,45.28676837610996,9.09431816479363,125.09597242076147,26.742912097732287,61.665244375288864,-673.4772681757786,3.85216168769486,-0.9658817293608992,0.005946174438074436,0.11476472415220881,1.6620894023139074,7.027319472969336,411.85228026765856,0.0,2.3058537585560055,0.16411455586348514,0.13723611291601337,1.313004802791627,0.44887962063672227,676.305457809592,4595.192356229386,0
540.5313886865542,11.36018713999967,615.1800180225799,9.90523769945878,170.62238647542665,24.870195151032583,186.83993418214527,88.57777773662556,85.19839486463846,101.25333183238592,-0.8643290781571817,0.6893607450790045,0.018466443654193428,0.31565675934199616,0.8719255745868872,3.2925510315308575,4243.412048778763,0.44211329702448354,0.9618484121148844,0.2286619509946717,0.6985448562013207,1.0822989899307849,0.8786556338809988,132.33197179603067,6988.560129524878,0
255.979394594977,9.083642073858922,1109.6474269099833,7.6806333620332525,183.30022857243867,29.976325453422486,128.24842427447126,66.47962401956732,84.07873353569455,387.4517884266536,3.1701212965154495,-0.37991483647637736,0.008186061494464046,0.7160741545719536,0.8455455751759227,8.652327957926158,5494.667307374153,0.18285327345947,1.2647293779962892,0.07681687371322662,0.16589476613155693,0.4465930871018519,0.23068534057506768,396.48224608046866,10079.640054228817,0
596.8798164690589,10.759868728481703,928.0347883247998,8.41610353525595,60.510511960775055,24.14786985257937,99.47229892529808,46.56297101378794,-30.91984468959548,570.3011334646508,0.09426311981447633,-1.1012528657697285,0.011594251491266179,0.10137805013869454,0.7821752985683055,9.329580178113078,1461.1999675417433,0.2613005959803463,0.6640436384619806,0.44554052041323805,0.09570637340638112,1.9160722848919143,0.6431653467931839,571.1387121463838,9985.532497839149,0
241.54064851630025,5.9224418625194595,459.15274325374014,6.5468017514507615,80.04019531575503,27.15115111112191,158.2544378418278,24.836318141989334,8.655168297337866,-55.48877942950139,3.3804358947553936,-0.02725895619332963,0.012898631119027332,0.33137360443227243,1.1054227130337237,2.9013577724288164,2173.183437981777,0.5683873418277972,0.348488380920885,0.4297490109810104,0.43867670765298006,1.6115191958418893,0.5260572915336332,56.26138931513912,2719.3054279366,0
521.8828400016787,4.477201054902001,723.882271147973,8.825545345325683,138.74958807144148,17.95164238499233,127.19044508568034,11.37974558298172,10.9119047291029,-64.82682975559851,-2.4362386227478234,-1.9422692058369497,0.006184985091293651,0.26586348014622435,1.9712193482271168,5.691325874835474,2490.782986123515,0.6775779024655022,0.9588882852900974,0.16993716939881237,0.15627677350618488,0.44576601467883514,0.7209498848121362,65.78390973182833,3240.966468008561,1
599.587596703074,11.315116020004814,867.8391641969849,4.915989730988596,84.28443603159508,16.238584151428007,121.3282346735457,6.811681961969961,20.797118159699494,-317.5219710009419,-4.514338704138364,0.0030537439751192608,0.013038263870558014,0.1405706797389509,0.4344621586113002,7.152821159329106,1368.6599071547075,0.2979652958644379,3.053154606426296,0.2886206029730566,0.10298395157768812,1.5469361230192555,0.6908971402067051,318.2343498838665,9819.700829592892,0
412.7346586710187,9.779265576426813,862.3142521770612,3.9522684924798246,168.6338738980857,28.070900931211693,70.12267426825431,15.306229298891834,-57.288875126731966,98.95058139159164,1.9380850203328972,-0.6612528353908491,0.011340721264593932,0.4085769642924509,0.4041477820181994,12.297224274109652,4733.704767839609,0.550341564785213,3.742847046651762,0.1791535405268461,0.36252114301586985,0.6725055294316328,0.47863601654385135,114.35466297692601,8432.800082377365,0
355.45286247157526,8.073171847475002,493.199464502977,8.293106145875978,152.0484731429945,24.856099821483227,121.78634955127505,42.06452362062631,66.94532735486472,334.07268005827575,2.150272319076471,1.1746185858316345,0.0163689793451231,0.42775987816149175,1.0272426132573609,4.049710549008022,3779.332026146383,0.3506214660954746,1.5914913944737537,0.1983755815247558,0.10714863228431866,1.076563217424014,0.7207081273492132,340.7210825396856,3981.6840320151805,0
356.9817373071183,11.215719760387774,1101.3563853259777,5.603345256153597,148.57769340293305,27.15400428894477,205.70671856911326,58.42047673929798,133.95226706762313,51.6494007933353,7.5750532288836245,-1.0759570844441964,0.01018355176382635,0.4162053065339552,0.49959747353386674,5.354012707931775,4034.479323904765,0.0,2.292899246019278,0.23792745633250953,0.8700610779010297,0.6854024672606284,0.32412917568136623,143.76457103990134,12352.50457412982,0
258.4408738408047,7.390995223023486,733.3727296236364,7.404035710179297,137.41913885589304,21.13055342449406,192.60158089532342,13.785093920966398,15.123500340310713,-221.08349271204577,2.9605565290627016,0.5472377817242045,0.010078088432353508,0.5317237045891624,1.0017643749944782,3.807719158973131,2903.7424551424156,0.5285579520451713,1.0970908451562067,0.14013201100199837,0.7509234626847584,0.733383174735367,0.35240044168731965,221.61993571712438,5420.354341343991,0
486.2997247406675,5.593795320565605,1157.9303949523705,9.985452693162028,171.02562253120885,12.492812536588204,186.13466427384236,12.06758269432431,88.3471865221749,-447.9571268415484,0.28870952800808247,0.023516888324881968,0.004830856280265185,0.3516876811361818,1.785094398511594,6.220928269700569,2136.591041235688,0.21276814727632432,7.321034275052187,0.11237293820792356,0.692133311580385,0.2824638910104623,0.41997319256885957,456.586132298946,6477.225624825253,1
542.943963308371,5.214085072379357,710.5093480919704,3.8680227451892204,105.42036570998398,24.307052097966224,97.43540425086161,51.06040784557261,-7.045943185358652,196.1067403691177,-0.7670676006117239,-0.2720224623598497,0.0073385172009087065,0.1941643573447548,0.7418411267739665,7.292106535142614,2562.4583214992326,0.7331230575551798,0.13799230132803567,0.2591264671184867,0.11422359771943992,0.6961194975454067,0.7641616043003713,196.23477603695974,3704.656185672331,0
487.7030596878147,4.563250031750232,464.8807062744929,6.53089631366036,199.04151446430606,11.91290599426628,176.3803505437393,49.08092132181002,140.283699239987,-658.1432417527392,-0.6940053478319825,0.12946900003934037,0.009815959170083993,0.40812029063691996,1.4311940542857868,2.635671744847851,2371.16285076967,0.0,2.8582124267836293,0.6203919344727893,0.6034577322158118,0.4931613988419627,1.0490929244971636,672.9283205369517,2121.36689766715,1
449.452052503861,7.120028957705401,409.9869996571973,4.630594392353227,63.590136734437515,7.8970500703259185,184.2689900501451,16.5896609517728,-21.645883589197254,-63.42555134287886,4.783104905626576,0.6260627900827256,0.017366474945934077,0.1414836941564334,0.6503617358665275,2.224937573845863,502.17449377072455,0.38189132623385247,1.3047815535304317,0.18756953675165633,0.675172636819501,2.7310013530021533,1.0962592786592298,67.18796716707143,2919.119309841999,0
453.34273634147655,7.292964402654947,661.9073607045968,5.656126566498147,63.730765073966836,24.914941266846284,70.51993602337332,62.3482457199842,79.2339428729735,73.0907970625035,1.1962318194258543,-0.8325996012947225,0.011018104398917131,0.14057965412279635,0.7755593273482971,9.386102682867048,1587.8482687090623,0.4746988767543038,1.2708287451875653,0.43405796233360594,0.358909672514788,1.72885173842325,0.6849036032155552,107.80405042945048,4827.266819473913,0
205.18702217155442,8.078459247428576,1100.6398838688212,7.462104475519634,120.0332044492335,28.149146190266,92.72151709413325,11.341366193403285,-44.18001037717349,25.04462008257906,-5.2400073926625215,-0.7330509862124011,0.007339784216279954,0.5849941345163397,0.923703920137354,11.870382607646762,3378.8322197275606,0.2884866033962379,3.895475167962642,0.36505272511738807,0.1570771173260614,0.6114794860270703,0.1864252106241222,51.054519775266094,8891.474447928793,0
479.0735313230562,8.225990754499783,734.1448304525288,4.055223574258527,60.167948114492816,24.006886705016683,64.68617227861094,9.445927192796734,9.156782318907688,149.09251291809358,2.708150334286562,0.02426168021537123,0.011204860966506105,0.12559230301938648,0.4929769185602643,11.34933177512005,1444.4451136579512,0.6093564478403686,0.9693894661701878,0.32227441097898163,0.41194388837626417,1.862264098683325,0.6525599737966609,149.39798575918235,6039.068587766313,0
218.6131238308624,5.145951075577346,1095.4679490493934,4.644959821072998,84.53907344197609,8.452369705510154,199.75356931497416,42.86317921680263,48.60650206736082,-292.63319386939355,0.3876163560049255,-0.08044643949919728,0.004697491222853953,0.38670630546125245,0.9026436032627574,5.48409699414204,714.5555032928568,0.522046269843323,1.1339919939561267,0.18243549706966017,0.8159415392270378,0.5556591800214258,0.19956140571759018,296.6427623318423,5637.224470671235,0
335.68676930626873,9.548042104342091,973.1416914777435,4.937467207570818,140.64514103894277,21.385532229694416,205.17446020574653,89.99551688363536,-119.79920255821052,-327.16625265343123,3.9571949645509097,0.7788156051556463,0.00981156412057849,0.4189773142671081,0.5171182901807108,4.7429962311190605,3007.771196638227,0.013823751102317483,1.3311685593529228,0.33123903616798095,0.8652223655067867,0.6976113108565761,0.3449515854125197,348.43258343739814,9291.597843720176,0
565.664104498866,7.988092520941158,550.6197978394308,6.640942106039928,147.95191006935613,14.177814731404057,220.31909989232474,50.317238351518576,-89.41971860829155,308.40953260902984,-0.10346310172794837,-0.06400963611920751,0.014507456056403203,0.26155435512463693,0.8313551813064743,2.4991922992992075,2097.6347701206855,0.32093741332494463,1.7771189663391544,0.2305153677928528,1.002900908112043,0.980552130053777,1.0273224949746946,321.1110969504475,4398.401889003289,0
455.86732405134137,9.524105063365635,641.0323284853202,4.068019929728679,118.31229341262693,7.322460502295429,157.89477948953493,66.72851658096161,-34.98396932905881,-138.6868095673526,3.0437573320052067,-0.7970990924710764,0.014857448899449286,0.2595322962856232,0.4271288381074536,4.059870317167814,866.3370954499484,0.5281757960126018,0.5242731461984894,0.4769241955148664,0.43540708626849933,1.2557823427217598,0.7111456065382836,143.06353035167206,6105.259245508101,0
384.69385469094664,8.956090140670565,572.0312663145863,6.284409381388011,190.15751020878878,10.956423224468747,235.10087618715283,89.50782421178019,19.468302096255087,-148.82713286905948,5.769988288696913,0.8685710853816193,0.015656644431993685,0.49430867660092087,0.7016911713348926,2.4331311545569014,2083.446161158726,0.24527267583563228,0.21750391396166738,0.13463368497968606,1.1372806926104804,0.8233513582925561,0.6725049439507137,150.20593539999487,5123.1635843953645,0
204.8650526856075,5.455582880692973,551.8102774836262,4.003686218916476,178.83857654610543,24.4999452174031,108.35148449597878,71.57690478145221,-105.92798064372084,-20.339003222961765,-0.1775665619028226,-0.9709017162002542,0.009886700381101284,0.8729579506200936,0.7338695619647381,5.0927800394290434,4381.535328137934,0.3370904556278813,1.4799184313313594,0.11934410372823907,0.014986504582011083,0.5528281745494908,0.37125994394275563,107.86307832267747,3010.4467032301104,0
228.7553333203441,7.009781919776619,578.7772808231734,5.935199127076432,55.00049277753977,19.800200766882188,187.63069613892733,72.30644317098204,26.978176207323912,-53.53689247693819,0.1035823888578804,-1.7465238251788957,0.012111363303353695,0.24043370696200664,0.8467023931702528,3.0846620128437277,1089.0207992727412,0.8181301901267277,0.3731088824757843,0.2594697292402192,0.7057336012629758,2.2020463257193836,0.3952389647966034,59.95024250886681,4057.102518691756,0
586.3824143013373,11.291379192004541,402.0914856121768,7.644513530599051,68.55510557345016,12.37981636146246,116.52503794976188,46.066019369154134,91.88389711563343,212.85970579360662,2.858688530177517,-0.13286124202987626,0.028081617233982524,0.11691193989016906,0.6770221246322286,3.4506874461223767,848.6996176399846,0.27317415341911444,1.9946133478413592,0.2325274385594433,0.0593185268160171,4.0962109239108075,1.4583308408248958,231.8621939855863,4540.167433923527,0
238.66021492969332,4.145567485678171,835.6257579855513,6.190028298360139,174.82631909792588,21.057636992335922,142.06030583418206,24.21060010860148,-141.54082276663348,420.54567141923474,3.637570755392397,-0.8729223284081957,0.004961033627867,0.7325323123061286,1.4931679003526137,5.8821903351448785,3681.429164270408,0.0,5.846233556034294,0.5453597724109994,0.29145732576529143,0.28376926617600207,0.285606580037735,443.7405753139,3464.142972500078,1
360.67681014116823,10.36986057331859,506.3687215749449,8.752711704605396,96.41523531693444,8.137592475759174,75.03840225169353,76.65744109406741,41.14878269073179,199.54883070305323,0.31666604520894026,-1.158033934970872,0.02047887267022634,0.2673175336090992,0.8440529786028097,6.748127710348694,784.5878934636359,0.6395465798121733,0.5367878460779503,0.44766844174604575,0.31783270680278614,2.12402869763358,0.7122809817702896,203.74753600784734,5250.97304142176,0
586.429979536334,7.781908097416705,1088.1092064969878,7.6990644174527025,53.46591051005376,25.25221152440223,171.03382292106545,60.549681042661945,-21.791354141228823,378.7331711193518,3.4991355774436714,1.3408275591430572,0.007151771210970126,0.09117185746937263,0.9893543230108944,6.361953372223725,1350.1324815446378,0.3412252249889477,0.35989213759648253,0.338446761941405,0.5548529356460495,1.3376319869508821,0.5389440471919741,379.37570029090955,8467.565844912575,0
287.22499381564165,9.888879176064483,464.2872984362473,5.077638301414556,181.74324152642075,19.423020452491322,68.85164572298314,64.86167910803177,105.84876109435214,-25.582414038814818,-3.4437025627590723,-1.0296817099440947,0.021299051706499258,0.6327556634680426,0.5134695460436725,6.743299939470656,3530.00269726974,0.21007878266067515,1.63191521634914,0.3704314654112888,0.3740759479728806,1.1719308804890514,0.6186363374208942,108.95081101397703,4591.280997217442,0
360.3120321382727,8.41163446545423,1150.909922552498,5.058181150932258,146.5735903114694,8.813647787332542,195.61309316524347,5.963974557238217,40.78455971496281,-299.87814277203915,-3.245228247691239,-1.3620634960560665,0.007308681853049657,0.406796268894014,0.6013315452193887,5.8836037196153885,1291.8479999300687,0.39168974804288403,6.838486536711389,0.3387286260964181,0.7783008469567588,0.4986356571820805,0.31306710028111456,302.65626101227525,9681.03357117585,1
420.97467334672774,4.663929009861819,836.5491221661538,6.304029074298023,161.26939313175106,26.19757107835293,97.92713911301342,11.93055196416486,11.318763869546189,436.37333838766983,-2.314289898140032,0.08030211724957947,0.005575200411166625,0.3830857373192249,1.3516563097268917,8.542566746494341,4224.86638933189,0.37853005883946134,0.9487208893221147,0.20705887888189906,0.10975328079078704,0.34570728536269085,0.5032276792744211,436.5262429784342,3901.605719045164,1
498.45671196362207,11.521065874351692,680.301307078224,4.770672258443197,107.30191234673649,13.795992324490653,248.10473368340342,44.42880197402936,-52.917147568295235,-122.6928197700056,1.491954230856411,0.09409365720218421,0.01693523995100446,0.21526826657430484,0.4140825432709064,2.7419924520518397,1480.3363591387454,0.590506381761539,1.191055018751748,0.22577294080414564,1.2554975789400311,1.5782794155876505,0.7326999180766051,133.6262640999395,7837.796173255778,0
500.4062832610859,9.091678988934762,663.4271983223766,3.8875181216726284,115.24221794379073,17.6067413273491,206.42380551236553,59.424612794816156,10.729409666111167,-209.98625899168542,-6.40624306147933,0.8122335262274536,0.01370410952690076,0.23029730400819798,0.42759078124117916,3.2139083797805235,2029.0399213263122,0.15463419864217887,0.18055497817306998,0.4138550333537522,0.8765800501124139,1.1891570443034098,0.7542745979159048,210.357764646968,6031.667119675407,0
281.63863904835154,10.039435606318388,904.8079087539215,9.383197364557205,90.20808950648566,26.200520278656573,189.91741282693337,21.613786363310954,-35.048350448473286,391.7128069506491,2.1675521872675123,-0.5889407947353096,0.0110956541263487,0.320297278140869,0.934633950802157,4.764217747524018,2363.498878413545,0.3990483852367287,1.6215738352983484,0.21969848874412054,0.7265219347903034,1.2300065534090445,0.31126898463588487,393.2836232044248,9083.7607360226,0
433.5286013530707,8.160364680833196,618.9683539382938,5.331283478970877,157.90142495712698,13.369185540990138,198.4550415778688,85.98007449926013,48.19145355233394,394.5455133951349,-3.198640141986104,0.5438293276208785,0.013183815665068264,0.3642237777722311,0.6533143661450359,3.1189348933492633,2111.0134474385613,0.2972825574436848,0.5604956012540864,0.05766351742607099,0.8041367416169891,0.834939625696722,0.7004051153741052,397.4906409394758,5051.0074940315135,0
254.1481839151372,6.5981167734926665,553.8403423595234,6.276390348792983,61.35974705970739,24.019890347555805,79.6588045910692,61.54727795746801,-32.30013523883132,-166.57863546353042,-1.2331575996303359,0.9462518449521262,0.01191339140334693,0.24143295503616924,0.9512396588686957,6.9526569624372225,1473.854396127931,0.6715622041882348,0.5248020109216234,0.4374260217857297,0.2758290491720982,1.941564620818002,0.45888348044924077,169.68577196395717,3654.3032527592927,0
478.821510411208,7.332928957795827,1113.3156261116728,5.280947275725397,187.77621189182832,8.525996117071125,175.32362854263783,31.163695289135205,76.77514619081282,-603.1076733181076,0.9559210913695493,-1.2250492159696282,0.006586567893066011,0.3921632754772601,0.7201688856007645,6.350060373299427,1600.9792534680532,0.09840653756811146,2.4636085508633316,0.3150724271537568,0.5938511685694349,0.3507668956949837,0.4300860413533611,607.9754949608864,8163.864393880878,1
258.3371083375373,9.126134130631415,640.944167079394,7.238607270529512,189.40584954764032,12.283673873163155,157.37340675239102,73.57901265865338,-137.61547414785713,117.85736554056348,5.677650335551187,0.3840544284635943,0.014238578958002995,0.7331732199315594,0.7931734474768989,4.072760324035216,2326.5996855126205,0.0,1.8703087901747297,0.3638725262331677,0.43066733411264563,0.7517496947432785,0.40305711730665766,181.27496531632357,5849.342439012382,0
301.5324961619824,9.30546009762525,584.8142809199687,7.767183949280648,122.11564717452616,8.81125170188149,109.09529018299435,49.34677666577394,17.544490425028698,-369.1563045941331,-4.114605581415783,-0.09243118256740512,0.015911820899768166,0.40498337236901316,0.8346910166497657,5.3605822940569885,1075.9917039929032,0.3003668408388226,0.3555346794757772,0.07607323717935074,0.00822463470005139,1.303012453189327,0.5156038523677003,369.59588247836433,5441.965955622172,0
573.9939294121641,4.7950184914856475,594.9688217402658,9.091952622559816,164.90229524817713,29.85641803892977,119.64267486371656,85.31534375677634,135.3303334383055,-247.69926102207683,2.7173007750352873,1.3103401515379982,0.008059276917167464,0.28728926700854845,1.8961246215638354,4.972881310268155,4923.391862508599,0.0373785485359277,1.5862367480358024,0.09051874290560617,0.08766068057924149,0.4887304270106303,0.9647462328080475,282.27044971606205,2852.8865021020024,1
252.31773063313562,8.594195849410745,518.4864645006334,9.535865095616469,167.6690101656991,10.845481856526947,116.57787093674918,37.42880287682759,-38.054098957960036,-350.07852485040974,2.087292483723555,0.15149773712946057,0.016575545241452,0.6645153701445029,1.1095703731571684,4.447554757471466,1818.4512076539218,0.4377420883795259,1.0167062805398879,0.12825353180521828,0.059798826697719805,0.9885872902256176,0.48664284973407906,352.1469079785506,4455.974221186995,0
478.16536624331667,4.226101609410965,775.2187451844584,3.839716968592512,92.88124404405127,5.389378607171978,149.12876450980696,70.19634882063099,23.200857803418472,5.281048610755192,3.541159891423031,-0.1408675874660954,0.005451495639989189,0.19424502609582187,0.9085718526128133,5.198318028937192,500.5721896585296,0.5341623500499645,0.33051374029014524,0.539614364472478,0.35571604099824505,0.5869318069645665,0.6168134726019044,24.05637318093121,3276.1531866695886,1
201.05170402380702,5.548694072066729,905.3872926660845,9.18334978382034,47.844527773763886,18.963819804358252,180.9872538199558,84.25323340053343,-10.629974773681141,-45.14603526274959,-5.052560929403967,-0.7070106299765255,0.006128530980071023,0.2379712621987949,1.6550470551352288,5.002492018397904,907.3150033262721,0.36244265816030363,0.12616696528603305,0.21318109968500754,0.6453386710905074,1.2809262135578388,0.22206154830356872,46.655002256776996,5023.717103740847,0
282.70669187178737,6.96646881390672,1162.44297323618,8.996410653229198,86.94793461892431,18.25078827748308,96.53056310146576,28.58188934515475,-33.8168907067155,-206.13863508082943,-7.304416630555531,-0.06846882866478499,0.00599295533140214,0.30755527590537823,1.2913874867666435,12.042227206468342,1586.8683458944288,0.02802736629710567,1.1831579885550216,0.1935520054216968,0.12244942635031128,0.6892579286291368,0.24320048241570666,209.02170574457105,8098.122720994852,1
251.01693185367571,11.472770177650665,630.6553504696931,6.757615819307939,199.4454780681098,19.1660669232811,138.1841972484961,84.03235450356424,56.87634757847974,-554.856825660729,0.17644862974497588,-0.2564972793894311,0.01819182247340975,0.7945498998624194,0.5890134391841997,4.563874618279166,3822.5853801991852,0.2203261789592812,0.6768386761799864,0.14361188587851442,0.2562199749863282,0.912120076605463,0.3980255327521219,557.7643292917606,7235.363897244522,0
215.21961309420465,4.618752018046232,1028.3524485021346,7.188584239966702,130.46647705901984,26.996641082782133,105.80860468053336,18.6366334548717,16.60050542967491,-297.1860845614017,1.7741127093709252,-0.8532197883516659,0.004491409559800007,0.6062016151005384,1.5563910363404896,9.718986953915769,3522.1566544973875,0.5550917450166908,0.8907459316551329,0.07296981102521162,0.03810359381333306,0.34425774812392634,0.20928584689780888,297.654654110032,4749.704946782018,1
271.97431663093926,9.202615532168284,650.8226630701076,4.177744994204486,149.99936783521406,12.966603363773402,224.65477981321345,83.11803026971157,96.48508036506163,-431.20040747004566,2.229548458366044,1.9387800206325023,0.014139973996537002,0.5515203409399814,0.4539736534250434,2.8969900556365924,1944.9823075359704,0.1445241428280002,1.1608201018717001,0.42999583170562916,1.0423161801201224,0.942668905916381,0.41789312521472805,441.8689093178134,5989.270747856099,0
516.1429017913372,6.800087858753019,593.8541751404578,8.212507888462115,165.73952266908717,28.85723594672301,88.04130635431952,80.58744866049655,-13.265945634356797,-189.5775565179273,-0.05989265767397356,1.1640232336263798,0.011450770481060725,0.32111169618698204,1.2077061442509216,6.745176778164899,4782.784511359095,0.7488303795269668,0.1646155307663894,0.4247910531249295,0.1996244876880044,0.690889553478632,0.8691408150313326,190.04115037541754,4038.2605662424157,1
453.56826563389404,8.452707165787334,1139.332871534267,4.665439774475737,72.73118235879673,28.724109986338615,78.61327794935995,58.948009868739696,103.75408049677404,171.18855286723897,-0.7108744090537336,0.3265466984717529,0.007418997008665792,0.1603533312833289,0.5519462206568907,14.492880862545729,2089.138481510528,0.3113853633692646,1.76009471274441,0.2684567918414085,0.28533383682400043,1.0200572530316463,0.39809986788417906,200.17725943507168,9630.44712743476,0
470.6948270330602,7.567100456095431,886.24373361841,8.888599923231844,122.24939000867292,16.87933002116764,110.72517088500757,48.851889454681626,-24.033988677599098,-335.4478385907121,-1.8313567204723693,0.1805856368334311,0.008538396570884638,0.259721124999928,1.1746374948771723,8.003995175937085,2063.4877988428243,0.4992119614964837,0.4919766450363129,0.26288223017511925,0.006592462590977923,0.6984408323247163,0.5311121638189515,336.3127099804184,6706.295360875588,0
445.50131484010564,10.334913626752277,1014.4082730961901,6.6774956964050025,157.09302170784673,19.589665264824593,98.27454674191851,9.764559454103235,-20.483461225139337,41.17356996991521,4.357265407092595,-0.2867956325615504,0.01018812040561136,0.3526207812971973,0.6461104502238003,10.32218724712265,3077.3997106965408,0.438136212936453,2.097735317340081,0.13939353548889757,0.1065950296189226,0.6485406095605372,0.4391735819349548,46.193298319746944,10483.82188471206,0
499.80285524000345,8.865007797055712,715.5541909850589,8.002720324592975,185.82091019059246,5.854561069166193,179.25909315831373,23.544220246322585,18.44551542245968,588.7953201780792,-3.6269673990785822,-1.0546236006162228,0.012389009677732175,0.37178841265595003,0.9027313351321445,3.99173162363994,1087.8998666388702,0.12792024789210754,0.7834413384465649,0.07482683214117443,0.6296281196210339,0.666717737257074,0.698483583125907,589.0953411760452,6343.393482298439,0
393.07631610979274,7.403363427068294,861.9351762978577,7.303561960287168,108.07667453674998,23.941571961065943,135.94707507322352,43.504859145011885,26.391319455518,-401.2568208613503,2.7949115332120416,-0.1326468001893284,0.00858923458590803,0.27495086859052165,0.9865194424447367,6.340225972744202,2587.5254807343026,0.36688408861699306,0.6066292357722514,0.3607875320440304,0.23588250066566832,0.794735276850823,0.4560393019323276,402.13349718823406,6381.219360707222,0
346.93843233531743,7.783092817535293,595.6625195593895,5.7729037882025125,41.00160544380316,13.77721163153487,82.64255361786103,15.912680661780612,35.05391542592869,-73.2486366850722,-6.265329285747498,-0.9395462338959755,0.013066279247001192,0.11818121494298717,0.7417236211286304,7.207697408694939,564.8877954319684,0.18162861995619017,2.2028919055808034,0.2872996564543466,0.24870405801944523,3.186772592334182,0.5824412665613864,81.44565128948697,4636.09667765766,0
444.33276094843086,11.82334491364503,458.49546945581557,4.47211412733907,172.92983115834897,8.627827007993975,132.82633251651563,28.92743676465378,-43.02562235924793,-11.293573114460969,2.4837205478496314,1.290834090411713,0.025787266617221014,0.38918991881046366,0.37824441052869173,3.4518416700152903,1492.0086677558413,0.5890249268568488,1.4873638030667349,0.03763838033251137,0.20751211378650578,1.4911982764620895,0.9691104722927921,44.55241677902672,5420.950076719708,0
223.4813588801344,9.002953827698551,928.8142936320962,4.447270135809174,128.40392845641298,11.079972016998592,63.12582360885807,78.68744268197001,7.279639641784797,-751.3370541663523,1.5193469817673062,-0.3345704799290612,0.009692953574705242,0.5745621429001746,0.4939790007726877,14.713697826538318,1422.711934169745,0.04073893159705144,0.09251335910364783,0.5004143927470079,0.42612887628310847,0.7548798304870818,0.2406093020018224,751.3738553689085,8362.072200076207,0
476.1406870047997,7.939223250204894,1008.7776777048801,6.035860396319331,125.70227766259674,6.445402601618682,93.23289650173547,71.45007666088375,-79.08839548702221,301.058361251336,0.7942865585841261,-0.01377877831420804,0.007870141683019605,0.26400238646551455,0.7602583031234899,10.81997573341618,810.2017874758949,0.37086442517256646,1.1069042775474047,0.22111735182200218,0.15242821362058664,0.6260938011118792,0.47199764380997294,311.2743838981755,8008.911193122284,0
221.0111955179103,4.516219019883575,483.80162166530914,8.932218502206592,126.98833978139041,28.684704694425267,162.2200572493776,58.440463246382876,69.90248464755112,-494.64407075894366,-3.54221649778739,-0.6089355448102998,0.009334857134910281,0.574578765043147,1.9778089731433923,2.982378565688525,3642.6230262645204,0.12294467471893622,1.196131597260699,0.29967217199907387,0.47472779317615993,0.7350956120050215,0.4568219402761829,499.5714777632898,2184.9540856153867,0
405.8206807776629,4.930623570794223,1144.5509691896223,4.21199604562008,73.34033706691953,12.461961895000874,216.90014544458415,64.55575324270018,-11.867024721134662,27.107563921996643,1.2872758556257757,-0.5432726140122197,0.004307910878171951,0.18072104390140856,0.8542522026157461,5.276856623787022,913.9644858944714,0.8196086363977598,0.18382598180707557,0.25493869566043137,0.9718195040416742,0.587386293880977,0.35456759174735275,29.619307497739246,5643.349986661724,0
563.6294338185942,10.51847294794085,731.9181741159317,6.369594350328146,181.9005238443233,5.859320010658574,64.33419873962701,22.49260403302688,-36.23160929514643,500.3945488853808,-0.9059698921754764,1.0253338095354705,0.014371105022287346,0.3227307037745451,0.6055626498117381,11.376813397150505,1065.8133793103204,0.32520748928328935,1.6108232395833744,0.44902754841093023,0.4151436478215726,0.7900529761303289,0.7700716470108016,501.70534664060085,7698.6615145446885,0
247.39446286503224,8.002368448406843,682.8161371753681,5.0249149442344585,193.4302619465198,16.58449351582977,236.47408646074226,18.9399767155096,-22.347251827568897,306.41950223764877,1.935924381846248,-2.1582250106443617,0.011719653377716804,0.7818698110961644,0.6279284660074415,2.8874882123235284,3207.9429250173116,0.5258956880997275,1.1798985903329617,0.4345332956477139,1.1497644223703842,0.6058852042994746,0.36231490352357293,307.2394161220618,5464.146312195205,0
548.2543475917814,10.678161679713497,407.9650646910363,6.160157935228707,172.4698769664931,5.004945195667755,161.39151872146635,27.05542781332216,17.096073147513756,-318.9773883116627,0.7419637849001353,-1.1956659014270121,0.026174206087475598,0.31458004432444653,0.576893113252991,2.527797420353376,863.2022821208585,0.576918725003341,0.6318906973297095,0.3460584678017226,0.4671956247406032,1.5176102950755066,1.3438757262389374,319.43606634419433,4356.316920445662,0
432.1697977007665,8.894063631744672,813.4411202015771,7.104227100791964,146.82806662765233,21.37588137752149,100.6879468852932,54.50741367421129,-82.22210969963088,81.46549670317654,-1.3081780720243357,1.1071215017814913,0.010933875127360973,0.3397462465188643,0.7987605435422761,8.078833121190504,3138.5793351235184,0.45119190381450025,1.508457366755085,0.5427169364575571,0.08465502831551636,0.7446720084579375,0.5312859000706424,115.7532453386147,7234.797083750493,0
294.39397866627286,4.916838948398613,504.9899942475264,5.5332008053468416,198.68592768787923,8.931508167177125,116.72194683670888,83.26240290998214,46.70645961768871,-275.7518589144156,-4.498013049499647,0.040769501893018756,0.00973650766234503,0.6748980688667924,1.1253573410511999,4.32643566984018,1774.564985847457,0.2787839740671526,0.5609549807034115,0.3905337523234242,0.06110860760644437,0.4900451569796305,0.5829699241961068,279.7155933911587,2482.9544722678293,1
558.9600728519889,6.889579259171591,532.212665793794,4.965519224197996,94.22494860487411,9.959377545557302,157.00996324388854,58.799197602445254,0.48767531325010793,46.62566144845846,3.5951505442203775,-1.6432578522723489,0.012945162154109577,0.16857187692156433,0.7207289498248771,3.3896744817849,938.4218373666741,0.5468323772772756,0.00829391102489853,0.422820327396146,0.4273633022171685,1.3738571732624902,1.0502569908183248,46.766603898006395,3666.721343721345,0
324.41430048038114,4.029755400539205,1197.8464803565266,5.060390442242298,195.69631763787706,21.325820666178174,231.74738570022882,87.2122334995588,-58.10021281408288,604.3066868808944,-2.4788374867172864,-0.9591947184714655,0.0033641668332487734,0.6032296275105534,1.2557562281733496,5.168759409031573,4173.384574976807,0.10642589764950527,0.6661933823123197,0.2702008767802049,1.1067944154566256,0.171907518437518,0.27083128414237406,607.0983043735921,4827.028323233592,1
556.2780053439553,8.961399674775409,564.6113236729033,9.632432534604526,67.97766316276905,8.78568456276163,120.33817230203266,53.7564727137545,64.18476713880388,176.65838990410452,5.325694749370996,1.1307079962425295,0.015871802953720114,0.12220088248992948,1.074880362910042,4.691872187121179,597.2303058617499,0.19200233923330323,1.1939914190534515,0.29905306894469075,0.09398338456393328,2.3348556298141476,0.9852406107005822,188.03253463360159,5059.7077323368685,0
463.81886370662573,8.72111344735049,1126.4529707108022,5.157200911362638,50.63396882208083,17.749247624305394,109.46625360302747,43.34193724787667,-20.091025184533137,-248.10141419703547,0.1434548360183605,2.3569449404073595,0.007742101689205353,0.10916754962796808,0.5913466144543066,10.29041310572127,898.7148508244716,0.6649362538484325,0.4635470045935106,0.178557551532861,0.004852239972477564,1.529033150928734,0.41175164500116834,248.91360267937242,9823.924150673885,0
513.2585901113541,8.917652052308583,978.7948425709076,8.30012787046199,182.29005924922677,23.30857574089414,199.92726852398343,73.34689968064612,2.8396657345131473,33.060726131915146,6.010839502543233,1.9162243729733701,0.009110849040525624,0.3551622179566016,0.9307526041356672,4.895754590142317,4248.9216528226825,0.24730015174248665,0.0387155523529571,0.21288253465278492,0.8175206229453039,0.49979955451488894,0.5243781104968089,33.7224777467285,8728.55183664151,1
469.5507291713443,9.075734089272645,421.874326216397,6.823600512744103,45.79195002806994,21.934081660356874,237.8035828191791,82.13646969183061,33.54035857761272,173.6420754309171,0.8259454888137734,-1.6716482554883525,0.021512885533160702,0.09752290260284091,0.7518510839590901,1.7740452907186914,1004.4043713026673,0.6810727914095602,0.4083491621134124,0.21149667796323512,1.1618507529016282,4.697962309963552,1.1130109134218613,176.85363496242206,3828.819203831082,0
597.8630708850362,10.346862615511736,1095.368959788736,8.526659617184865,56.94798383209946,6.625725016341767,233.86496679674806,16.746760983383176,-3.0993964926423274,21.289961221581507,6.582355920707363,-0.4083299697143854,0.009446006775203249,0.0952525529763822,0.8240816500648157,4.683766768456263,377.3216811065679,0.17654736628423573,0.18507438517320907,0.4903319783086832,1.1260451526977098,1.6587078487366722,0.5458097616718537,22.49880256595713,11333.63214023005,0
521.5555931373253,5.88133592030411,989.6522710350605,5.274907547973241,77.60440083741298,12.478869572031684,227.37707704032223,38.759081043621876,-29.86162779910562,-55.88052641524496,0.32909676991772496,-0.7278170073710148,0.0059428307218988355,0.1487941110373248,0.8968893495375261,4.352471603193136,968.415196265743,0.796520116003235,0.770442100149317,0.030856725333593463,1.0670643367302022,0.7657852721973215,0.5270089387981085,63.35975340814686,5820.47745024904,0
374.2900209340306,6.785488104263657,944.3499573509083,8.888006850106464,119.76514116536438,13.270324776325836,117.26486206397254,32.76089181322554,-6.926586665784271,-219.00163017343993,5.009444056566323,-0.03114151567695167,0.007185353323145497,0.3199795198025684,1.3098551959028106,8.05313664067356,1589.3223201468963,0.315225343123436,0.21142851376799254,0.3698651900068509,0.06604420058156858,0.599953647048635,0.39634673356050065,219.16839678936068,6407.87540186648,1
427.6138069867347,5.076469735193905,1036.877052871661,7.294634437373844,117.10913837101641,6.366669895827033,154.95712382417724,52.90340158070543,80.82836831437703,-411.8524149142347,3.7802369777972293,-0.5238193656634698,0.004895922540801222,0.27386659751762726,1.4369502465073225,6.691380346270223,745.5952257929927,0.13772198883671272,1.5278482271328317,0.15152320083519635,0.4087011256743386,0.4180649442821726,0.412405507289843,419.7260141886131,5263.674978020037,1
381.5124937382443,9.176559942494062,1004.7943252175671,9.672035008801366,95.98091410071154,9.077619212611651,110.17596081475874,17.59397782940224,-15.317274288414744,-95.1675250963209,-1.6378987364889737,-0.3401168974472908,0.00913277445163424,0.2515800024272968,1.053993551985957,9.119905265967681,871.2781898846476,0.7445914644096396,0.8705975667888602,0.3011852958061126,0.0015996437705339873,0.9515198450862153,0.3796921262026791,96.40622094479377,9220.555355236878,0
370.4475200289441,4.762321093040573,965.5648909287141,8.889754705590477,89.18398933927725,19.16192060949956,104.10822108749292,15.834138264688995,-94.49687570546212,345.0961759966124,-2.764012008044266,-1.4025800175858274,0.004932160580590296,0.2407466227127369,1.8666852847409927,9.274626737856273,1708.9365233576857,0.1911326568455114,5.967920333005767,0.14681140668281017,0.053561626477337074,0.553032065186855,0.38365885453087956,357.8109416548899,4598.330046769235,1
366.400417969151,8.591694105357432,887.908267151278,8.931450994474831,126.62509180695594,10.592762076683751,109.71660283982253,13.571450005024227,-26.80434367688848,385.25276432836006,-3.2833564114937968,-1.0187225344926745,0.009676330791380744,0.3455921052404943,1.039544807456022,8.092742977537803,1341.3094704493212,0.3454655678099128,1.9750537832704214,0.6626311631228375,0.0025763378197952006,0.7641716703457657,0.4126557117715464,386.19806536532076,7628.636224981767,0
560.5902515245373,4.869557008326029,1182.1464381839023,4.571536863147466,82.59781897636702,7.414848502291031,212.69853630845407,88.6597252735427,61.289682147945186,435.8119375608883,-0.05625540747184132,-0.7730679812811578,0.00411925024771634,0.14734080507418829,0.9387993313007725,5.557849427179701,612.4503143294207,0.33400178294840566,0.6912911353926209,0.43929629316420526,0.9336230573495824,0.4987117455116998,0.4742138819838226,440.1005262698996,5756.529472926074,1
208.98437817636076,4.547019562945931,1035.213678754154,5.946891552241297,146.94910039344762,23.47954067607895,140.21499372976695,17.18744880956626,75.00864179221759,20.061782536043438,-0.5975702036849757,1.4917366016857825,0.004392348803213383,0.7031583014757117,1.3078658382521702,7.383045501890454,3450.2973800011628,0.5246205706397605,4.364152156803456,0.17819287962663571,0.2746817611796995,0.2989027351275459,0.20187559579763925,77.64746326947868,4707.136849124363,1
310.2971856793783,9.274726742785909,911.4655448539237,6.896288177832661,194.53445993165298,16.806882204442243,208.9072548973474,60.93808496001693,48.710221605876285,253.37305396820636,-4.388500840201978,-0.10028172729863982,0.010175619687601384,0.6269295014897757,0.7435570199625288,4.363015278247749,3269.5177527760807,0.2972104211785169,0.7993395532176033,0.3434761966917528,0.8991568627031582,0.5230754330711612,0.3404376472937418,258.0500903035952,8453.593863984615,1
279.82826476042237,9.239695109017678,409.12799622860297,9.799013358394227,103.26256096077138,12.470088211122627,234.7951359881169,46.36713207908182,47.003005928269374,-616.9227226181592,0.6357013686151376,-0.9976801033796745,0.02258387398122454,0.369021196086752,1.0605342755120426,1.742489232184559,1287.693244087247,0.1709692480254078,1.0137138921618667,0.03982161070339614,1.1345012362556082,2.187034078091862,0.6839626408848014,618.7110249261162,3780.217945715626,0
486.7110674156203,6.4475144493841485,1114.289107936745,6.470453469423127,66.31655391231148,26.3601954005075,239.15586788068234,13.458768061343205,124.31106520864365,227.42255521634627,-4.513436323717549,0.1549486773350326,0.005786213293713856,0.13625446050455509,1.0035578082405336,4.659258908473351,1748.1173194168207,0.0,9.236437142095843,0.2676359869803444,1.1741442534607485,0.8725141691416602,0.43679065329538286,259.21927139371405,7184.395124213536,0
504.37150902659937,4.7821859119043015,766.48342627977,8.681190630078659,82.52684013894896,9.229724209400715,132.5389398252665,33.33729777629636,1.1683513201391449,79.46519478696894,0.44443375028358467,0.5422728787334536,0.0062391250064144,0.16362312038247323,1.8153185154237854,5.783081012193608,761.6999743557998,0.8859546630267155,0.03504637142395721,0.2513636761060478,0.20489945295696826,0.7560116194815769,0.658033157317744,79.47502594335265,3665.4662428632555,0
450.0285243035585,9.689269470132068,1100.7876201620725,9.515258361507197,73.32398003249074,9.89595079072963,164.59046411266928,89.6188919860407,27.524321975152674,-200.91337179707352,-2.8239117715612156,1.2866339904303858,0.008802124308688614,0.16293185003320232,0.9820408433100892,6.68804007629832,725.6104981819703,0.5338812728243112,0.30712633648092796,0.09087511892082234,0.49627694647881165,1.2004427889468476,0.40882411471642405,202.8096293196024,10665.827881135703,0
326.2127268247244,4.031868114870657,950.66309153514,4.219488111771388,75.06278353007511,9.757926089095788,122.95978614475442,18.61680275719027,3.138543023292776,387.46258036365725,-3.190143176585752,0.1688580623406386,0.004241111441867337,0.23010378614200017,1.0465342594438383,7.731495973943642,732.4570937282696,0.3723261603336536,0.16858657548383774,0.36639512407971286,0.11781623767958561,0.5650085491657882,0.3431423074371731,387.48842388884304,3832.9482067448957,1
280.54747076219917,8.803719291161727,1183.8832572762717,6.0079323638563595,143.78321484435304,8.807926569540848,181.86545532021742,26.47627552116592,-5.392672501846555,-45.51234320631329,6.564406493975801,-1.5353103694960835,0.007436306947541607,0.5125093961949427,0.6824311595086718,6.509665374283222,1266.4319982815773,0.17678913461957335,0.2036794222637354,0.10872290820482697,0.6533223210928857,0.5171888078585176,0.2369722428608773,46.29844201978697,10422.575870566496,0
368.53799170929483,7.4745019420852055,1006.3965170883165,8.917555022983311,169.2645882103763,17.76461632617559,130.51786113792602,85.37084572032052,-12.332059177758595,-663.7750514458205,-0.6984666849029679,0.3909709146883671,0.007426995041388124,0.4592866733367704,1.1930634431670948,7.710795352559426,3006.9204671654393,0.16214758523820572,0.14445281727861856,0.360446553215484,0.186526010344782,0.4387802032258057,0.3661956151990078,663.88996562772,7522.312721484408,1
556.2311253095866,4.744162056194927,629.9348038681603,9.127634001097022,190.3061300835529,15.648126867564214,96.6023565497782,40.728007203344454,-61.54377326650069,-238.95971254910216,-1.9117975371402718,0.2028045732522452,0.007531195334918877,0.3421349892594243,1.9239717979654924,6.520905145244169,2977.9344672226143,0.4575196674811226,1.5110921818302692,0.051375868040155745,0.12179675863838006,0.3957410794708687,0.8829979259663207,246.76514182365992,2988.5127943879197,1
409.1372748666154,11.009774527955937,695.2934406235833,6.321938888315108,174.84708620515366,9.023940350747646,172.915964096307,38.99219764972334,-43.24087648379208,231.25917629946696,0.1436809595739339,0.6741888945950834,0.015834716516355558,0.4273555526373301,0.5742114765622574,4.0209904519650586,1577.809676417338,0.603863218498583,1.1089622819476779,0.1782622884436393,0.5719633099664272,0.9056322790404514,0.5884382779444535,235.26708368578178,7655.024012032371,0
299.5372146636071,9.090536632746307,438.67571377257065,6.0460982742935,67.62969853852022,20.148349905586862,120.17833010376904,70.58027250252368,-19.363302843020705,500.39346907745005,0.9044553589598481,0.02280104496957769,0.020722680438742622,0.22578062166489468,0.6650980595044295,3.65020643400347,1362.6268301634618,0.3529544834842082,0.2743444046964872,0.19763124803032606,0.09253027367062766,3.0641391114496086,0.6828215131574408,500.7687883962536,3987.7976459456872,0
586.7303802440575,8.01420110790945,1070.6376633593663,5.206383918685315,169.00935988909683,29.913643348473332,232.9163376770144,30.846096093915357,63.18761614124597,66.91254616869173,-2.345246013269838,1.0634095788588471,0.007485446647526944,0.2880528528602786,0.6496447803820373,4.59666193465579,5055.685714276217,0.5011012936246881,2.0484801690580947,0.4218756906138857,1.117421251609222,0.4429013075038483,0.5480195591130794,92.06228243560719,8580.305547864218,0
522.8798595218916,6.975518304347804,804.8205835947188,6.804932605555107,58.11336270977158,19.953553053206853,196.83415801006373,56.93226462463001,2.403346435261767,664.8305095222886,4.053761639417018,1.8663148834643746,0.008667171847409467,0.11114094691447668,0.9755450862072326,4.08882580000962,1159.56806592968,0.026544618915470886,0.04221413729293376,0.41223225617662823,0.7894014364551248,1.4914249396812325,0.64968499834641,664.8472121090551,5614.040712580842,0
326.64302894466016,8.06450087817166,1089.5044895269198,6.441243805145572,173.00165255326712,16.159766629246743,143.64606867506592,18.36539678524407,18.684523531007812,-245.1165076918786,0.6626752064153214,1.610444262353667,0.007401989579385208,0.5296352201735708,0.7987157422947538,7.584645368829617,2795.6663317348257,0.6618033298587606,1.0173765233332803,0.38177863665061595,0.30587335159150836,0.42785658230091983,0.29980879572739877,245.8285030281736,8786.309912561812,1
477.82458441320347,5.561606578236777,782.8029061511197,5.788690404382344,120.5779717312369,19.248632273004414,248.2776432805446,81.49107901108219,-115.60222874879251,-499.773122312688,2.0461481657084235,0.1195646444007723,0.007104734198780697,0.252347777122673,1.040830616648465,3.1529335296073406,2320.9610380793006,0.011205532574912302,1.4185875331589541,0.15751520344471243,1.2570694843685872,0.589223230144959,0.6104021595455851,512.9729386626327,4353.641792312934,1
475.96824439924734,9.1817903659493,807.0900910615203,3.850826005955719,189.84682917938758,15.292407078009754,145.39610691431858,43.762763540669084,-21.511771945731354,176.06024119857636,-1.5626612600248748,-0.13749052061566136,0.011376413200505295,0.3988644860520191,0.41939816228396154,5.55097456314381,2903.2149942805754,0.6764812143861101,0.49155423938756276,0.442229629216767,0.3217827901301689,0.5992416754959675,0.5897337232492014,177.37645495769618,7410.532022561811,1
371.9109598029898,11.96695092631629,933.9072679686087,6.840543325543066,103.67105878724726,13.114571436014046,194.02969052230958,54.970268767012314,-106.94494122227243,259.9684751596101,5.5137962454176055,-0.1385559769460114,0.012813853512829213,0.27875236277566096,0.5716195685653026,4.81321835567855,1359.6015063125658,0.0,1.9455051543508215,0.1265990307260882,0.7639062774755416,1.2360106728653826,0.398231144096301,281.1605066130094,11176.022445510458,0
282.7939258439894,4.465320635614475,1033.1053917158806,8.752059249005825,43.668950226495596,28.694875346749342,144.72096711198213,81.94813253200809,76.47659568018143,-66.29259282703492,0.12450705088921055,0.034284891424518626,0.004322231469722602,0.15441968951831977,1.9600068983179413,7.138602044557128,1253.0750832726926,0.5146417719680987,0.9332317078770583,0.2516864663914237,0.31564515556347394,0.9897722402999606,0.27373192329806556,101.20964900920617,4613.146824393497,0
536.2480593485363,11.666365579822232,737.7179616605798,8.027929515966374,76.27481654549628,25.019642916963463,215.78587336379042,30.09588484278766,112.41335826024283,-147.42737368324492,0.9927639164842343,0.8168866650888162,0.015814127059562994,0.1422379348806579,0.6881260029988449,3.4187500328942817,1908.3686735252136,0.26312557216570875,3.735173723831621,0.27010857558003615,0.9616897578526401,2.0733090914915815,0.726901183402745,185.39843366835308,8606.487435533605,0
350.9008029264954,4.470143993341761,1198.709063071157,8.948713656352691,75.43835012776785,23.140696647491346,60.131133262307856,52.41376992010434,-108.2023661696978,-131.6404369950826,-1.6579243428995767,0.9438846733602198,0.003729131722662555,0.21498483189156517,2.0018848765681194,19.934915542703514,1745.6959758939158,0.2738047169514246,2.064388162397657,0.4269805005606506,0.4533533339790195,0.4943283775886704,0.29273225150018356,170.41040288111657,5358.402118051863,1
548.9251371858372,11.831116157866173,1167.7692457889502,7.619791173504396,183.08347263065252,16.200210483034716,209.59377154775817,86.203436091821,68.6400984328068,-179.5605390119316,-4.30526504113874,0.3039261081015523,0.01013138186377996,0.3335308591792,0.6440466877200097,5.571583722004171,2965.9907925814964,0.27609820704868304,0.796257104643644,0.3293841206977366,0.9053979231614379,0.5533750107645559,0.4700630190127853,192.28100683685653,13816.013592512843,1
491.9215580370179,9.849045204963993,1002.546063440876,6.041752170686275,150.47927086613663,10.967790786177066,150.71139987977446,54.564087928278504,-70.58899132035376,-114.98225134554514,0.9639207458209738,-0.47476443924227496,0.00982403259473257,0.3059009478393562,0.6134353173281392,6.652091774349036,1650.4251605162563,0.5206083077264819,1.2936895676353852,0.5242788242692707,0.3701036352706769,0.6528495611513052,0.4906722752954368,134.92461955966124,9874.121498887886,0
372.0698484953159,4.37767580551101,642.797338551304,8.934991448876774,192.13926711981338,25.791798856497067,135.38121495487326,9.805602473338155,42.07548375696743,-441.4020683922097,2.1582965315369655,0.18532190832435802,0.006810351479328055,0.5164064432977892,2.0410354365731256,4.748054143003284,4955.617329988987,0.3318906298648394,4.290963647707771,0.3310874360069799,0.23073831777157508,0.3544487069934166,0.5788291677340535,443.40815346385074,2813.958356822913,1
497.5328534431272,9.754340168948701,952.1994087954214,6.726646276749069,130.6955328223966,16.537286661223668,135.04211443892962,28.0152860992815,62.80922585575654,165.07765445323548,2.998124627197045,0.5219362092150561,0.010244009898397665,0.26268724149155376,0.6896054638490273,7.051129292158977,2161.349491625339,0.41937114355852556,2.241962678273965,0.40547569840120284,0.22765558580845105,0.7838071950261948,0.5225090971990105,176.64829352037754,9288.076942062384,0
397.8489645116931,8.59364297668898,1146.7503220554836,7.761269508267329,44.96651562134923,14.518262957121113,210.75682444849232,27.14780875914389,-53.12285437961961,-233.48547621727073,-1.6794203771428995,-0.3609914502077096,0.007493909364058754,0.11302408610398086,0.9031407901538919,5.441106474517708,652.8356980562424,0.5106270959942867,1.9568008177354956,0.23690976695404936,0.9159711313499302,1.6665532698070096,0.3469359954471797,239.45840080199136,9854.762851147932,0
375.6793107125628,7.966691368266693,576.1348231608436,6.120947827870873,50.082977231303104,26.46464739067097,64.43357195069808,63.09958969043489,-123.07713721256867,-382.79488409538044,3.0119315515902096,0.5002058166861589,0.013827824752128508,0.1333131098870181,0.7683174287700069,8.941531653742217,1325.4283327014393,0.018969942949568774,1.9505219893882388,0.25002190814403163,0.4142402549936538,2.760982975965289,0.6520683972051483,402.10567855441764,4589.88832263335,0
538.9974822507654,8.558884010732775,977.692431994636,6.626928145581784,135.56092871195762,29.361851674456805,107.71290566955355,72.36650541595475,41.7325977241679,-520.043468119019,4.2627926347986635,0.9317439585402436,0.0087541682134855,0.25150568077957863,0.7742747929837193,9.07683648414466,3980.319881692112,0.11992590685998994,0.5766838882752939,0.276637536662786,0.020791766640422277,0.6457736972344383,0.5512955451144604,521.7326804476712,8367.95612361333,0
220.3582202007526,7.231853708505445,1024.2549264430686,8.334795486157013,176.2596529230986,23.48475836696858,239.9475083421112,47.3520622047539,-5.48375616961539,-74.30679138294352,-3.7411198966762065,0.6532432793845455,0.007060599389665141,0.7998778205892253,1.1525116273237648,4.268662481723759,4139.415358744718,0.5219945907701968,0.11580818055828726,0.21433100913971137,1.1813409849282837,0.40057944473234913,0.21514001496286758,74.60272652817315,7407.261788252277,0
526.9359500823458,7.687914997138242,464.73278598075956,6.6674237285093465,174.07215110022923,19.28138630818864,120.5843932634214,83.28253057866196,-35.270218224481425,-488.2337790464321,1.7979985515332029,-0.1688247214834906,0.0165426568321705,0.33034783653122635,0.8672603340426156,3.854004431282681,3356.352390860904,0.313296008258495,0.4235007987799797,0.16989529640150125,0.09622175694019458,0.9503333375047096,1.1338471611601801,489.5093912218173,3572.8261550033185,0
574.5278795393992,8.785386398830862,831.0085875114302,9.45211136028599,179.87177185594635,23.18740383290952,227.62793779031327,14.675973061616137,134.70120233285482,-11.608209442516909,-4.24260584789581,-1.4519519953894138,0.010571956211836406,0.3130775342010384,1.0758902262447845,3.6507319601381276,4170.759412164797,0.004900961210097754,9.17834897674726,0.2080018594189487,1.0693448890028479,0.5877496008825195,0.6913621449567714,135.2670105412204,7300.731542034565,1
205.42803555542065,7.420096023683454,654.2565024524215,9.03751511456113,192.61914462717627,15.58352123967513,244.88151676854676,6.22053234372029,-31.83751081355257,632.8435159420562,3.152627425616161,1.02714419611591,0.011341264467177465,0.9376477952796819,1.217978188653516,2.671726764379695,3001.684531465657,0.0940973166508755,5.118132830816797,0.33496862559930574,1.2261956069867888,0.5887921727162186,0.313986998654797,633.6517038755529,4854.646072316257,1
527.8568698644929,5.894816974066685,663.0705477109939,7.464693061088374,133.43269082453105,15.263237439211009,60.817039146619315,43.216218879319335,70.06847635211881,-348.81334873172653,-7.106603069588537,-1.2963023406033125,0.008890180682004898,0.25278195367389045,1.2663146445306293,10.902710112415141,2036.6148422076496,0.0,1.6213467575167557,0.48238346897037776,0.4471178259398244,0.6662670614726504,0.7960794996651921,355.85228317229775,3908.6795196504604,1
448.27039678777135,10.658629871866225,1075.7467579536444,7.601729280824088,126.1378212720461,27.850206725296278,212.24018581194028,80.00612457224413,24.56752898072618,-169.05274972179723,-6.118549503379405,0.3790237646483918,0.009908121770352128,0.281387801148432,0.7131994798777169,5.06853475386057,3512.964398304958,0.19180525296438578,0.3070706038078639,0.07887531807912694,0.9294562346540025,0.7854996757065364,0.4167062493783393,170.93809498395825,11465.98652888796,0
422.7459141428507,4.801067377176163,671.4976209138051,5.920325978152634,181.34806280650312,15.389051886109629,173.7092750389014,79.35621397183863,17.310519430868112,215.88137103948156,0.6532363911076207,-0.05854699657058937,0.0071497905988745685,0.4289765003978809,1.2331270346876038,3.865640569643885,2790.774747974744,0.6980187912957141,0.21813691158465734,0.20227618802600603,0.5791752276263764,0.39425789767069835,0.6295568308455932,216.57526904666526,3223.9053216206757,1
595.079992173203,7.384991470357912,697.1991859276353,3.727248237442424,68.5271957031492,25.22978387680701,151.71206987440854,86.16435178864145,-45.24335952610342,-20.940241427744468,-1.4833364043645663,-0.8976839107573236,0.010592369611751706,0.11515627580233583,0.5047058283551117,4.595541979651297,1728.9263372741123,0.660848019580476,0.5250821086321639,0.24600883235288318,0.37920063522189584,1.5457176531251122,0.8535293846928966,49.87640302937845,5148.810041216067,0
586.4675027112532,5.557831110369898,586.1864763218006,7.5214596531368505,52.378929587440446,5.8511913453801645,72.16258472301624,15.477409891790307,-18.9830783835269,-42.9120038073994,-4.392380730488653,-0.3939044458449761,0.009481336289510027,0.08931258653768778,1.353308422615286,8.123135812994743,306.47913948230854,0.43572439066018465,1.2265022711323366,0.12489829712328906,0.3439765025180342,1.8101431938737989,1.0004794146586526,47.12844517022554,3257.925434579411,0
544.9984765664553,4.045938192433933,1000.7084373556976,7.225151121813638,55.06798576124005,28.32147837198994,207.481254552301,17.350184348087964,13.799799017324204,-337.1361346847337,3.999591850057792,1.588658139496677,0.0040430739278316105,0.1010424581517619,1.7857789165748899,4.823126983278594,1559.60676772601,0.3404677506183673,0.7953690139808214,0.5212264481296616,0.8861932232027364,0.7341968063552005,0.5446126526189545,337.4421498539394,4048.8044861882972,1
455.57295837062827,6.739733198456457,1140.4541419511056,4.296227432002509,67.0079704081308,15.845688512392346,113.89633902050451,57.337289209029066,-14.809814251536409,276.38492431635075,5.3904804261909565,0.32295614722190447,0.00590969242035986,0.14708504790931187,0.6374477008951093,10.013088671320613,1061.7874269348445,0.23714692232571888,0.25829289204004197,0.31238551133682746,0.0354212638227683,0.8819387282386294,0.39946626664990437,276.8339109768619,7686.356641825039,0
368.5870143282869,7.5621443161569335,1114.7558811295135,8.294061236402612,75.11090379092664,21.429162413044565,85.12851051569496,21.495428767432166,49.06707986770621,228.32220476208835,-4.7162482431202974,0.3641940431496149,0.006783677434825173,0.20378065659152095,1.0967869548167573,13.094976928134885,1609.5637563263317,0.27677970348826886,2.2826750933225393,0.10160589482599447,0.2261044498573186,0.903154814074363,0.33064370466009146,233.58264171734936,8429.944850386064,0
237.57528606871418,10.168098609782191,467.2041958178088,7.3962474410615755,177.24456197747077,23.52753092105282,138.55337101571274,22.731358299918003,-88.12221432307943,-147.783208268075,0.2870207974048036,-1.5776501565024441,0.021763714240587317,0.7460563971549049,0.7273972966731495,3.3720160858794634,4170.126912513406,0.4179752442207908,3.876680537977236,0.35135642549074075,0.2595761001428431,1.2278917896140398,0.5085041791049307,172.0624412361574,4750.578333979468,0
551.0311658613346,4.357756032429895,1018.9853239784732,4.456423794456118,151.72196692789348,14.291561640000042,194.48072656202373,23.175060783179735,41.18055736503641,184.1985879925416,4.517741693627712,1.0164855331388942,0.0042765640778963335,0.275341897750433,1.0226418737744722,5.2395182905360995,2168.3438424920373,0.33806040501199675,1.7769341686009692,0.1685622758251479,0.7680066051093066,0.28186848381215546,0.5407645752049864,188.79980962212724,4440.489442524723,0
499.51073344816035,5.735531653359018,610.8969143815568,5.235268238180235,131.5732754359229,14.154264211641493,186.55800062310382,56.87037296727459,14.425146807976859,181.01107765530935,-4.3289452861865465,-0.39747881613967007,0.009388706209402612,0.263404300699732,0.9127781964404637,3.2745682969433676,1862.3229037111323,0.4065924610608346,0.2536495903812279,0.15442452516646943,0.6959818238463984,0.7135724316580517,0.8176677958078106,181.63654605188603,3503.818589374773,0
518.8613603878816,7.603486244712027,1071.1953078345173,3.808940588844793,115.15565826316222,24.67688430323552,188.19722135425062,77.4901706569397,-28.847003158999534,-127.4715269180922,-7.230957473503347,0.191223451347458,0.007098132515239364,0.22193916728945878,0.5009466008429733,5.691876320629445,2841.6828558229818,0.06465231247917747,0.37226661026092495,0.41877688148238157,0.7108838304931874,0.6163945933962,0.4843760578421405,130.89471537105248,8144.818788519818,0
599.6491984687968,5.950452387688577,778.3013348468944,9.416081370163305,56.492742644255415,28.206247438904875,152.74956296673747,80.90846702862014,91.55355239895462,639.0139532171435,-3.8974040488030655,-0.15913801128540062,0.0076454351563705536,0.0942096525577113,1.5824143706527385,5.095276999361211,1593.4482775262416,0.0,1.1315694853861087,0.5616821855185281,0.3886323906067043,1.3533481998767847,0.770458910476825,645.5509856869475,4631.2450362809095,1
216.96330740867546,4.710970287467367,895.5332574113995,5.542406795250154,88.22807760158412,9.836015982874244,212.20329419247685,86.96792281625353,-46.504063463519,-322.92692574613056,-2.8861446788133076,-0.08428737221194105,0.005260519638416054,0.40664976329567254,1.1764894399768695,4.220166613432095,867.8127814274504,0.3855314689611008,0.5347266205469013,0.28056288983775873,0.9291208562952441,0.5962409905575912,0.24227275270136012,326.27098725074063,4218.830567103968,0
581.2777983567481,10.228921882473603,1033.3469403517079,9.852255854909185,136.07299562239365,27.000496233296364,72.31726723699823,52.095314153617394,112.21278547565063,413.7587114893287,-1.7861488897458182,1.754976472817047,0.009898826311898798,0.23409288296760553,0.963176370697502,14.289076175475797,3674.038405755792,0.10044083669605364,2.1539899950456256,0.22304751149534566,0.3425702978454706,0.7274644220641924,0.5625194943325671,428.70872499328755,10570.02513035073,0
321.0603504129948,8.13435115946709,1143.9947448105268,9.987969594427508,165.22570937942558,23.23285559318673,160.25964283528603,61.57832372992877,99.24458924485732,-313.3223981209326,0.21423959106359725,-1.1690985726337297,0.007110479481104904,0.514625082688934,1.227875389028798,7.138383217204085,3838.665046294033,0.265932645772165,1.6116805920233537,0.14330785691526207,0.45690584395714573,0.43034946000905605,0.28064844866588107,328.66466125404327,9305.654978873767,1
510.9772933513713,6.586316312336096,776.6534258270813,7.76804329905968,166.1663875156758,12.677725530616318,198.8841881212022,29.31572936986327,65.19168959666159,-123.75861077078662,-3.049497288679783,0.13291923786173765,0.00848038017127412,0.32519329073476505,1.179421535602568,3.9050536554156845,2106.6118533377676,0.42099298270625507,2.2237785311143923,0.3293454152686294,0.8080380738291107,0.5103547292603986,0.6579218945789319,139.9122924052644,5115.285127556617,0
547.7837367828173,8.474198817012697,1141.0741227116591,9.271275871965456,175.84919831687847,10.738002695108733,160.97511870556735,67.58011074870404,-102.15933290735734,309.0551993531497,0.700186491968676,1.3078153315576735,0.0074265103803024925,0.3210193850399,1.09405928184651,7.088512385561576,1888.2691654593511,0.24861486242024777,1.5116775006071799,0.09250303673514278,0.4634101700506123,0.4223226748477975,0.480059731335471,325.5028967742298,9669.688980806943,0
592.7355344463475,9.988209752969674,1188.9407902765472,4.711292167254011,161.85520148446437,18.790955492497915,195.37680484823133,44.7418743131706,-65.70953290495387,79.19371763907623,2.011341782004992,-0.4726859297060413,0.00840093117727622,0.27306478535262335,0.4716853453996858,6.085373292905041,3041.4138873238526,0.5083983917042043,1.468636124741226,0.6133530064085889,0.7761527713475576,0.5190399258242301,0.49854083508101144,102.9244048991734,11875.38999714368,0
488.5154686340352,5.1605371594755525,1138.0755186490508,5.35777018673026,173.84819568479327,27.334605102422852,183.73248526540783,55.855564777543336,37.72240042271255,-76.23445039258456,1.3007401330612787,0.8372140660155667,0.004534441761475858,0.35587040093305483,1.0382194762211057,6.194198685143032,4752.071776812557,0.6981685390986263,0.6753561721728182,0.7613221791968167,0.6702953205946166,0.2608276573486745,0.4292469705471971,85.0668140064306,5873.0810042778385,0
206.1663921134863,7.861499122614365,444.14983247581966,8.874111473129277,58.1852935975521,10.423850374145395,147.39339613101748,21.59064470903523,-55.59383769806908,112.67338867536182,3.5255877606587225,0.6524142031397373,0.017700106017809563,0.2822249203717134,1.1288065208329077,3.013363177282491,606.5147944366032,0.42139735562921166,2.5749040126997333,0.31408749325409174,0.33993996482743166,3.042024010437273,0.46418207784579174,125.6916746433371,3491.6835183179737,0
568.1805538363244,5.802854140918406,866.9618228200113,8.47677664311535,179.56498671927665,27.913553277347752,76.145373401649,66.7150294036066,10.744965405467582,646.0349450985614,0.6729885518683467,-1.1756305612437714,0.006693321422208839,0.31603507988237817,1.4607943672652348,11.385613913100023,5012.29682353477,0.18531386101276215,0.16105764325551977,0.16557980426109745,0.30776933271228185,0.3727520350430487,0.6553697508711217,646.1246454699409,5030.853003569272,1
333.3249702864598,6.756066824218591,824.2640563134752,7.983494905451362,68.69522750341011,20.041360520243558,234.2254921604923,20.72566777353267,20.283894560994526,-421.6747036298207,-6.177511347596218,-1.5751504161734031,0.008196483605551273,0.20609085315262568,1.181677907156393,3.519104810968594,1376.7458204159927,0.05650919979798552,0.9786847296132816,0.3851188794299113,1.1293226560044756,1.193166381921421,0.40439100520439686,422.2074770847958,5568.783045255314,0
244.8103202905133,11.594971226122158,793.5696233148274,8.34302542621952,74.83204248411768,8.429580235108803,200.84828746468455,62.27505517746248,44.57166124559366,-571.4154555459954,4.129821745454341,-0.47698390340874663,0.014611158095604381,0.305673561454907,0.7195382604679197,3.9510898167571478,630.8027062769406,0.07573025110368237,0.7157225492386922,0.3154069364589967,0.8258935224062232,1.9525269671351608,0.3084925545258571,573.1660416063382,9201.416948260023,0
582.9332274781553,11.161635158351334,552.9484301074492,5.282974913351767,98.30728309791553,26.996225903597598,236.2092892601002,73.19892046822093,51.48026966262091,248.6298614523846,-3.31935619208613,-0.1997727731493768,0.02018567112340368,0.16864244215963733,0.47331549888538965,2.3409258452091355,2653.9256224802493,0.38985975303490483,0.703292744391919,0.2005559898130822,1.1473571750918201,2.0533240760298956,1.0542271136656984,253.9252730546884,6171.808638242481,0
327.8268900483911,6.218355353376065,966.8177807577631,6.464133921414572,87.91069351137659,25.783799949505127,76.30107684525238,70.14065486525942,42.932317742013026,-387.5550075159882,2.143052456148692,-0.03227324047019309,0.006431775953171137,0.268161936009581,1.039524690062151,12.671089593120476,2266.6717349195924,0.38482063106524544,0.6120889208189778,0.5330942449017426,0.306353846861342,0.7316261192205014,0.33907825918494183,389.9316099410878,6012.016522714203,0
555.2325198023443,10.750859193464343,731.5386502914355,7.723396622065768,117.31764125787745,7.9490366605032925,216.1193748009619,56.14990002454307,61.78886322479268,113.92871166199643,-0.7986266602405845,-0.27281223557587353,0.014696228544016561,0.2112946145511092,0.7183980817794517,3.384882317770704,932.5622312826415,0.5764650486110678,1.1004269499640216,0.557533225979899,0.9647215890996537,1.2526870116415474,0.7589927334408741,129.60807368415328,7864.669023860177,0
204.8437154467482,4.777732083937362,761.1266436821256,8.43094796384235,190.80987208010188,18.027370379210744,127.53753559665327,8.78713589296039,-116.09593260980537,327.2992055805007,2.0932550732396766,0.7353096663860512,0.0062771841238193704,0.9314899979428727,1.7646338923413107,5.96786381453413,3439.80023599782,0.1268782863308312,13.212033366049676,0.13844160269457892,0.159432141787757,0.32897585724412687,0.2691322359387782,347.2857861458902,3636.4591854596524,1
557.8326651293853,7.176227369516923,874.4266629272521,5.632256633428046,124.3390486015344,6.232145075562563,72.39939529536504,40.25143476469477,-67.80083678323267,373.5013322317049,3.458061116340824,-1.6528096108062975,0.008206780138077685,0.22289667919087322,0.7848492450716745,12.07781721601247,774.8989894421868,0.23554661201715743,1.6844327954913536,0.10954272536222302,0.3418236791330451,0.6600324057792741,0.6379410518681704,379.6210700607242,6275.084551133895,0
444.7288717709609,8.91733360805939,570.2787613731658,5.074383767684997,115.96003479009676,10.945525776014613,190.73476993222152,31.22713354173945,48.540833483747434,350.74664353461515,1.1081392753583241,0.6421779064613151,0.01563679767169914,0.26074321266422557,0.5690472052204959,2.989904575740527,1269.2435497825552,0.44913668980928,1.5544440996758728,0.33215056634447815,0.7339524539292865,1.3484643825783467,0.779844703842915,354.0912995806998,5085.365964755413,0
569.2557330498084,7.916376543516398,479.4461792682549,8.479573302755934,41.67666462310146,24.115961991016842,76.13415473844829,14.062408821134387,52.26805150095245,222.50153361512412,-1.0752681465719167,-0.5926568558976921,0.016511501990898347,0.0732125514130832,1.0711432504686504,6.297386250827202,1005.0728599630711,0.5504035168133059,3.7168633173570393,0.2773002234858105,0.307871320559561,3.961809837763742,1.187319364852638,228.5607968799012,3795.476487437771,0
244.42084460265664,4.3221812897917,881.6087682419281,8.907117177257248,104.42572537738748,7.2673862417755934,130.95907721188115,34.58392124887705,62.154269994176786,-464.5827259961659,4.135357692716056,-0.27585355532598577,0.0049026069674996935,0.4272373968232841,2.060792127876365,6.7319409010156415,758.9020798950622,0.130887868889487,1.7972013510814642,0.1593143756948536,0.19053706556255592,0.46948268252693526,0.2772441171270015,468.7401879034742,3810.4729230115686,1
527.0845784258456,7.735262605614591,778.3369097578225,8.508355399653956,101.32696208254322,10.962014803809273,79.9561515763123,62.11233947434528,-36.480038019914694,-147.57143287917734,1.299087862564038,-0.385916556237178,0.009938193227944692,0.19224042256208543,1.0999439622745608,9.7345469286995,1110.7476583738596,0.6647681541618684,0.5873235226469341,0.0832051127355035,0.27312589476079735,0.9808044200366746,0.6771933488158061,152.0191060532281,6020.6403926193025,0
284.5986096236453,8.527380609892283,1133.1568820727555,7.72018308148077,68.53119439582647,24.91694421887252,143.88112529358636,6.120022759134318,-27.60299547248117,-246.54768753300482,-0.2950624703654565,-0.30630150510503196,0.007525330997676255,0.2407994701254953,0.9053405066175756,7.8756465086061365,1707.5879480135172,0.6448932492844599,4.510276604982043,0.4374338864474663,0.30801022994169425,1.0980884054363633,0.251155523234401,248.08823964224385,9662.860024153211,0
293.9842139378944,5.067360565844497,444.14227565417923,9.848500302297605,125.88429236169767,23.24111151551744,206.864954905054,34.946944551240165,-45.89203369754128,-1.9356187979744846,1.2023935309271359,-0.21382326400244978,0.01140931823790194,0.4282008570306817,1.9435167824210888,2.147015553494935,2925.690876830216,0.6761722642199156,1.3131915904766187,0.33170939229023527,0.8805904991368545,0.9063337469555024,0.6619145036461204,45.94857045905293,2250.629053274424,0
489.0419382092385,11.432196049629114,913.6095562484475,9.09923050348723,172.04732085470948,26.53230707459906,125.37907651153222,45.3038998042379,-44.05539360176056,643.301115818942,-1.1573132182997874,-0.8410300294509776,0.012513218553200244,0.35180484006076873,0.7959302363243175,7.286778477463221,4564.8123482792225,0.1378152685786015,0.9724415291426952,0.4841374245587297,0.13980978646847472,0.7273126074289413,0.5352854891507376,644.8089195204941,10444.563559846909,0
320.8273864452313,10.453650818398467,794.7836264153138,4.615223041074619,90.02117961279009,28.839531991840158,142.07192273873903,42.53593665851791,-74.64793571395073,-14.36652062421058,-1.8614813050666434,-0.026152330759588338,0.013152826091230918,0.28059069585743635,0.44149389732358457,5.594234322265554,2596.168689386249,0.4783359242637183,1.7549380965377737,0.39115905108998966,0.29156293398853667,1.4610812864045364,0.40366632600654895,76.04062291860254,8308.390506726148,0
467.9463267582803,10.524039275698394,966.0465505777034,5.152436204023659,114.59790411117824,21.51762494715399,171.6825238524778,80.23329660546014,-87.4275155083862,379.8476487656103,0.29583985321915307,1.8121462265891992,0.010893925628537192,0.24489540265239496,0.48958732184907533,5.6269358633602184,2465.87472039425,0.27516304617917975,1.089666250887122,0.20314691597734003,0.5607502168407072,0.9506217162548056,0.48439314490429547,389.7792891649713,10166.711840432707,0
432.9896071996037,11.12694877789793,474.8971250713547,5.700904454339485,145.49569518349415,29.498252046501946,221.1721215519928,76.95208024415061,-73.84239762790956,613.4080811600542,-2.330877068508978,-0.7215850025261066,0.023430229812880152,0.33602583702758976,0.5123511007495158,2.1471834774606373,4291.86868820373,0.05882649273016338,0.9595893625438745,0.12343263445587441,1.0106556504726618,1.6103727181296157,0.9117545344890132,617.841085318714,5284.15598543995,0
458.31367012143653,10.625775871501258,1049.7413808187744,3.8200697066607083,112.56399791558533,5.5142264046752025,228.74966349658763,19.782016419083117,25.206761403045107,-267.8829592295094,0.5014554315980977,0.5260406407363902,0.010122279702085665,0.2456047140940831,0.3595097198413796,4.5890401094925934,620.7033695219251,0.6246660323477269,1.274226088434994,0.16868274962207275,1.079542395423524,0.8992466409798828,0.43659674515637587,269.0667428790465,11154.316635620546,0
273.38617631407556,8.224122243297298,656.4194983711382,7.642673833850757,74.03846557465558,24.885243333797316,168.98093460962366,86.3682180978773,-7.819237752391729,225.67259069471027,-1.427709639333547,0.022654200447477457,0.0125287598307255,0.27082007793107143,0.9292996392508118,3.884577274279996,1842.4652318862798,0.6626385045565175,0.09053373943098525,0.6059963522901655,0.5361903146329423,1.6921960407313295,0.4164808891150634,225.8125262794447,5398.474197488132,0
539.8978101958105,5.654712138385057,693.7377309037146,9.93718088975083,186.05074702247188,5.849208553166392,160.76307384438275,10.5601072820701,41.807688358090815,-226.5213141634224,1.7080174897798805,0.09159288788130482,0.008151080569048489,0.34460363333386157,1.7573274547957471,4.3152803334380545,1088.2496208068392,0.5595062901796216,3.959021176714338,0.16441289182435984,0.4614824894943886,0.4381106068907088,0.7782448411628113,230.35343691795993,3922.8871677969414,1
514.4512964778403,4.468364428161169,1036.1361631189966,6.754917858346763,129.88215199171594,19.10964845697933,70.67180390196684,26.230517806042307,111.32896394578043,-491.04498132047854,-2.5282181720357437,-0.36415304611078625,0.004312526275224691,0.2524673431303337,1.5117204442356913,14.661238371052253,2482.0022653976494,0.019807496374142808,4.244253383367649,0.18904063217745548,0.3575290554366651,0.33203378671303113,0.49650935349001746,503.5133600813343,4629.833974012323,1
592.3583961344808,10.687456131269315,571.4641766489711,7.397056500574825,167.72789797908845,12.982474100194477,127.21284049763761,58.462685925398766,81.88467585195576,-39.828782926793,6.722137475954701,-2.28905185508878,0.01870188293155988,0.2831527316462817,0.6921250866174363,4.492189423752262,2177.5230913935775,0.014888047375552937,1.4006314379131433,0.5550905606179729,0.15648036816034194,1.1150132540200048,1.0365626059152684,91.3050886920061,6107.498318527817,0
222.22246768626167,11.146378494497416,614.9289417904762,3.776524364775631,129.98470750114922,10.608855759527408,147.24859340498273,73.1967075152788,33.05538959989349,16.655723506252457,2.186833801176279,0.4455286410827304,0.018126287017883286,0.5849305376478149,0.33881178237756515,4.176127782078139,1378.9890128240525,0.6567246381246756,0.45159667315628416,0.11835312170939695,0.33862357640893387,1.394493811337232,0.36137910022452513,37.07902573142186,6854.230732417417,0
500.61686773124234,11.502133749178714,475.24006294411805,4.477481911172955,134.37480168393077,7.4533898469315085,130.44521407765995,58.08693959641314,-78.64403298749359,83.89207759786177,1.0122617837554229,1.3079575445054639,0.024202786435812786,0.26841844601223125,0.3892740259165096,3.643215784529941,1001.5477825544446,0.4817295620502925,1.3539021600020713,0.20952814285568996,0.18586558252418142,1.8011402534190364,1.0533978651334963,114.99473588883316,5466.2747669513565,0
374.3110909025972,10.18807654696829,400.5530047309949,6.756672974468506,69.49453017020984,21.17104920138585,189.27008396448045,47.59575323895457,49.18565471910995,-59.94382177576995,-3.8205716145537654,0.5315136334334545,0.02543502714156505,0.1856598210932885,0.6631941704913002,2.116303835983742,1471.2721174607059,0.4271212331810065,1.033404271851173,0.21629751819589924,0.7206371269498223,3.6600041872746205,0.9344857895997525,77.63431693970591,4080.864673317528,0
449.15009962857664,9.861513607892824,627.4630854074916,7.425091746889523,168.14750566483923,7.257361117601606,242.17520896515686,80.81037821261202,-42.45188206033423,-492.8189360581548,0.22425512319429686,1.0381169211984016,0.0157164841043812,0.37436818071261324,0.7529363181070631,2.590946811148487,1220.3071696337001,0.3286819580553052,0.5253271052468456,0.2106360826722988,1.2015928087741532,0.9346843440965548,0.7158191614362244,494.6440299026326,6187.735755196396,0
279.067124824688,5.357572830902226,644.6360979747953,9.61787432183456,117.85946846789153,11.521948482644168,92.37424434384718,6.606620674962231,-95.00077190130057,-66.18824184147303,-1.2436704549873632,-0.1358829390194698,0.00831100344478646,0.4223337612480571,1.7951924547547196,6.978526347401,1357.970723878871,0.3806799192988134,14.379631671806807,0.06902267170641302,0.16023414232866198,0.7051621352806821,0.43290645016841617,115.79109091855412,3453.6848443285894,1
590.5936526606947,10.468394864153264,499.0145606553469,9.6563385660623,170.39872844860543,10.308129611366924,91.38750610379608,84.59520278403241,20.9802406445599,93.60060584282616,0.9247502553791342,0.610806720617072,0.020978135087692248,0.28852109683356547,0.9224278116531814,5.460424317614885,1756.4921784603412,0.789654427934749,0.24800745141685482,0.1577666077839195,0.16920448996549015,1.2311204008790204,1.1835198794301285,95.9275720253701,5223.881463902131,0
249.14265036451164,5.606807564757551,1047.7485978211114,5.103903572061613,75.56693443048604,21.80774451019211,135.7653937835675,76.01572807302655,-98.51235356215484,-252.55286306737173,-6.574424144715743,1.9793803090444682,0.0053512909264850535,0.3033079013967572,0.9103047524125818,7.717346583116726,1647.944399478479,0.0,1.29594698438613,0.16842983207902712,0.2342308525778864,0.708152443501291,0.23778857913303483,271.16573437791925,5874.524764227524,0
443.12250607405565,6.615437283114227,461.0252107142684,9.517716003194465,90.40059528762592,11.884419434918506,79.1909444743409,54.075022773209334,-108.15093603430232,31.293233571629912,-3.582879054287041,-0.021736208315359384,0.014349404608188131,0.2040081333005414,1.4387130579392307,5.821691025084917,1074.3585915644637,0.1882069289113274,2.0000164676377,0.3625759892495939,0.2800823229605373,1.5873130660846748,0.9611676233226465,112.6442561996926,3049.8833674147636,0
418.5766266444462,5.323777377011002,813.7937361352592,9.735768878450145,107.873636934755,15.63363779736845,147.61407722271173,28.808801848131548,106.84818130136001,446.4108967404294,-3.2814564261392762,1.9355326987045371,0.006541924741635202,0.25771538606809663,1.8287332825919602,5.512981901498822,1686.457367722787,0.037925745394107646,3.7088727904971814,0.2758741549453709,0.34194615657010663,0.6064433282797298,0.514352234550593,459.03157901421037,4332.456681990154,1
553.5460893125934,9.462482469195383,1117.8609634283782,8.752424813514477,130.7302792631025,12.430827500436859,116.64705688375767,79.40314263796027,-17.69835081030685,668.2099513517317,1.3555506212290815,-0.0005210744353592034,0.008464811616799649,0.236168734252005,0.9249607428079828,9.583276194806702,1625.0855506035648,0.14057567915371194,0.2228923216679562,0.13672221187203332,0.06042778985234246,0.6475019914677692,0.49518330760465745,668.4456658729825,10577.73976943889,0
242.30847811855568,8.641439278954774,578.7161506719405,4.898398766471577,138.46463790457,8.096654104125315,149.25801019056544,26.7448474123448,-108.67917601538991,191.31635714924005,4.363463515426397,-0.09219698463664638,0.01493208590933794,0.5714395095858866,0.566849874002015,3.877287054363538,1121.1002787662624,0.0966389413158637,4.063555657648887,0.28194089448154785,0.3568910017324131,1.0784042868496975,0.4187000446371061,220.07305974628093,5000.940475782016,0
557.7849926207693,5.9270018051722655,536.1847092793595,5.831052052416943,63.37738936129419,28.653775704165252,196.3148724051876,72.67629064517888,19.307379830218267,-636.9965498796355,3.3542177725657734,0.6617355094520425,0.011054029894172564,0.11362333192851541,0.9838114183343777,2.7312485432723173,1816.0014994740727,0.09205611224950627,0.2656627031844677,0.6371927111380926,0.7846806582289781,1.7441598660931077,1.040285153544272,637.2979132645369,3177.96773980453,0
552.1647947930801,9.774510395552241,428.82252392231646,8.631895578152374,166.5963927001057,21.58523870832787,236.56637982169576,73.27654985162157,33.971173406539435,4.253686237843624,-1.209686771999145,0.48386353728511367,0.022793836261555483,0.3017149848579834,0.8831026034900124,1.812694281603022,3596.0229043781123,0.7392842475884404,0.4636022503151146,0.18011023996467226,1.1506034529245068,1.3682070717213688,1.2876301126689598,34.257813872364096,4191.530217925631,0
391.6891382759002,11.389046986393495,612.5306875207875,5.666493854631033,145.62562933396958,27.16539257284218,81.82797722708217,22.840099106963635,-55.92285519452935,474.85896750568054,-4.778438724661385,-0.4601504931130327,0.018593430857302123,0.37178878631909623,0.49753889516838395,7.485589993517052,3955.9773895244857,0.08826234858778492,2.448450636428247,0.1084642139242248,0.2561092979356166,1.2767966011436764,0.6394604323601458,478.1644468489001,6976.140780782161,0
251.13297255152105,5.4414749745363835,578.440625711719,6.111453471836648,144.87712110036452,27.31508454769445,159.65553392593029,50.26162797201269,23.238598841996122,-402.39180231912025,0.8388317801865206,-0.027280891081606917,0.009407145232652252,0.5768940638435772,1.123124428658674,3.623054030686325,3957.3308118830246,0.46606361270802554,0.46235268891282494,0.16730617515393592,0.4514139447811844,0.6493188959860263,0.4341551429630735,403.0631447906452,3147.570189065486,0
558.5468487104985,9.660400294465749,447.5441852104483,9.320542718310545,106.22382312576573,12.45568622460246,187.8285840969445,66.02778330478188,97.87679881814127,-374.63902676931724,3.8567436954499277,0.6284834690766212,0.02158535539887117,0.1901788961319927,0.9648195141199375,2.3827267152237916,1323.0906104322085,0.09119256253149832,1.4823577881805523,0.19327781394840554,0.7075325826994954,2.0320635017358373,1.248026155111039,387.23267243025924,4323.455978593448,0
234.26632527091664,8.813984967326405,1198.519047327145,5.935904986029184,66.07120680420181,11.716004866675629,168.4523741499359,53.36175188091291,81.83740660333815,-246.5214631449469,-0.5367065214797879,-1.1738952630083244,0.007354063322550234,0.2820345891702273,0.6734643873382683,7.114883677806574,774.0905804651603,0.3991056162345932,1.5336341802640623,0.08296736783468739,0.5313852195448718,1.1130511577219369,0.19546316413857695,259.7508055128525,10563.728866195821,0
577.6176150999484,4.76497115774676,1156.8650260387067,8.540635474799057,57.06306600915754,17.983131796305365,66.64074891474381,55.052850997674526,107.33084793954691,-100.05453414813485,-3.098359728771098,1.2839524557674142,0.004118865252641264,0.09879038401431646,1.7923792594030554,17.359724265985225,1026.1726367439528,0.21537527593017136,1.9495965421314994,0.12079383868071163,0.3941750098659654,0.7218093139229961,0.4992955981025761,146.76655121665596,5512.428482480392,0
439.7117211881912,9.20868146949178,944.6511778957833,7.23916630124422,178.68875949171598,11.219964481750065,70.60328997866154,86.81279357927299,-8.75241450713699,389.42431041597854,1.162423153196542,0.05789964151620186,0.009748234782286702,0.4063770667947226,0.7861240857583648,13.379704801026776,2004.8815347850332,0.4890592493888527,0.10081940859494096,0.7655370293611893,0.35815190928489515,0.5455426972583931,0.4654752267050065,389.52438887732336,8698.991797022481,1
500.7409770648801,8.067980916250686,646.8115077238394,9.942107418255473,47.515900403967066,19.551927661850595,147.68846104184516,11.504744824675235,-130.90395276871436,-376.30799093212534,3.4132373985061832,-0.21965435522156973,0.012473465329400673,0.09489117643713532,1.2322918858459226,4.3795669828299975,929.0274474860615,0.0,11.378257820021629,0.5773678591485142,0.3426223731076833,2.6251139562451122,0.7741683181040045,398.44096059439585,5218.46290072727,1
457.23056119700203,4.278752443895969,428.34063354643786,5.770892683119818,150.16609538583793,21.663952314717392,112.8700800499484,23.365741287846152,69.1363248387296,-227.18775363732863,3.2458062790503046,-0.7869940282320398,0.00998913506867215,0.32842532439807204,1.3487325473462537,3.7949883029841414,3253.1911297260963,0.34275356039482097,2.958875731226697,0.21199034295016977,0.02609163681771272,0.6652057538691399,1.067446152402985,237.49661486720814,1832.7635326067686,0
500.1261173990014,11.648588502488314,562.5010819715278,4.8565198871222615,88.77293187661397,27.269100936422635,137.30286110164573,30.652474111456165,-18.336828358577364,234.60694294560187,-4.260964620043319,1.1543585106081773,0.020708561949180273,0.1775010918011922,0.41691917317577454,4.096790681988094,2420.7580397655565,0.3812757650980677,0.5982169103838861,0.024443405048186775,0.2482078281967794,2.3327563381553316,0.8891113873880803,235.36102645091026,6552.343636090775,0
372.21049005439573,7.094947403558952,428.6575461057249,6.168562994362763,95.29111263964529,5.098094655021996,220.95341922734548,17.22932612566752,18.907677089218026,317.86034501442725,4.691494248589782,-1.5922991188464604,0.016551551391116862,0.2560140436281611,0.8694304049764346,1.940035812094252,485.80311201927464,0.28184928451073654,1.097412455444219,0.16416523699075022,1.0086674475213224,1.7369459682676314,0.8683166631168859,318.45676206336935,3041.302743758765,0
509.2747418703711,11.740249602571213,867.637916118833,9.378038077665714,142.7029411958471,9.543608654967102,211.86855410670216,63.964383058165794,-23.943790080932644,-503.1968048002184,3.697930513656482,1.614900772075262,0.013531277719037869,0.28020816558024036,0.7987937561065009,4.095170799541443,1361.9010246859477,0.2052058518421065,0.3743300401906392,0.06472824205191062,0.9260777646063832,0.9482129524203284,0.5869669045222086,503.7797178675147,10186.285699889844,0
459.8719905474618,7.276141304650129,422.65654681936564,8.711548343904612,60.11315260903061,12.019687103992641,239.88875609032863,30.65818725387455,28.319657062246193,-416.02471783616033,4.624156544339082,1.4188637943606093,0.017215257540444052,0.13071714269326984,1.197275860810609,1.7618856077615281,722.5412851951068,0.20258731108893757,0.9237224897785561,0.15375931449197314,1.180806873548442,2.863808799450298,1.0880512652842007,417.01313126870076,3075.3087579931776,0
574.1228829437568,6.424225741630381,1062.1668281463985,7.596791240017438,56.078205517609305,20.069203983211104,245.450837477957,31.187994165486465,-123.33231763753474,-211.8819071614696,-5.114316166382657,-0.16453072749495945,0.006048226673432631,0.09767631143715087,1.1825224619347632,4.327411709246205,1125.4449455453355,0.0,3.954480592215124,0.24234502319841728,1.2313712497996092,1.0785342750551115,0.540520441544636,245.2161482979396,6823.5994792839865,0
543.7541107770766,10.014362078054145,1157.457399989171,5.018340234247094,91.5875739516668,21.53696856531299,235.90066784563433,89.3768957231982,-19.361313727683466,296.39014506778574,6.0842145717054255,-2.0241003516549334,0.008652035122975443,0.16843564423040297,0.5011143191281725,4.906545668393671,1972.5187011703265,0.14542106551459544,0.2166254888472049,0.37189418771537475,1.144551525869403,0.9446734693006884,0.4697832600855667,297.0841568133841,11591.197493414704,0
443.8428929909007,4.617035466353397,543.881322749397,6.959553634258174,151.127616170147,17.854363305264457,127.5464788536883,9.346437748398483,-48.74868757572163,167.0032683496015,-3.4140012692822808,1.5938604816022819,0.008489049491557515,0.3404979972795133,1.5073641268246378,4.264181399890283,2698.287364560364,0.43562119074521666,5.215750523141798,0.3722400148526218,0.15951344412443907,0.5617139809841319,0.8160657011482065,174.0062688079685,2511.1193566211646,1
354.58924030447264,6.321528905955003,404.68059059741233,9.056761260539158,115.70458807040986,22.997257592735423,242.1447714096184,5.24066389606767,3.550061348836735,743.9994670022795,-2.5742916830218716,0.5970608365512176,0.015621033113109787,0.32630597581319337,1.4326852562530423,1.6712340648183732,2660.8882165165573,0.015653725036616883,0.6774067979250724,0.2737531127317193,1.2013161037238036,1.3500789703865415,0.8762200326460134,744.0123902280968,2558.2000511404844,1
205.11570560919458,11.99582091223035,665.6915529325029,6.621443962397734,165.56450688806507,22.819458589835435,228.8262177333992,85.01268763365684,-64.44646507475986,-68.75629128868616,-1.437411653957331,1.1773431706302402,0.018020088822498028,0.8071761564836673,0.5519792276697658,2.909157698477045,3778.092408878724,0.5506556482341045,0.7580805508993844,0.1346814437294502,1.080238343030902,1.0884028926973497,0.30812424268509847,94.24882282909338,7985.516651762815,0
530.153996093919,4.174999466302413,443.74750804980783,4.789372407180759,144.8348153739304,20.598729904985348,121.7810754126796,87.70489486982909,67.84280516799637,59.1490338231024,0.14673826894295416,0.6044844626222741,0.009408502336499423,0.2731938577112457,1.1471552142310726,3.643813347402956,2983.413242726012,0.5691939155698607,0.773534992188157,0.1024679429362861,0.10710068556981453,0.649602259802577,1.1947199397780337,90.00708831746975,1852.6456092809735,0
551.2279421981607,9.748105813524916,488.3999865148545,8.697420693781849,94.00090102320142,28.389210550800215,174.64054315783014,7.344126654467696,-19.417202941657393,-323.14421432268364,2.372996074965462,-0.20708952794774493,0.01995926716355147,0.17053000007283572,0.8922164839157466,2.7966013944051156,2668.6113711125963,0.4843708618042162,2.6439090521192483,0.5182347671799469,0.5876413014348194,2.123305941357424,1.128640371453809,323.73575973419094,4760.974747870943,0
596.963299533785,11.540515498242332,679.5458958830063,5.190034976141911,168.85912474917762,15.565251254903488,243.87972951674712,81.60342201679349,63.35531553893961,-218.3011784628303,-0.9280591799642348,0.2693549845455836,0.016982687362487137,0.28286349408925615,0.4497229761471552,2.7863976117635567,2628.3347034040416,0.5053161629804213,0.7763806219535925,0.5087689961279556,1.2170884501522465,1.0057311020481199,0.8784738501850371,227.31071646348002,7842.309943204805,0
580.2271112326895,4.799384357081124,931.8492376593371,9.776956114978258,144.66457179732015,27.475098843882076,248.29579018270158,59.55669206360945,-147.45523956986625,-206.8125183211589,6.551045849818308,-0.6171088607831523,0.005150387168997899,0.24932404742339775,2.0371271370572996,3.7529804149061956,3974.6734093392465,0.0,2.475880282477356,0.3058984141322546,1.257234456206378,0.356022701689102,0.6226620013019825,254.08144680923235,4472.3026543801925,1
336.5904815469904,9.460290226354925,1020.3348953564531,8.885287894618706,68.69499214463998,9.551917404721165,69.93966530649283,46.722406307080234,44.2021215413227,-410.9196121687744,-4.6763291274912016,1.35351464928935,0.00927175015713834,0.20409071530755593,0.9392193772095543,14.588787219456863,656.1688910835703,0.17426059888916,0.9460583269364785,0.38022879754135774,0.3641848608500652,1.349698117384788,0.3298823583108003,413.3166138298804,9652.664238149528,0
457.1179362533758,11.614923820431382,447.3272992736693,8.803919840977057,74.70360891426226,8.827698801598924,230.78471454795553,5.15720384482127,68.36328975723518,299.93321317861273,3.736628818589491,-0.2702296480664552,0.025965157591076315,0.16342305341712696,0.7579834338207546,1.9382882447386596,659.4609588875477,0.26427930071556016,13.255882802826152,0.09844828557047658,1.0980428595268685,3.4757567898595996,1.0218869650826221,307.64823118133927,5195.672503862979,0
325.7678079647249,4.0171261199384425,1121.3522430699531,7.250830719159332,157.2897077680508,8.81665600738462,136.87507806494796,59.83020453416845,-29.907771380842235,-150.5556355025002,-2.4208426251163564,1.9728903585532063,0.0035823945105247744,0.4828276579897133,1.8049796054873284,8.19252313074748,1386.7692468929563,0.5975977229236613,0.4998774718171354,0.376573241208044,0.24431889149952687,0.22775771926587826,0.2905133600775279,153.5165614829423,4504.61338528787,1
555.2832246878186,9.754049756131948,920.8800133609784,5.329642420593903,59.93306638345254,23.82372460749836,167.89917306408006,57.93461443506016,-16.653161859400043,257.1125431352151,-4.311303728844619,-0.360519065284314,0.010592096271621904,0.10793242748715674,0.5464030381066477,5.484720362556623,1427.828868402291,0.36395576355340387,0.2874475306652267,0.3762643081770424,0.5263561187643642,1.7673209316295504,0.6029919388316136,257.6873589783084,8982.309469750437,0
387.4419775200298,11.018964847592576,460.74766019980916,9.868818036299976,45.352145825325,10.202408897409605,194.5784923843285,12.221622044036925,103.65421276028965,-128.44033933570643,1.9102478436961974,-0.17232872203241723,0.023915400553122853,0.11705532300763773,0.8956211561430033,2.3679269715470266,462.7011360849137,0.2911361592903402,8.481215700076715,0.18580228730195902,0.7688953853120774,5.273267696138052,0.8408984157445544,165.05988500677915,5076.962271352226,0
336.5127511265945,9.99013098568863,757.9731817404108,7.794950495715981,98.50520740873242,10.678055131307891,75.88710828172832,13.648856362274614,22.067350393988505,218.67544626461813,-3.1169128078721684,2.1214372584927377,0.013180058643697543,0.29272355082816826,0.7802650943098387,9.988167936594198,1051.8440354313634,0.5044816411179189,1.6167911661069696,0.0834457172264346,0.3101171974388335,1.3380062831611415,0.44396392805602286,219.80817522988727,7572.251369225877,0
482.905943848497,11.96578158877536,544.8123555158396,8.307272112927311,191.67478789802206,21.114508420277645,242.99670648931618,89.52748374861166,27.80903303426645,-183.91990917884175,-5.722434548457443,1.1570235520296759,0.021963124491635126,0.3969195043872903,0.6942523604743082,2.2420565421934775,4047.118923027718,0.22881720049281817,0.3106200673790041,0.19490339520988625,1.2090609680846927,1.1458535956914848,0.8863711311966698,186.0984190363145,6519.10565296877,0
230.4477946855042,11.689837141103341,792.8502212287246,4.737819206190069,83.33131805179863,24.952093677179043,180.46123123390024,44.49321205898861,3.888930870995779,98.50662477045444,0.010577005402640616,0.6453588346643819,0.014744067451967085,0.36160605557333375,0.40529385901631915,4.3934656535790335,2079.2908542712803,0.8744837632696684,0.08740503755583834,0.11865472519550635,0.6405566475809112,1.7693308826343288,0.2906574136138428,98.58336076062498,9268.289963451547,0
402.94020145206906,5.532378712294744,876.3169964270787,5.904457564333969,95.5901320912565,28.70570502845165,91.3088523049595,75.54775464795146,-13.66962467660727,23.915917406421954,2.746971173067383,-1.3423113600938787,0.006313216261753873,0.2372315587940342,1.0672547689499898,9.597284100125316,2743.9821354423393,0.6448989067092885,0.18094018465945147,0.16415316985923012,0.16991952450036818,0.6604464418698438,0.45981100799703484,27.683489570785152,4848.1174962552395,0
480.2301844646268,9.568013165805821,1089.111301682849,8.416725401187641,125.67930996178336,12.815302200231521,61.10418408187263,60.00668590946253,4.451210635028332,-453.4534973715697,-3.379416676820062,0.3354838966657132,0.008785156439954051,0.26170639419905256,0.8796732670965949,17.823841657447943,1610.6183374768216,0.2925397792354125,0.07417857806285573,0.5022531389551385,0.44450741743752153,0.6990137392244952,0.4409376559793249,453.48793590535695,10420.631273529414,0
322.9886584049412,6.9283516742483355,888.9825199681588,5.153925406934513,64.31160407923201,22.405716848591204,225.19925765258137,81.63080721576915,-87.25202891820726,532.9716549696927,2.4047973377394083,0.9822248522244443,0.00779357469761778,0.19911412492571953,0.7438891166698273,3.9475375240339687,1440.9475910779756,0.08808905903959152,1.0688615229245488,0.35003493386674644,1.0472659786598306,1.211845795047513,0.3633239699881949,540.0717402361583,6159.183530598898,0
275.21588260703027,8.934990033847411,1034.4053696466467,9.243600545251207,88.0813777122014,14.770115026739232,146.41720637121182,7.292774575382766,62.41403733884715,73.40346044477667,-0.35733216703513904,-2.2507889239275753,0.008637803221090787,0.3200446750305079,1.0345395473564851,7.0647801258010405,1300.9720805228799,0.5967849282706263,8.55833903731644,0.14312968760023637,0.331065512465562,0.9806616841659872,0.266061923770798,96.35199919296173,9242.401668751036,0
487.6737148366206,5.743082465417322,473.00755586172227,4.795335235793598,79.63881662521248,7.777141231540073,103.63376043560996,14.926274919299125,-51.203609636838905,120.31644222104069,0.21365190422981684,0.12866213594523845,0.012141629439628316,0.16330348387116356,0.8349758626433277,4.564222642057004,619.362324406999,0.6453924734949394,3.4304345802069154,0.2057281608092176,0.05787490513081857,1.524586872852208,1.0310061832906234,130.75894445775776,2716.5214000793617,0
229.4788848125791,8.84919707732999,1043.7425136079892,5.1827568072847265,189.36542194012614,24.798387697476272,74.71747701936354,39.62076592460925,-102.614828424476,-227.43243293711612,-6.551264630388442,-0.23840475887115087,0.008478333460558441,0.8251975866746319,0.5856753739344323,13.969188404708797,4695.957149767428,0.0,2.5899254098149544,0.5470491774959593,0.3207502089148769,0.4477234213983973,0.21986158637854167,249.59614106099045,9236.283200904874,1
438.305877477223,10.384795033637552,1158.7726082188951,4.639853515294954,84.08446092738532,6.352507176360376,247.9189617073671,71.37778173294122,29.39963282816791,-709.1387395279949,-7.155722464666874,-1.5033861911259079,0.00896189205714797,0.1918396837645757,0.4467929795692579,4.673997504017707,534.147141461609,0.0,0.4118877347318826,0.386094080239773,1.2538087427942464,1.0658202429206733,0.37825011945262166,709.7839774704524,12033.616026946815,0
328.9638141521285,9.082158905919423,400.0405016219429,8.290003707302251,120.40702864268178,10.209623932111493,60.28700572143727,65.09023694031907,69.11505199896708,256.6289464487086,-0.20211459560250944,1.6077274031234738,0.022703098484019225,0.36601906794222616,0.9127789761417989,6.635600770593483,1229.310481224758,0.46135415801894375,1.061834389423691,0.3928215582344054,0.45193631162329756,1.885529336613116,0.8223262715109152,265.77311267038243,3633.231404534202,0
296.9143960174967,11.282344757349337,510.37332507682623,9.047041881810003,69.33174027680278,15.640083722459101,246.9451099409845,13.24915960693958,31.135036489514775,-66.14608456172118,3.75849341324737,0.17710246156389875,0.022106062764254013,0.23350750656333,0.8018760352024118,2.066748052629171,1084.3542225529852,0.48480465733378975,2.349963123186094,0.07372870366949312,1.244955544918041,3.188447697403367,0.5817592366779795,73.203970334861,5758.207808471479,0
480.5105898305531,7.68263527509819,456.56409511718783,4.652931426588205,62.56491707741674,20.49294615796883,76.59163578773612,74.9589763660869,9.157028304061257,99.30095581108321,3.821732352079553,-0.9041823263355964,0.016827068438498786,0.13020507435534268,0.6056426291210001,5.961017680605446,1282.1394770452857,0.5031138511968632,0.12216053030580203,0.18566529479477623,0.3037124019296716,2.689537399638405,1.0524493602748566,99.79547399820801,3507.6154224905927,0
230.34308311041121,9.263708810224596,618.4369417218339,4.316255606602444,63.807266994415684,28.41093097321013,189.89335528561557,9.289180832368496,-21.259794965156544,449.9609377365905,2.50863571514644,2.0442942898346645,0.01497922938502485,0.27700969411714743,0.4659317013331076,3.2567592520109656,1812.8238581675332,0.3424752273548842,2.288661976638026,0.08397257987184277,0.7263032298692325,2.347574201279583,0.372460096690047,450.4698853684935,5729.019745596908,0
459.5787589425794,7.4340609657705485,740.6419267423396,4.534715443784612,193.8981709189787,10.598155061263785,137.1607492541491,21.167404955277814,-28.063814616399668,-98.26720567215943,-1.818709601792884,0.5660368608793842,0.010037321271385125,0.421904117947289,0.6099916942656636,5.3998095721246235,2054.9628814947646,0.6876927290868465,1.3258032657140773,0.37564262040332974,0.24691590231044633,0.5176594097723215,0.62051410046958,102.21217689714756,5505.977237208317,0
232.90990650832933,11.978710659764655,962.4177719755189,7.352841552245579,106.10674005230364,13.409747342150936,212.7999396195557,60.62697980646206,29.583330403313084,233.24601795623676,-0.4864679171459194,0.019616477948751765,0.012446476996342663,0.45556988812972216,0.6138257915305586,4.522641189166369,1422.864575400679,0.6494434086779958,0.4879565252590709,0.08327560118071123,0.9345449056323244,1.1730147387628127,0.24200499335152953,235.11511006574443,11528.524024310098,0
332.09293782308634,4.893659038201268,1113.5515248962015,6.755547782608087,56.081735392680315,18.37421825292948,188.32794610639868,32.19150251619877,-4.584678174307015,629.1364993979901,5.468200017996667,1.2175058979926732,0.004394640866445246,0.16887361640480403,1.3804696505973129,5.912832099103783,1030.458046108148,0.0,0.14241889368164798,0.2861560063920145,0.7120722373308971,0.7836135661056641,0.2982286229225379,629.1769666478232,5449.341484311101,0
504.8112923672678,6.72964695138346,817.410868091032,9.498104318694608,72.02516259792472,12.826450047667652,228.2627483801223,44.259660626385,-115.61155758567807,417.9776796840199,5.531009790619974,-0.22144958283204907,0.008232881668309313,0.14267739982631747,1.4113822593237253,3.5810086135027634,923.827150237422,0.0,2.6121202907904197,0.1983324607938964,1.0751158943647483,1.1430563113434096,0.6175735019846211,433.7072342384061,5500.88655647652,1
320.43905178325537,4.404727863798968,679.7102374985925,9.992354584732286,92.68998325849213,26.494324900647676,76.29776564678215,44.07555088355995,59.55465420911088,221.62580993591996,1.3954405074172627,-1.81534235557434,0.006480302371211657,0.28925932324000114,2.268552086238111,8.908651934124617,2455.7585314860844,0.5043005845961007,1.351194778403203,0.37794399215738855,0.3063839486656168,0.699137290071518,0.47143478809809586,229.4922737739313,2993.9386224194645,1
418.3718965252842,8.54381411025659,1117.000578086905,5.304173747696488,170.6965992941806,18.950013853191482,153.19319175531135,30.450141178164877,-123.57012282750044,-502.8859084096713,-0.5214524860869512,-0.9975620094819817,0.007648889604774997,0.40800206876195994,0.6208203595311125,7.291450522625316,3234.702921317398,0.0020703108908020074,4.058113297553768,0.3578778782136816,0.39266537959373954,0.44809853485087925,0.37454940018189853,517.8456179647744,9543.445300223668,1
255.14259149432976,11.893465890393047,976.2909622366843,7.4560678639940345,117.02732002968311,22.785725054716632,84.08723520568438,32.719638842044006,-16.870565581599323,-147.23977212372552,-2.1476684809856206,-0.2332425960483997,0.012182296416167877,0.4586741842836691,0.6269045484896608,11.610453832244518,2666.552338086692,0.6578565973315393,0.5156097737827419,0.5550561100312309,0.23557058903923292,1.0409788426393023,0.2613386801305603,148.21868626456612,11611.483258461012,0
561.448576091263,5.809434427268226,1062.1718332875894,4.762218409256595,142.9434966805586,16.276640993104905,79.87564825316908,15.704305366949448,2.324262918770984,252.68090731980783,-2.6399212471453133,-0.4143515236497519,0.005469392282119843,0.25459766533867434,0.8197387316919826,13.297818002315212,2326.639977768535,0.542980891762747,0.1480016380515957,0.4832881211982397,0.2738577431530084,0.3826261711186838,0.5285854496381166,252.70538638158865,6170.617615975528,1
258.40278992780395,4.474752573541013,651.3943824198196,8.441950285445309,151.07196674487415,29.67638197567141,128.31137851050778,28.44702176283475,126.20144059410856,-302.44318322975744,-4.310145612619023,0.007693436773354989,0.006869498255293616,0.5846375218591203,1.8865736477502992,5.076668881446668,4483.269390936814,0.0,4.43636742173788,0.4939266919616853,0.16646707736825253,0.45471694076073166,0.3966917690752589,327.7457246790245,2914.828689123247,1
287.25912634921497,11.761785401442918,1157.5838961401982,7.528833539765689,197.4209601249634,17.569907409780793,131.34203123594617,44.142756340421336,-66.95210749424142,-13.067048168569954,2.7607031302374425,-0.43791390241042016,0.010160633229834095,0.6872573993870705,0.6401097522865927,8.813506881591355,3468.6679901456328,0.45736438485262154,1.5167178727562522,0.24185236980430388,0.19401846578132878,0.51466841329323,0.24815404508220992,68.2711793331087,13615.253370567198,0
378.34894857646157,10.351387986776007,626.0518362675166,4.885760201148041,127.80779901168802,7.88276186677327,112.96235065838431,19.130145973954534,19.240857890202705,-497.1897705957588,-6.8399092315664225,1.1899497382121744,0.016534394417705666,0.3378040285100964,0.47199082938342607,5.542128263254671,1007.4784443255568,0.0,1.0057873011737026,0.34966649249853515,0.02693046053076645,1.2936921334662526,0.6043412488527392,497.60894581559756,6480.505457038631,0
404.58620835634383,5.5806866529133,471.73848428523,3.986921340502825,45.95743760692608,19.339825602974564,89.54017600537512,73.739903701545,-60.17503853095123,263.90697511842507,-4.819079678753714,-0.9242155140326256,0.011830043209998142,0.11359121160761008,0.71441411934883,5.268456075593502,888.808828477535,0.2169689675560389,0.816044441480474,0.3705212327255746,0.18599839995113532,2.5741302879373933,0.8576493583502433,270.72338337740365,2632.6246629161337,0
322.68655751736316,7.861070556497253,575.4255609361496,6.6085476366030536,76.70897690817674,20.555069026962773,204.3789444032392,87.40136200342216,-9.19163394405129,628.2275950644656,-0.4581167911185027,-0.007177511776538914,0.013661316232994963,0.23771977828375815,0.840667640508712,2.815483574476421,1576.7583153352662,0.21053739153265105,0.10516579757294166,0.053153667353044165,0.8579904036658108,1.780927967446108,0.5607789772014822,628.2950001440707,4523.460934531082,0
405.7182343718789,11.213779639147884,443.3949335616707,7.646305804972088,155.40367836494363,22.600292482862727,88.5323795239461,82.11867519579722,79.11539351029373,177.93421058989588,2.5661329506815207,0.23166520205704177,0.02529072569474497,0.3830335074920531,0.6818669575312895,5.0082798626432705,3512.1685839604525,0.37002963392959953,0.9634275433895797,0.3514097594654331,0.1951601861459445,1.6274213043627748,0.9150267710838617,194.74705088103033,4972.133078075191,0
518.8474345175816,8.0428560242811,1107.8583776584996,8.101560761866484,86.79226407366342,10.607994551931744,157.3834346138779,36.704194541836884,32.264632212981496,-668.3642758916548,5.692752556786493,0.47270143867598335,0.007259823264847244,0.16727896930696373,1.0072989914786683,7.039231164172406,920.6918644432428,0.0,0.8790448235066158,0.146149969565454,0.4307584964897992,0.8364597170417857,0.46833371934613627,669.1668097056875,8910.34542680095,0
542.131889537274,6.940699166802402,674.3727063799677,4.271033976806491,145.66752931502532,13.969834289735838,216.36896061767735,58.602555808560986,-20.615984562921824,665.659768774665,1.332977175517711,-1.4991833115881459,0.01029208196170938,0.2686938955746672,0.6153607690180538,3.1167719457301466,2034.9512459261412,0.14167980210151354,0.3517932670081622,0.29742686453584644,0.966990551069794,0.7065460648715602,0.8039054433970759,665.9802725402529,4680.618081285722,0
206.0478835102281,5.265556098983487,415.9140052881213,4.36058323553162,129.4677768574359,15.0068207893249,246.34214329222414,73.73902061846219,-68.24231842203285,-97.43535644664996,0.8370301478778437,-1.689038592888779,0.012660203869152741,0.6283383000680479,0.8281334684428542,1.6883591241419946,1942.8997252918462,0.5442636556475284,0.9254573474080952,0.2065154689068261,1.2394740299293103,0.9778652400198073,0.4954098224403143,118.95950289475957,2190.0185271975174,0
513.8754211081725,10.507406430861817,792.6106996279032,4.070357525744787,165.78910241588545,15.186955955812996,99.5335423453329,58.265269767666254,-60.862263485125226,155.66250285338208,4.858183033043779,-1.0257724217490694,0.01325670525996507,0.3226250869488196,0.38737984987327995,7.96325219570635,2517.831796343822,0.257479359994952,1.0445718989685369,0.07468506235846731,0.09514961504242814,0.7996125841076299,0.6483326825507341,167.20834863575007,8328.282762440114,0
244.79332954851492,6.950016424535204,813.4171454156949,9.47984299836158,170.65013271264735,14.662067574860354,228.37997704702263,37.14341262873049,-27.765658307875498,330.5925018159915,1.7230794686365485,0.6565225185745964,0.008544221699412808,0.6971192108354679,1.3640029633448763,3.5616832786011496,2502.0837774917227,0.5027344689751592,0.7475257749041271,0.3659522982549288,1.0761816095183876,0.5006864960251842,0.300944393572395,331.7609124672183,5653.26252063762,1
259.8962095648326,10.9458366944327,741.3610076206476,4.648025748510217,71.26341829418406,24.637659994158124,237.78607051114588,37.15124339160269,-11.41387269188695,-636.6335025334108,4.204775753647516,0.18240469350286492,0.014764516317849906,0.274199529163995,0.4246386894182615,3.1177646614329215,1755.7638699535748,0.043639287309173325,0.3072272056032136,0.4496025092089126,1.161691550101326,2.071822636531437,0.35056633258734965,636.7496942888339,8114.816521035685,0
244.26801241615354,5.2282169843418815,824.1953424863575,5.290327776572617,140.6450701938155,14.318784566979005,101.93960205643279,60.79355700782291,-27.64895263951381,20.60006876338082,-1.4634911501897854,0.011495210372137521,0.0063434197147606685,0.5757817767567613,1.0118799186064298,8.08513399954309,2013.8664605128845,0.7470361906707115,0.45480070587012933,0.237523914213669,0.07327634494152009,0.4510232535003992,0.2963715029974181,34.510421925336985,4309.072088002648,0
577.5368509454814,9.606566877937755,1172.6959020515928,9.000497020545744,170.7410237145849,23.140807257500242,182.75505600760067,80.38327774455075,54.12486194158639,-178.1338995680211,-2.5634222077745132,0.7158681502442619,0.00819186530892739,0.2956365874057491,0.9369108792878027,6.416763112714217,3951.0851207274873,0.4835812362207269,0.6733348460060221,0.6166079660266308,0.661409600069097,0.4797830732596006,0.49248645785757394,186.1927978975581,11265.581610542169,1
301.0964005777403,8.205945043208972,769.3575085961797,9.033228203505116,183.0939746180456,23.981228852710235,120.73159175633907,8.237608385543062,-48.66207556351104,95.79190767622731,3.2527093178101554,-0.04114989966930516,0.010665971218220875,0.608090878093285,1.1008150988021523,6.372462231334611,4390.81850686767,0.478318211526919,5.907306257592021,0.18199726992356868,0.09755992505762792,0.5825408094652638,0.3913608396792547,107.4926383167977,6313.305434120425,1
373.84072131663345,8.133553927036623,430.881283760845,7.474861649292899,177.55448267204193,5.069840663532047,90.39328875306757,49.02916037045233,-0.7398640750295016,-404.94142851405786,-0.2996375291232809,-0.7686260762591823,0.018876554247250724,0.4749468758959992,0.9190154410172194,4.766739762482895,900.1729362431145,0.4924183070879826,0.015090286462979781,0.32601041849969725,0.1782428295175676,1.0631415193339449,0.8676188439972455,404.94221527090036,3504.5961576196023,0
372.0138089888461,7.92772788023531,761.6623297248318,6.353659797995592,73.65921139366617,23.12094802638923,85.26096909280584,82.24038592680746,8.073830731177708,10.478061494651797,1.013498797142054,-0.38552939105319606,0.010408454732295066,0.19800128278537815,0.8014477658644109,8.933306034743387,1703.0707982977729,0.8630051525965395,0.09817355111104754,0.6179750495688919,0.22490028097449238,1.4130554122644423,0.4884235368752512,13.266638427771468,6038.251686684529,0
321.30956925548924,11.9825082174472,949.5071738835785,9.404704377134738,40.893683356322796,18.808460238729644,195.38119847881356,6.167635575090469,4.672107778922225,-326.23656216224776,-0.11997902299205876,0.02945626373152077,0.012619713201783988,0.1272719124148033,0.7848694285425954,4.859767374118855,769.1472174225976,0.5908851801440891,0.7575200775142575,0.22794002110143788,0.7761927134437596,3.085981052825065,0.33839614706785337,326.27003766436474,11377.477513585047,0
361.1400047417567,6.399330371556099,925.3702086341812,8.792419152225287,66.2937323110626,11.368562897380794,79.7804646204614,18.615636347285832,-67.51725406439282,-416.7129056437634,3.099370788599603,-0.5064224804019553,0.006915427265592783,0.18356795547607027,1.3739592491280102,11.598957376801867,753.6644654804406,0.2257310620533236,3.6269108831316883,0.1542567610931255,0.27472304890489635,1.043149484048402,0.39026543255027474,422.1585382599161,5921.749681045919,1
235.79197624944985,4.862067855236999,1098.2022591417149,6.5892079865542925,102.7741611857384,19.332339128259143,71.13078332972361,59.71587444116687,-123.42366878838313,337.6985782713366,4.473975841376268,0.3101205062428001,0.004427297262197295,0.43586793249067646,1.3552274840131997,15.439198160535456,1986.8649376650624,0.0,2.066848554817401,0.07721487757199354,0.3533565151843308,0.43077921640207517,0.21470724020703608,359.5743987598335,5339.533902721585,1
314.34291315320445,8.263713794713585,608.9164631236969,7.96178750503728,183.31222258555266,7.164120069891048,209.40055023640414,18.26807968522967,89.39568715082414,-363.54441250101456,-0.1720534252691479,0.7768095149747971,0.013571178142107274,0.5831600297481813,0.9634636076252482,2.907902880084396,1313.2707728814928,0.2794855508677141,4.893545938662806,0.5277691398425159,0.9036413657854923,0.7403313292856696,0.5162332309766241,374.374355884931,5031.9113761435,1
307.1614958322082,5.591530943904553,751.1626974166578,9.307963206189523,112.26781308327114,23.067822649942862,147.87997993319175,36.70150492265026,-105.63832395704038,-788.9066258867988,-3.224693683985416,1.0648099686200636,0.007443834688722597,0.36550093226723707,1.6646537950999505,5.079542868182787,2589.7740015018335,0.0,2.878310417506774,0.3574106999116982,0.3443634539381068,0.6630426374477755,0.4089147356339377,795.9544701211883,4200.149466512055,1
597.7282458896475,11.700781914567925,615.0777561033892,4.443154872064318,64.52771806971012,27.39016676778207,79.445901111599,33.912254354920734,88.12972030357496,653.2369460428195,4.989504665263353,1.3964437550261426,0.019023256488243292,0.10795494192125432,0.37973144910362094,7.742095532900799,1767.4249590737847,0.0,2.5987573512872983,0.299705322504324,0.2777645353491,2.9480751926935063,0.9717929805758975,659.1739151642307,7196.890684667557,0
564.6384542453885,7.057133768362452,582.2438979596716,4.688875100785007,179.80159496174676,25.665783722527166,246.3782928336381,77.10142862359825,-100.49823575697229,714.4903717005456,0.6461505613494865,0.6393066522417703,0.012120580040585081,0.3184366803391787,0.6644163558023388,2.363211025059013,4614.748849253622,0.0,1.3034549106423825,0.23287881728416707,1.2398026621239828,0.6741085941514459,0.9697627681870485,721.5239456550252,4108.97307371418,0
357.420215725331,4.100940563851763,830.3216182040075,8.445179237920133,195.01192217385662,27.30567091770594,76.52830735702344,88.34421023032871,113.9974723172477,-253.50971179832948,0.39494201230616355,0.18283278952284565,0.004938978431902245,0.5456096594259757,2.0593273924428916,10.849862578697216,5324.93137190861,0.2186624466310213,1.29037853210795,0.2881088750942883,0.3042881149361506,0.2532654607393212,0.4304599662218044,277.9617845136033,3405.0996051358507,1
365.6790280133683,6.5468195766275175,932.5433585233038,7.947453679796045,83.26856906717099,5.495577055928168,239.6812082510787,69.19934454902963,-7.155088969286325,324.68691288008813,-0.11716391487708933,0.5893336683686439,0.007020391616958704,0.22770944650434508,1.2139411490991538,3.8907654268265186,457.6088376455148,0.5914225370281373,0.10339821881140432,0.08020113006251928,1.1789200750098063,0.843102228800822,0.3921308587650299,324.7657623905933,6105.193115634339,0
265.9776894256177,11.784295225167881,898.8707486625724,8.902053790733635,43.443129267811074,24.136562528859177,152.14089264295413,61.55116953405177,-77.78131422885043,104.32097860143688,0.8484745139608227,-1.8491766395943197,0.013110110928297206,0.16333373435052798,0.7554167322388018,5.908146935696321,1048.5678060218343,0.48562799565885795,1.2636853989560621,0.026139413907902767,0.3830990240268557,3.0177639477759866,0.29590204133504766,130.12885663268338,10592.55827150743,0
424.37948034353735,8.334382936763518,680.0641425683697,8.398159378894285,194.24090527608314,8.67966634839785,87.59256071142882,67.45256165417388,73.2667032793597,659.9464287618945,-1.332395281689795,-0.54725985483151,0.012255289486793707,0.45770569566380576,1.0076522092414837,7.76394863952912,1685.9462490071533,0.04190757072817308,1.0861960092041376,0.10064296634173911,0.2037039935324653,0.6309324737430936,0.6240286081556972,664.0023146964103,5667.914985726533,0
315.13224897403677,7.853600987464369,560.4522010753514,8.882661427283143,188.0690338988973,15.083393855411597,145.28720618791667,88.52811222298021,-156.4674412257605,332.1788661404081,-4.6838694586052,0.7702835018669134,0.014012971975835764,0.5967939952549636,1.1310303950329692,3.8575468259087726,2836.7193103038226,0.0,1.7674322573563759,0.4447874666325655,0.32079278352651514,0.7450972488840931,0.5622821149946168,367.21492059442414,4401.567959791959,0
363.3560671938347,8.382298234259068,454.85281589234114,8.63778797808098,172.08020291152923,10.329014471792533,211.69945576464593,35.721287132506816,111.74858798391709,-61.497099417179584,0.026288123501469585,0.27161853740109354,0.01842859479239339,0.47358560499756813,1.0304796771340952,2.148578106870609,1777.418906182181,0.297346016874815,3.128347183274493,0.22934519667210776,0.9245405069513266,1.0709305591572318,0.7988431740957656,127.55250230470261,3812.711955502136,0
497.47314649713286,6.50501453466199,817.1464706383024,9.09084928473283,194.9000996944446,12.02693489869081,183.60605464219168,78.12098853938465,101.33077410283155,162.75176783681445,-4.681241757386967,1.9408032367580272,0.007960646919983256,0.3917801414343636,1.3975140618506248,4.4505420707979555,2344.050810773434,0.1140625318765266,1.2971005103416695,0.5747128960887736,0.6691459512926516,0.40844755505326014,0.6087931165003243,191.7758528560844,5315.549668449904,1
367.7951707117036,4.343348734423971,1171.1318125371051,8.573570388230804,95.65056516517589,11.750684205459079,171.9031084055103,88.92004124003246,-59.474101224233934,160.97439957296842,-1.9465581793850477,0.22864175047426816,0.003708676246284071,0.2600647664298769,1.9739539494674858,6.812743663566963,1123.9595853296667,0.5122871255064189,0.6688492312288565,0.21706172140752952,0.5627555309591845,0.38773176508467844,0.31405104598339195,171.62084699433765,5086.6338758266875,1
275.7933743366782,8.736746491642252,544.3129664284431,9.183873439857223,47.97257717416361,18.24444244443746,72.05987490759789,64.07693384074815,2.9207363072329997,-535.3935365254322,6.055964031823677,-0.7153765127250642,0.01605096154326283,0.17394390742542093,1.0511777408950462,7.5536207511658,875.2329231653623,0.0,0.045581711423520535,0.252267655424906,0.34491022811274646,3.345861842066581,0.5066816176478771,535.4357518452988,4755.524399799087,0
587.8547613003291,8.669091688756318,1036.9456597938802,7.625983869204902,108.38407423897898,6.432883931867421,196.37133597293885,64.52233565065518,19.54469295814897,342.17134757674603,-0.6403059349948457,1.3765532887953604,0.008360217921621393,0.18437219764833487,0.8796750735830478,5.280534731081004,697.2221696422536,0.548040682871562,0.30291359977993154,0.37410414301705364,0.7851939633903532,0.7713511399458671,0.5669099009654763,342.729683740707,8989.377001011062,0
211.99691360084563,9.812412458954956,651.3488146313282,8.951173069618067,52.114713558561796,18.779362754326662,164.24798205326255,32.75347428489441,-57.40489116991736,202.940759811725,3.8853315995154905,1.2217830593668761,0.015064758296227049,0.24582769943851634,0.912229597671375,3.9656427219916037,978.6811107540581,0.34505963221039204,1.7526351760610615,0.3090407012114997,0.4931634732114777,2.890691950037994,0.3254737075415399,210.93925505895888,6391.303223813987,0
554.7364646612252,4.552853528905662,923.2801106237623,4.494312611303204,73.74133848772115,26.605189806160407,230.08616032043201,12.028812850985625,48.80827913402297,-47.54977624288824,1.891179592004188,0.09730228848252409,0.004931172540725244,0.1329303970178968,0.9871419281927726,4.012758130858224,1961.9023070261428,0.6095219546154484,4.057613975598904,0.3130687677714293,1.0916923665493818,0.6687121012247892,0.6008322482831876,68.16748413299888,4203.5591098218065,0
305.01966191795844,9.708720859252363,629.4261406710647,6.117443045509369,127.30689399026843,28.519001973667297,210.9260363785165,20.74894145904147,-11.405859294924,363.9400610855399,-4.080722649958143,0.39443893035417776,0.01542471821856871,0.41737274636580757,0.6300977373017658,2.984108322888742,3630.6655609699187,0.31280952174570953,0.5497080088369439,0.16787451915065638,0.9175094216228773,1.2116168838231027,0.4845996094041483,364.14161254455394,6110.922701291878,0
527.8688355288048,6.545426725890012,465.58843156397137,4.40804213777042,97.2654292055848,25.335856318960687,180.51295674542348,78.77045008817572,-76.87300169805073,69.87840572525272,-1.5797467158879979,1.6137017664835964,0.014058396390784631,0.18426060160976715,0.6734537444800496,2.579252148756216,2464.302939154739,0.47325372538988686,0.9759116726132581,0.050968942125519286,0.6410268795038498,1.4453641448566625,1.1337670778365896,103.8987275016297,3047.474963224031,0
423.4487160858039,4.02920538765313,625.8524099790421,8.560765707627578,158.80771284427811,5.260256313537319,149.3562842244339,42.1720446752789,-1.132453269339436,-179.14503694425974,-0.78432528871652,0.2964835694221719,0.006437948186199452,0.3750341111250382,2.124678412736344,4.190331951741579,835.3692741275355,0.7554447049133632,0.02685317437319505,0.36624397464634156,0.3577844020403081,0.4053926645560536,0.6765951673813702,179.15033317950025,2521.687902163252,1
424.5434874625719,9.425127388229996,687.2469684484633,6.938422596509661,140.40675010484884,9.848157484619843,248.9087581012796,22.32995602476631,102.10326862062897,-18.105451148232987,6.746277019101866,-1.8940310406222443,0.013714323701577427,0.33072407009241245,0.7361622088179194,2.7610397227116708,1382.747786936215,0.0,4.5724796102323495,0.20741203702936162,1.2628068918298145,0.9767567222613048,0.6177451585141599,103.9153361054846,6477.3902248016475,1
583.8218375501838,10.919473376962836,1142.1078532277998,8.091150735520682,71.72349493208664,9.880694816444361,232.64379698594922,48.098864094427675,69.08996693293035,491.5744114590973,4.1442361549133375,-0.5079358176275184,0.009560807542039453,0.12285168234379633,0.7409836038971296,4.909255557313564,708.6779645927419,0.0876473377956255,1.436415770594768,0.14961990074124767,1.1149436089631748,1.3330091556598525,0.5111792515043124,496.4232067756895,12471.216296941138,0
223.83841879782867,5.017474586649228,700.7546950660515,5.596514379443568,75.14858098867381,26.003218404644766,65.10751991225978,75.4942610610516,40.38561496053988,-134.05659392924224,-1.0801181546280532,1.0059123097852511,0.007160101276490616,0.3357269113688128,1.1154046289213067,10.763037756781442,1954.1049642476207,0.6683076772797252,0.5349494702369543,0.3817713578033263,0.40811345534309296,0.9527926119549439,0.3194247864107856,140.01190994654237,3516.018873969042,0
200.5272446999831,6.163514512559726,839.247444764102,6.974546173238566,60.971503899507184,20.342428575417173,249.79563186276425,54.713687032193775,-15.801856383344628,341.59381021459365,-1.0263115627855166,0.3611251836052567,0.00734409684654111,0.30405596003041435,1.131585909147477,3.359736271229827,1240.3084632114947,0.543344440447397,0.28880993478006234,0.32257944999813193,1.2708693805705842,1.2045129899773508,0.23893697377457948,341.9606456268142,5172.71380543221,0
388.2254099764244,7.53508731203906,999.1146165791863,6.728173656889469,107.39533282024814,23.25692756460886,235.90331466792256,72.48340412950316,111.62258305215629,-76.16695928226676,-1.3584557820281304,0.5750333375708028,0.007541764665437517,0.27663138491313566,0.8929125009792045,4.235271632302515,2497.6854761775717,0.2757056742675633,1.539974348510519,0.4683538721951557,1.144575587890205,0.7022432416183737,0.3885694429190197,135.14012037753162,7528.415870658598,0
339.1599468405452,8.519726806580634,422.729402004365,7.265217524706949,184.3888328065637,5.108251712953508,220.60772431384214,73.16395599842463,-18.73329613140345,361.4629151774768,7.433976858319953,-0.488631597735262,0.020154090929527208,0.5436633497682832,0.8527524050530937,1.9162039920369218,941.904571033627,0.0,0.2560454239490114,0.5807312061002435,1.005524766489474,1.0930212325097912,0.8023098115068966,362.02436305375454,3601.5390181863895,0
202.31760792125058,5.955886746981209,926.3791703683162,6.348764970591419,58.04879170117932,24.530842151791532,68.94378147518609,51.22734453610649,102.83808244839281,93.64295282741,3.9181604027318757,1.5764518661192772,0.006429210562466799,0.2869191282835552,1.0659646901125754,13.436732806739563,1423.9857463238561,0.18349009490932455,2.0074841547937274,0.28155958958207883,0.37323835022558105,1.107552866141085,0.21839611078562116,139.1403097482556,5517.409423476101,0
332.3364002317247,6.244961725541392,1069.1398659625515,6.7195455980351575,108.42359879440771,8.645838927861709,226.41925069302116,9.65988749247207,-98.12399090648555,-239.60252005629513,1.186498423197417,-1.0040392997257035,0.0058411082818607876,0.32624653429118305,1.075994680728427,4.72194772613257,937.41297115555,0.3015697371904842,10.157881340021131,0.4419452142915398,1.0583568244820105,0.5387303453131701,0.31084464326145084,258.91908579178096,6676.737542186589,1
308.3486073243758,11.371357018725568,988.2785562098763,7.257908727218361,145.73022611125964,7.426501320319888,213.6429952944922,26.259074751521258,-2.9833353544775463,-217.32861162202465,3.04177053171105,-0.7201034270620559,0.011506226607137557,0.4726151591077391,0.6382623213101599,4.6258411367412355,1082.2657166257854,0.5323297229361501,0.11361159457092881,0.2107022699806611,0.9422090481317473,0.7895566289969919,0.31200576536529967,217.37037076695088,11238.068296613148,0
462.1441856663037,9.948615550614171,895.2023770727108,7.139965025670865,137.06038529164218,15.048898010048998,73.46590175499452,18.574362230536465,-10.790964667072842,-123.65687620707763,3.2502317247260555,-1.230197681691969,0.011113258638952562,0.29657494250205313,0.717684283742383,12.185277192379267,2062.6077594719427,0.5601097284574112,0.5809601715063127,0.32475196501149395,0.3321281658636862,0.8108293738781892,0.5162454853811979,124.16936803416111,8906.024289492341,0
382.08810219925783,11.703268974451404,487.7385472968415,7.191820395523843,94.60600210792934,21.158508543313932,183.25427813431384,25.450276368141576,22.775535210076157,568.2148281588111,-3.2162638924764995,-0.0463308908549207,0.023994964185860633,0.24760258579994357,0.6145138090241118,2.661539759193834,2001.7219038493988,0.1715227161545636,0.8949032568693974,0.4772002788925394,0.6659479830392167,2.5363046372561504,0.7833871329565346,568.6801915814184,5708.135408223124,0
399.7044395959863,8.972614703311944,747.3676790671859,9.135998730204788,104.53194717571017,28.563810856081265,226.61822443160906,40.79246152601374,-54.25783467027294,-188.26029520375425,4.471772246302493,-0.26489271361250744,0.012005623141893101,0.2615231076276488,1.0182091878783712,3.2979151652153793,2985.8307675448636,0.30514477164767007,1.3300946459353087,0.49410406095175047,1.0601656766509915,1.148512341563156,0.5348163304236951,195.97410063662537,6705.842225978355,0
321.7319119558757,6.7867182691125905,899.9818873065674,4.386722526358416,70.94865108022285,24.510920934799657,162.9901965126534,18.63282967991895,62.49956312093602,2.8379848120650877,1.8610143821143037,-0.02632790046836142,0.0075409498400280375,0.22052102525021883,0.6463687385290579,5.521693369065294,1739.0167770580304,0.545342360568394,3.354271154439484,0.11084606253470886,0.48172905920594,1.0628743077160632,0.35748709667784884,62.59163620350417,6107.9235164539095,0
446.6460621480904,8.905243657623537,697.1852072429795,5.121548300858601,119.88333266451943,8.34293058691385,187.7227300235736,44.95738610727607,93.01930723809508,-630.3383061748408,-0.6200515528712067,2.1924587923527543,0.012773139138794042,0.26840790241820334,0.5751160212751936,3.713909376639841,1000.1783229479873,0.01774668531839063,2.0690550606330844,0.1109373970860341,0.7065702729415783,1.0654641354139105,0.6406419090765756,637.1650933740412,6208.604144989494,0
267.6033758962587,11.982127609963872,1084.8410848237413,3.9548207213871827,130.52062018034934,8.685030271886646,195.99846885245992,46.147091487137146,-104.66421271570252,775.0579720682157,-1.70347038949952,-0.1860734268808626,0.011045053305582225,0.4877390643642255,0.3300599734974035,5.5349467328766115,1133.5755373717532,0.0,2.268056541437204,0.019818818071364288,0.7818042622950901,0.8462305258985525,0.24667518555470022,782.0948531356416,12998.70431488971,0
403.25061907213797,10.736166214674531,501.40701709328107,8.05402368489574,106.01932326777599,5.880605974264653,161.8347389008971,26.420702621319993,-113.29914369334202,28.49507522295073,-2.895304962130992,-1.1868046137357773,0.02141207810954347,0.26291174335137246,0.7501768810068574,3.0982656782999367,623.457865795979,0.20395776200466376,4.2882714103869475,0.09518468918786488,0.4712248990990645,2.0196391987394957,0.8042380846798516,116.86337349413597,5383.189076717619,0
365.05250601465355,11.13944779306301,1166.502814566768,8.645756986240688,129.06233373361616,25.644144532639068,94.01849439351349,81.52975194899784,-19.987803115543898,378.59790801136796,7.201114168304544,1.2928158075921274,0.009549439276063927,0.3535445767585978,0.7761387410626185,12.407163314957819,3309.6931399845516,0.0,0.24515962133734404,0.5531433828333935,0.1452864146044228,0.7399090811246223,0.31294609962019837,379.1935446038539,12994.197203327572,0
221.36298837690362,9.766750674241838,470.5834147626924,9.008756826822731,72.30396904570802,23.37347300869989,172.45708580766092,37.77787910119205,1.4302868467197811,-444.1893937262722,2.157591632210228,1.5384681704829273,0.020754557784759695,0.32663079576157367,0.9223903760113189,2.7286986357146716,1689.9948689117286,0.3826627529457325,0.0378604326327745,0.17259593422373998,0.5677916891605538,2.8704589884463174,0.4704011689161068,444.1969365281897,4596.0708834205525,0
392.67355189065665,7.1515217170997625,612.6289695433876,8.114626988939756,90.80021126299962,26.239534838147385,171.37086661871746,58.88526367489535,-44.13519407477838,240.9582026211998,3.5311057689939576,0.6201014902097093,0.01167349582314076,0.2312358722043081,1.134671376238311,3.5748723317506705,2382.555306746621,0.3986397985229624,0.7495116998787358,0.3114752257179596,0.5579169692610678,1.285624302054638,0.6409647134110048,244.99232533777328,4381.229380213986,0
591.3610446386258,8.478703492983556,791.2197054875163,9.466194449204146,96.26998383844685,24.874938991380827,197.14386442822638,45.55320099735623,31.444382847210306,-135.74611048033614,-2.0513073937069217,-0.5639595143839857,0.010715991315913113,0.16279392210773094,1.1164672118841963,4.013412782499115,2394.7099746825834,0.6350848620454792,0.6902782276274119,0.17416243187086797,0.7922169493475125,1.113118636635059,0.747404343619392,139.35552943893197,6708.517280634424,0
404.34215718955943,8.971376726902179,939.3019518573524,6.683514462181137,130.04483055502791,10.582676617537249,128.84898104525257,64.66942583284109,50.81906819646363,327.171307743832,2.0223164069372173,0.3369406272698754,0.009551110491320071,0.3216207566851894,0.7449820318145259,7.28994474180175,1376.2223875462876,0.4237742095413515,0.7858283499813629,0.2047548938474579,0.17135437313865975,0.7344475324821588,0.4304709006406548,331.1007883814471,8426.831670426842,0
573.2191441904324,11.924741911641682,497.92782406536924,7.939538233602598,114.55871865083635,18.528646355262996,94.11918913440857,66.49927645281767,29.83570769944589,-706.116783592465,-1.6996827993511232,-0.7384410282630522,0.023948735811309414,0.19985152242713328,0.6658037794387418,5.290396449913041,2122.617984793418,0.07319065083882559,0.4486621402657639,0.2945222703118932,0.144371007869013,2.090520572624664,1.151209304815187,706.7488736789845,5937.660792604855,0
511.28956986043033,6.914733381008513,1109.2887171504954,5.079972160955817,45.01517467350462,20.71877780629672,156.56815696967476,84.30993679071992,-63.40263123071959,324.26875344194866,-1.1985584295656881,-0.13197209849182912,0.006233483920012144,0.08804242708450452,0.7346591518493087,7.08502123688759,932.6594019719777,0.4136807227445175,0.7520184884980057,0.4818513735984246,0.42334688154249783,1.3847516898964956,0.46091658731895724,330.41119025856705,7670.43572165664,0
431.9211174022227,6.40197975786148,453.92188004947764,5.5778078136467,73.92490571381587,27.316844210065724,110.57080178124721,87.82597045035837,60.33104045575283,-257.1317864384072,-0.8537505641595313,-0.38514929859628655,0.014103703829310149,0.1711537193606905,0.8712629568685036,4.105259912535632,2019.3951326281058,0.4931692884378269,0.6869385006096069,0.04559239749700212,0.005189107102247383,1.9078419773586939,0.9515318304443556,264.1161088035073,2905.9986877271826,0
346.47230443225965,4.325992748003948,1009.3272505561067,7.266754222892162,172.38964883910623,15.653464301840204,200.25442065772563,19.540585022704793,3.186792149808234,-150.60976445974097,3.7312374603276224,1.5993291032963448,0.0042860160028578105,0.49755679352665516,1.6797888129251044,5.040224566534021,2698.495214109718,0.4966386081593379,0.16308581069120523,0.3130167329789508,0.8204947332520512,0.24862374462274187,0.34327053415169817,150.68967757550644,4366.342366268482,1
466.12862363521367,5.571866240153568,724.6015413778309,9.016758383488025,127.43130833416517,27.401099433120297,104.18021435176934,42.39178361085291,23.289341532056298,-154.1966815264036,-3.1010729274250375,-0.5251008372100676,0.007689558912003769,0.27338228521638974,1.61826540603378,6.955270210245298,3491.757950557071,0.5432742457674287,0.549383383955892,0.4103917130634673,0.05290714225664239,0.603427761397483,0.6432895833327505,155.97636576114058,4037.382865966375,1
362.4083125080384,10.283849849380447,825.7156492086995,8.3740002227362,98.2415648434653,28.002192047146377,74.69559906170782,12.748974493237787,50.90621939646804,-109.19511758180772,-0.8799513809706383,0.13680721320367972,0.012454468871015917,0.2710797778439098,0.8142865118981384,11.05440828617702,2750.979165758899,0.6367404565872967,3.9929658203857357,0.348561855070562,0.3209490994390198,1.2677392599415975,0.438902075860306,120.48149729887584,8491.535754745963,0
203.54474635591004,8.31771124910899,1130.6697694187374,7.391716882294581,86.45217130449625,9.863616049994935,190.14003057744276,70.5565844505942,-106.52518631048483,335.4915512251207,1.2177891155673848,0.439848180670106,0.0073564461296113165,0.42473300270462155,0.8886719748880916,5.946510926631113,852.7310244359408,0.198560799243919,1.5097837734063912,0.1848318824277755,0.7285457325222069,0.8509267053225207,0.18002139250662882,351.99954442051666,9404.5846601217,0
201.11635618943544,7.041194706556779,783.4752483757233,8.721478510334453,152.15414868826326,26.244045100448933,131.49666470037303,16.976969862778024,62.05818373197298,289.28303839508845,-4.8189850916900605,0.9632455653098573,0.00898713101805624,0.7565478590162318,1.238636179484284,5.958137798863127,3993.140340395194,0.1974734197887239,3.6554334627191296,0.29649021362737144,0.19542422454884575,0.5906596103711421,0.2566977790381811,295.90389840034123,5516.6017715814005,1
509.2254941011273,4.045392866876867,902.8880855270445,7.7424068485438875,160.59299351211004,28.149059070153136,203.22867007457145,67.23223879635825,-73.23317900884658,279.5610336225843,1.5913495965371567,-0.6127034748392042,0.0044805031007973065,0.31536715143373756,1.9138825580916192,4.442720041398413,4520.541660625105,0.39075383464781144,1.089256885088488,0.2180305239127707,0.8475333643142859,0.2789974209216942,0.5639962496613035,288.9982740803271,3652.537020779216,1
366.28686393774296,7.099030947732948,1133.5249085713394,7.61396051965063,162.00277919950116,15.318595789100533,137.33031625044288,12.08081491463854,85.43015136672898,267.3527269958861,1.172966583965298,1.8055062374992694,0.0062627921927894395,0.4422838904401345,1.0725351918746209,8.254003482407942,2481.655091268062,0.35326087687117247,7.071555352049284,0.603883839989567,0.2484574204585716,0.3865854785785504,0.3231396691576896,280.6727048454946,8046.928405974099,1
336.53401426384573,8.287400569862836,592.0106323668448,9.222881065979745,194.4331433454691,23.8235005931735,76.88847691244791,42.15507935260811,-60.821590664451364,-444.1705534336985,1.5677427226599256,1.7475870310398154,0.0139987360306858,0.5777518322205366,1.1128798455234308,7.699601502588756,4632.078105823371,0.2991664558185224,1.442805744847646,0.4582255257091654,0.3010138462504735,0.7199768408728973,0.5684594091129589,448.31819530975605,4906.229252041848,0
420.2571634512878,6.479038786674064,440.78937572693945,8.760189762781039,139.52158731094673,11.576141195637394,226.70821410070204,83.22573492094311,46.78541507524386,-60.521783910393424,-1.3781547086256438,1.3024513303994532,0.01469871812583728,0.33199097944018446,1.3520816977973327,1.9443026247436461,1615.12159455097,0.6522890322704293,0.5621508193311331,0.20533446400828526,1.0609837645518367,1.0535085221671665,0.9534194483662625,76.50921971801907,2855.8914620886876,0
474.3281291494382,10.90491925497264,401.87727769238364,4.851829529614345,147.6908344643339,12.090877608010157,86.92354227018694,11.964568348999473,-53.366288096628125,-177.70719281078982,-7.144047039789102,-1.2090129559764957,0.027134948553423303,0.3113684923750401,0.44492117879753323,4.623342160208071,1785.7118033331494,0.02119895960495266,4.460360502774916,0.4006903229186948,0.20978597936193688,1.8372804684759338,1.180281034730488,185.68479875856897,4382.4392636436605,1
247.34248254597148,10.105587363664338,1090.6654715986942,6.470608816090832,49.53134227794335,6.667651008994742,173.7340665118605,83.08306976827247,-5.857538868691535,-61.28050407486785,0.5118634877016852,-1.9101202735402651,0.009265524238932399,0.20025408400571615,0.6403001214314925,6.27778704255585,330.2577043163929,0.8936903732013254,0.07050219599527117,0.17867455042569927,0.5794006046532774,1.8706386325933269,0.22678125326862836,61.561943971078186,11021.81520777277,0
308.995624608027,11.784011857005517,583.4610010464592,9.423791391251749,108.02892120394283,5.013854120822598,163.22492393649594,58.40429860297446,62.49257285693092,-401.3054907193615,-2.314168813800741,-0.6610759253854717,0.02019674294575036,0.34961310970335496,0.7997099379740837,3.5745827718900314,541.6412517464086,0.30152743496729184,1.0699995437279037,0.019775313569371362,0.4838629448772358,1.8695681416295786,0.5295908793455463,406.1487091215299,6875.511354431783,0
305.128333890439,11.921880607008493,415.4794675567899,4.2704709652909925,69.70820896438593,6.989393176363166,143.26139462151275,78.55663493553017,42.15646429254443,-219.17951094582736,3.120365560195512,2.0787730202476773,0.02869427140916163,0.22845537835046065,0.3582044734436041,2.9001495389212115,487.2180800721767,0.455373325467044,0.5366378578606553,0.4230718217959326,0.302376314741025,4.116340361552194,0.7344005124602998,223.21864210081085,4953.296606875509,0
344.25247025175696,7.101069381533217,762.0500073668588,8.758755070851384,110.28555547778575,17.156148900184384,102.24032305635268,89.00933055493621,31.12691270755124,-371.09604350547886,4.30005456626399,1.106640479273862,0.009318377157517287,0.3203624229540961,1.2334416973349231,7.453517209123382,1892.0754113164378,0.263836928305065,0.3497039300653973,0.2431987610527258,0.0705425176695211,0.844931787952434,0.45174524889943374,372.424017310104,5411.369974509964,0
359.14423502109076,7.267070066401233,501.0650624552354,4.99210054155616,126.0048450564006,24.54567880696249,139.61917404155196,37.58498796480653,33.53949397807014,423.1023595847439,-2.038854427752275,-0.18950697964844476,0.014503246406349604,0.35084746675385436,0.686948178005985,3.588798357352507,3092.8744548754844,0.3766179418518517,0.892364100514693,0.1981878858243263,0.26926521855956326,1.1510070426147387,0.7167616781367117,424.43451941360814,3641.2749166879057,0
292.6895530057688,4.452659229270722,622.0700933679732,4.389516477503555,99.07596443866909,22.564453481315137,191.48646460049773,32.04414649593507,97.94996184160442,396.03224112913585,0.669570801284296,-1.211214519945151,0.007157809508512797,0.33850188167363915,0.9858190918020222,3.248637415003777,2235.5949906927813,0.20826568711034654,3.0567193248236393,0.2892469663043018,0.7407860418227066,0.722456707746074,0.47050896052743385,407.9659046582149,2769.8661424882057,0
270.096693714823,6.426317690614941,1192.1255950279833,6.627206175183325,90.94524407523623,20.8589730121705,154.29743405812434,86.38317278952393,-40.26779293960445,-638.1869458769855,-1.4440123942298477,1.0097602773536316,0.005390638131936168,0.33671365178301377,1.0312602790960308,7.726153077690882,1897.0243917506118,0.14425500792040125,0.4661532059920807,0.37625593925155987,0.4027039459829485,0.5927344730062694,0.2265673137472423,639.4577063479774,7660.977800763192,1
496.8827735702384,9.779547822143398,1177.5396008909956,6.103725088246161,165.71642572956216,23.529999268507673,247.8624082760358,70.757296352796,-127.57124232393944,-420.7443640860514,-1.784461185376105,0.40054188506173105,0.008305069158390611,0.33351211703083283,0.624131626456774,4.75077930970319,3899.3073761963037,0.019144678232670298,1.8029411650760228,0.09968774319575437,1.2532946206912345,0.5011614945125545,0.4219669327420222,439.66285501503444,11515.804839381142,1
378.6553458093875,10.679836239203258,1078.0889812924174,6.128532277994509,88.25786005567477,17.665036110788648,218.18320930528813,59.10217017255928,19.33874039995544,-285.227475322549,-5.7641035596106205,-2.2269414781945045,0.009906266017486077,0.23308230302947625,0.5738414092435291,4.941209659190249,1559.0782849444258,0.18706426766120599,0.327208634530552,0.17170104661705501,0.9834837209571649,1.1224230919758322,0.35122828669991035,285.94042115269065,11513.813771492483,0
535.3445911748297,4.820654272895096,1059.2600895957996,5.492328011719728,89.47573918221693,7.518675703170178,62.520042481864756,35.199531717857745,-101.72378918234065,246.26192062654968,-1.4694908938452507,-0.8153591011915164,0.004550963753136963,0.16713672026807957,1.1393324849287005,16.94272824435556,672.7390662125263,0.27013250286230206,2.889918820446501,0.09206021595461965,0.43163597743759313,0.508625443581857,0.5053948472457888,266.4485358184155,5106.326677017234,0
294.4709624636421,9.374764654745029,1023.9448433445023,4.423869193114111,183.67293326512302,16.570647679595915,211.05111235404019,9.389196726066796,17.3854768116542,372.3251627173553,-0.5343727513038958,-1.2694837705992938,0.009155536761261783,0.6237386930393888,0.47189122671735273,4.851643907125329,3043.579465414286,0.5174320979367901,1.851646878735398,0.047114004803325435,0.9186464759458198,0.49846956753536503,0.28758478972540563,372.73122642288905,9599.241925794475,0
376.730339926312,4.363677212722758,775.0939160989135,6.516513348743418,68.59544596221107,24.606540759229652,193.79977496298193,52.56086095958026,-20.882776885637412,-86.15241554086685,-2.325079842651543,-1.6646373369113325,0.005629869003082057,0.1820810237254272,1.4933536627649362,3.9994572555461723,1687.8966369666819,0.6636954953283729,0.3973065985676384,0.3295690793809728,0.7618161360271084,0.8207350975141304,0.48604476451371814,88.67770334337833,3382.2596594008737,0
504.32441128849786,8.847363758327951,768.1458338079021,6.417961127526356,154.6455298589545,14.4258810263879,143.07935841131535,18.912045133872923,51.8645731570531,-448.9992247728958,3.472878804687073,0.5028548149942402,0.011517817800910575,0.3066389934682138,0.7254094330059823,5.368669823075987,2230.898015007995,0.2199183491392237,2.7424095485135913,0.27685928519158753,0.30072144010286683,0.7447882788086716,0.65654774014516,451.9981180078262,6796.065611142639,0
576.4966973442088,7.040871861466698,1021.8706432372261,6.501075597000612,111.93594948992505,25.599273600085365,65.09569617901715,78.5153524328058,-9.765017559013188,-21.44126704360133,-1.7699772722689637,-0.9671916008507555,0.006890179210121577,0.19416581223377152,0.923333888886647,15.697975491759381,2865.478996677927,0.7689297571147272,0.12437080464448255,0.014587927136736007,0.40822094382711677,0.6155465908422689,0.5641581947377421,23.62660195430585,7194.86025802786,0
400.2023238354671,9.967053814531383,991.5429148409459,7.457994769603844,83.53802782334495,15.384446603585488,106.78071065099047,28.546481128467732,-118.51942672291652,371.2226814838243,-1.691612582521266,-1.516405048177714,0.010052064984126486,0.20873948712424134,0.7482647237973696,9.285786812955141,1285.1863284170893,0.1007006431135341,4.1518051275582275,0.5073059362633223,0.029266266809177533,1.2032921109154324,0.40361573649050164,389.6870479139626,9882.761591637016,1
341.6727532055734,9.241515544383443,724.8006999129027,7.115355887135989,84.45166049835903,13.316135168269376,75.61624501212705,71.41661887106106,138.04462572939204,-296.78422761779234,3.7368542767546877,1.0711083582919567,0.012750423041111812,0.24717118853064418,0.7699338764257521,9.585251155973982,1124.5697263809443,0.0,1.93294821165679,0.5006163625015176,0.31257959079884495,1.5097895015764151,0.47140234997928565,327.3395187497886,6698.256934825089,1
307.7078445516291,9.245594720912155,988.1809160695409,4.263208091646471,91.82519749426717,15.157651198354708,207.4319054413806,53.2379362975659,8.132151063707624,-493.5287004451163,0.8996448615540364,0.9167422571667689,0.009356176152122248,0.2984168233607063,0.4611069617840517,4.763881014190446,1391.8543148381366,0.3708668116525756,0.15275105740865158,0.14372643529995946,0.8857445949216417,1.0189116285545012,0.31138816743752507,493.59651478190693,9136.320260918685,0
595.8735438670329,8.176042905763591,427.35041068987607,5.759778310914854,147.34370541388256,10.61494711587725,243.2453550221295,41.14996432072782,-11.506959423639934,379.4789238181104,-3.655368240261957,-0.5705739710323883,0.019131941145358728,0.2472734474124627,0.7044701669623793,1.7568697690075004,1564.0456408257598,0.33746264701912176,0.27963473635003167,0.32743657215935945,1.2113214092920863,1.298456631833567,1.3943441470083258,379.67094365292223,3494.035293596118,0
322.93268668621363,10.43359548880925,1065.5841444677612,4.139827623027727,77.20846594893631,10.379787698756092,234.73375018721194,34.84391853480949,-47.00792083166718,370.10819293006534,1.5335594590445307,1.5969788733655257,0.009791432748861545,0.23908532375961689,0.3967786203200974,4.539543817699434,801.4074850965976,0.41939991153936895,1.3490997226590835,0.49051708725192367,1.1339431835201086,1.2681812322676307,0.3030569555326035,373.0846698800276,11117.873922665498,0
240.7505594070193,8.984300798304476,1042.7585683215616,7.560441086028352,197.538253092049,5.408534787811779,62.97726717759903,47.50047626477842,-85.85787844035654,238.31242754938944,2.1742398681934567,1.0025319672251927,0.008615897362287541,0.8205100481535562,0.8415169144220065,16.557697960772582,1068.3925137719148,0.32876584582730417,1.8075161596647005,0.3335658999904411,0.42747938929455426,0.4361634887128773,0.23087852425373467,253.31623661693396,9368.456637810239,0
403.8338136260578,9.078465502509633,864.0551604380302,7.0330526843788235,134.2705838217493,26.465754304466735,176.102688120349,21.6459201577233,10.834141408767266,198.94111331543377,4.423260588661834,-0.3700959965844266,0.010506812433024915,0.3324897006917832,0.7746961953465176,4.906541573332105,3553.5722817437236,0.3899739062690334,0.5005165559987352,0.1711050828273117,0.6009335283668091,0.7825103707728877,0.4673704088768308,199.2849979840044,7844.294966302084,0
254.8517672532226,11.448168187441727,907.909583561891,8.979865953758345,184.95112466904158,28.254633274712187,202.14177711018195,31.09060679490677,62.40173064941855,-394.8038963298492,-3.1880210062856804,0.708023522267557,0.012609370354400845,0.7257203929265783,0.7843932589677508,4.4914494991652045,5225.7262012693445,0.25537940069341925,2.007092722926242,0.1656370660498156,0.8376525191834723,0.6817677036008579,0.28070170407651573,399.71772042681494,10393.901611606707,0
505.48862809302875,10.797811966918477,808.9159263797364,7.610390919755816,78.26507208623737,28.376698639150657,167.90504093173098,66.16641569209139,-60.60815445183947,59.53675920694923,-0.53998988052951,0.4351599182090915,0.01334849718591097,0.1548305297816387,0.7048086170672316,4.817698872475401,2220.90436456256,0.6081011250114632,0.9159957331508244,0.06765277014748776,0.5264094630157362,1.7055497209793349,0.6248963725505051,84.960377070699,8734.522070094064,0
331.36081356554405,9.566363359016671,473.37463554733426,7.668264505188171,185.51380476243017,18.880048134999576,128.8030846738604,72.45409770817648,-93.437932774439,541.1369321644514,-4.410731657501309,1.9108642707767691,0.020208863425805794,0.5598543858166108,0.8015861636658963,3.6751808914045516,3502.509563621595,0.0,1.2896155735839698,0.06658256527847543,0.170937133398731,1.089345531546041,0.6999969763534367,549.162345019457,4528.473768587889,0
503.9534246383156,9.704804650288356,1173.3605144607056,7.752952215220048,90.09519571978976,14.941299176366872,77.04545556319007,83.51622195737677,30.751697913262092,468.4573684490415,-5.84384339711805,-0.43880002679743235,0.0082709487243559,0.17877682999068922,0.7988777203248173,15.229457803625486,1346.139273602707,0.04426154559328077,0.3682122729277252,0.2724093634162729,0.29958676760736297,0.9180232817385572,0.42949581004942905,469.5019951868145,11387.234577202993,0
322.4451337167583,10.47109995373828,932.6651617343379,5.050637404357527,155.06823625123872,22.695527862763477,201.14365906631934,50.95581675141787,-87.83481113241953,669.6816457944194,-5.099346518424368,-2.1039779236106906,0.011227073105493446,0.48091355718040857,0.48234067353682386,4.636811153101414,3519.3554764695778,0.0,1.7237445444336927,0.3530330534740529,0.8285787187847213,0.7240085640300666,0.3457244324610081,675.4364989364321,9766.030131889731,0
290.9629078939139,6.529679738423609,1003.7021447515012,6.170550543095031,157.19958695490888,12.736249814828142,61.20046684197907,56.29665549578756,-1.6122608411097303,139.1133175900834,4.0185503671826,1.1620529584442094,0.006505595083728989,0.5402736317586722,0.9450004885821124,16.40023673909354,2002.1332102455185,0.468338438401235,0.028638661158660997,0.4939828401432713,0.44363211961837207,0.4138430138238884,0.28988969428370714,139.1806856679215,6553.853557996198,0
564.1044357421715,6.680656368658883,579.7543708696235,8.516676324895158,76.99550193480292,29.8942405800265,139.89358289705416,30.213074736367183,-29.98568847564664,-80.30586478270197,1.8599176889358908,-1.4842196756842059,0.011523253129834952,0.13649157329086192,1.2748262827661123,4.144252787465291,2301.7220584188944,0.6849590605754868,0.9924739119502181,0.24399893960656593,0.2717598445186742,1.4966138073354518,0.9730059212766654,85.7416627181078,3873.139730007974,0
346.0471294457717,11.377761226897587,609.2824076236934,4.594595560582205,146.36420048035708,17.272025949017465,68.97826300375885,71.96362314914305,-38.28669954365715,-198.35629610672493,0.6693328290241327,0.21312723067848172,0.018674035364442607,0.4229603080793465,0.4038224628690884,8.832962459354647,2528.006268703922,0.6454050096105899,0.5320285147998843,0.5911688518949743,0.3729248817840104,1.2758608528011444,0.5679585117112035,202.01866144879048,6932.269753691669,0
274.80185052265455,10.52321014277873,412.22688820445086,7.3175369550482605,103.49638419918097,13.288013033559793,142.32623376167692,24.005276326921177,-64.00245313235914,-241.61393724163747,-0.2189994774756272,1.2158146288201443,0.025527714091176816,0.3766218604508588,0.6953711705614587,2.8963521152025873,1375.2613021650284,0.4980277140450948,2.6661827283605297,0.2810012164766635,0.29387485237888106,2.466531974880223,0.6666276712798073,249.94730772132132,4337.950171079191,0
228.9343723766699,9.633339779035376,635.149789916549,7.453515955545343,102.67225807021482,13.338103962525087,229.71723867302575,17.073693982014213,124.1265018419239,-238.81535288998498,1.6322058943550548,-1.5422877723648227,0.015167036078687957,0.4484789986070169,0.7737208617686371,2.764920010294076,1369.4532522077307,0.14408451326274485,7.270043727659718,0.16361094481479996,1.088338533391143,1.4772282565671853,0.3604415462480891,269.1520487225813,6118.613736849054,0
415.46329784087015,9.323891464744197,689.2760686117381,6.7548050878241,86.81062746304958,26.762506796799634,173.849255271105,51.858281171551134,-84.03505316864519,-67.74933754710923,-1.9700910906540585,0.07637403467621606,0.013527078465850882,0.20894896833053012,0.7244620031631203,3.964791609471454,2323.2700075143057,0.41376490448151537,1.6204750961693244,0.36733232297284973,0.5804477751918636,1.5582283945140931,0.6027531155660886,107.96177174368084,6426.73525298142,0
404.14153776033373,11.229344508929241,585.8424033370633,4.038826627169252,155.1820590754947,17.562714173478,69.0430996649933,28.792794757351047,98.74020379423335,248.31878876685778,4.101943209687843,-1.9981015447718615,0.019167858872906576,0.3839794838597403,0.3596671759386932,8.485169498177976,2725.418148394691,0.13971089711905404,3.429337256989412,0.17304459458796395,0.3723354575909699,1.2351852390089488,0.6898468520855969,267.26143499963024,6578.626175010962,1
241.49808785683015,7.4303353813808295,837.3727990541383,4.98202342625495,182.47932383436032,24.971175396988926,153.79614355401685,43.25543430802504,44.39765034708765,18.459250581586502,4.621103648565197,-0.37339721247082824,0.008873389952209852,0.7556139489706496,0.6704977865116375,5.4446930833479135,4556.723201791753,0.3587542432542732,1.0264063014817701,0.1493607124741666,0.3981467595819714,0.4862682393685534,0.2883997284478507,48.303725397807945,6221.960736217864,0
480.87074247264485,9.6346937001762,579.8573663445959,6.689327506555044,145.98894145895756,27.433410922815764,80.98084707669688,80.83641809056398,101.76189354916448,515.7673800773637,5.444528802296186,-2.1072505786640905,0.016615626978946616,0.30359289631196973,0.6942958141401744,7.160426042412394,4004.974621230477,0.0,1.2588619826667349,0.3181508007915742,0.2638104811209375,1.138142849238881,0.8292914264486112,525.7386387022151,5586.748114521041,0
363.6016983716882,6.773488872815676,485.90624207921877,5.827590908676795,93.91783840348904,26.163779649424626,234.78388310103736,6.86405728903304,19.8850475110186,709.1942393917011,-2.5816740334814883,2.2082377323442994,0.013939909155790128,0.2582986790878036,0.8603529168055339,2.0695894269289044,2457.2456291391572,0.048445141491449184,2.8969815771773466,0.04634133999686893,1.134398937282158,1.4842663963262872,0.748296002158394,709.4776595085317,3291.2805239552686,0
553.4810589694808,9.456746041426138,1096.2370736557332,6.590428934217526,109.19367327830555,10.92856421272854,163.51966862941725,55.41890373202206,12.11414693953779,-78.89553441805322,4.076578090839188,-1.3188119343532723,0.008626551928124239,0.19728529370383843,0.6969023917262398,6.704007431302485,1193.3300700456628,0.4754790748930554,0.21859232362508849,0.20546945810744616,0.48654244208561137,0.7900230543703258,0.5048917540470798,79.92419155746052,10366.835606758428,0
592.3468369091518,10.845333402098806,792.5364736603029,9.486124428744894,140.48949322516432,29.844121917229238,112.8781782677988,89.73702212248865,-45.51163020043914,-639.1307197347215,4.14097760403702,-0.12428841500203536,0.013684333481852261,0.23717437904831962,0.8746733804337563,7.02116640986217,4192.785563901555,0.006467992331522954,0.507166709168452,0.4875839590143643,0.02616525697998911,0.9740467537967555,0.747406405377683,640.762462296007,8595.322290169684,1
430.89973720924365,10.051824466276017,1005.5833765660194,9.370817415497356,54.94083341349571,19.28788220891012,232.71561039501591,66.13253669324862,77.27424463152168,531.7038278440591,-2.7344687240224133,1.0497101969046705,0.009996012961751746,0.12750259206311979,0.9322504035895726,4.321082607475807,1059.6923233388586,0.11015725173023994,1.168475435774574,0.20835615392532497,1.1155964581365083,1.8194141480380814,0.4285072200385105,537.2967027133144,10107.947587446763,0
550.9620350617896,10.333003740097455,1043.81749267932,6.919498584276355,71.41565129450728,23.11054547770829,73.095056800092,48.99386957300391,-40.38532611827131,-96.81134693927584,3.8834353894573725,-0.2908730685708738,0.009899243701668779,0.12961991344194546,0.6696502544971589,14.280274732312762,1650.4546570618675,0.43964644910685746,0.8242934569210677,0.10137915166649067,0.3354994836355273,1.3861448467151554,0.527833686373232,104.96900748459066,10785.77005583456,0
385.16516750133917,9.133950595120417,962.2387916795948,8.609105876022957,119.33980960962461,18.914606665672373,242.5084309197935,25.40240378212415,124.02976833038659,521.3843973673806,-2.7520801876666097,-1.418378318403346,0.00949239489625755,0.309840607819786,0.9425391331350265,3.967857068020215,2257.2655583222777,0.0,4.882599670259049,0.42700178613853457,1.20462209927085,0.7954089190613222,0.4002802327570172,535.940898976366,8789.041583909786,1
488.5933611263979,8.321655945398613,462.53931937172064,7.033287865005226,48.65405966030848,6.76740264995581,152.23857612877626,47.48497629382984,-107.5575420348204,-10.766382280584196,2.0848714868900693,-1.6945514235573809,0.017991240088955328,0.09957986237909973,0.8451788816015906,3.0382530573621875,329.26161227627966,0.2788914486944991,2.2650857266784894,0.418566350688087,0.38398705571614783,3.6977880601466877,1.0563282745131097,108.11515400303827,3849.0930770303066,0
245.86115911144137,11.213219357880249,731.8390290022048,8.295958837141669,183.8479754926828,29.74092877175708,170.94576216594504,64.8632839227681,11.03503325991727,-410.729639602788,3.599336387667056,0.26040200208838193,0.015321975070349065,0.7477715315307292,0.7398373805388517,4.281118289974188,5467.80954395962,0.31387027449675153,0.17012757591885952,0.16622477029266153,0.5540523833267731,0.8334046121143655,0.33594977770815315,410.8936164382639,8206.271566859808,0
504.23656516798457,5.080917595524342,691.6472852656107,7.923821813367151,43.4600379589434,15.849412274403186,236.43205995232714,11.998883586466668,4.78939728290829,100.49361250271647,6.5292081670435484,0.6678741674947863,0.007346110804979357,0.08618977868942299,1.559525747937155,2.925353208888298,688.8160590725059,0.1736960898846125,0.3991535752801342,0.21585780021846454,1.149382363202974,1.6903139412623638,0.7290371492954599,100.81931878101662,3514.2028616026855,0
472.745428634516,4.9512794687670025,1093.38127418658,5.195844254554214,199.39106533486714,14.63769829421483,82.79948654379625,31.86735272008164,-3.4892573565960276,-120.76320967226559,3.0873075679477253,-0.24902078158487484,0.004528410706915118,0.4217725931497442,1.049394260075591,13.20516973989015,2918.6262569338624,0.5850399004046922,0.10949316647809358,0.13672960804571882,0.24727739505639773,0.22711201724660443,0.4323701528418936,120.85304793536342,5413.636254414318,0
370.05655225682216,4.0877958073506075,949.6281282155817,5.726667576496942,64.29007275080224,8.927719412895259,206.141170607951,20.928101058057464,61.697826430102964,-601.2500324630105,-1.7163403949823675,0.9676010248353748,0.00430462797582867,0.17373039974221136,1.400918207851611,4.606688345733852,573.9637305537857,0.12846633948195296,2.948085268651208,0.2428238066084417,0.8740106418904637,0.6695634009490142,0.3896857530454416,604.4097692355094,3881.88588106186,0
482.25404556351964,7.336002097179172,863.2637902119675,3.6518101942305536,40.003078322652605,25.43121360047311,150.3338201168556,11.061089598181383,7.7845326168833395,52.61071980803223,6.063949809102023,-1.2114954835433132,0.008497984255053576,0.08295021823177974,0.49779295941514823,5.7423126049810085,1017.326829499834,0.23760478751443026,0.7037762914571489,0.11697945987426447,0.3666710919714146,2.1243325792358854,0.5586404191065468,53.528107327551794,6332.904975413834,0
204.57397550357044,11.859444721793558,1154.1548689155743,5.328358626227613,129.37333442652033,24.26212933974124,234.88888657861207,54.80206441058245,-20.50582614948604,-282.4902728329007,1.9432550801369404,-0.6775970328382188,0.010275436201154274,0.6324036774866428,0.44929242061695623,4.9136205877041546,3138.8725729698344,0.5526547405075929,0.37417981183800625,0.23147320753730954,1.135353514351019,0.7942468397141277,0.17725002165072085,283.2402149970694,13687.635868293144,0
385.81740811800023,9.288587015812428,811.9110913191962,8.921827137181534,121.35917874356579,7.333132823040768,97.61709177129907,6.1275602896218,-54.460274640103506,-6.1075500495225015,-2.1674329914052572,0.6001496866076268,0.011440399219969144,0.3145508113165509,0.9605149978132799,8.31730465010545,889.9429770217138,0.5648940543226599,8.887758270178498,0.44932818201188446,0.11257189298819024,0.9426892418366574,0.475196622195569,54.84452066756674,7541.506820821584,0
487.8939391622944,7.583779968557317,629.2712810338594,8.96704917215867,132.24300497891312,12.086199947157247,122.43482352059456,53.5915348077047,-63.555451955616036,93.82858509619177,2.4744488899267285,0.5054118146127635,0.012051686128274546,0.2710486734185961,1.1823983830407063,5.139642978519185,1598.3153997880554,0.4830752543560273,1.1859233400137452,0.3062653490158927,0.1130438501872233,0.9113288169908309,0.775331647680966,113.35440772967225,4772.254935892985,0
597.4594826724243,7.009269398134664,959.4098049338442,7.068276864039962,161.9661793796086,27.209114225244083,157.2198256928603,47.030732780184934,-35.07366940224989,-105.46672924366476,3.839006597042653,0.32573702013698735,0.00730581380562187,0.271091486664731,1.00841849022396,6.102346193972489,4406.956275366143,0.4562040182772693,0.7457606405194517,0.3176970997203766,0.4292711426623663,0.45107033046071,0.6227364777803391,111.21210021552038,6724.761785993141,0
536.2688060855273,6.786186701423656,878.9187579176884,7.0370010461500385,87.43147463641661,15.976790595233904,220.73488745951667,51.60926427820125,23.063867954319676,-416.6341906471057,5.26628790119549,-0.3601599429940858,0.007721062544507884,0.1630366593101306,1.036959540867593,3.981784520033718,1396.8743616985325,0.14832840696561422,0.44689394969851187,0.14673127181870854,1.006680795086515,0.8830987440868278,0.6101460473503166,417.30531342105076,5964.506786612815,0
247.5556419859756,9.292054229302963,824.9501196427179,8.917178053485731,72.8227467542947,8.00855718940958,128.78458776609594,59.150706474428084,-11.444836148701938,472.25817676817724,3.0534848520628755,0.03453132735157727,0.011263777055184025,0.29416718669825437,0.9596562647433717,6.405658735663522,583.2051320716599,0.29340153529839785,0.19348604320811869,0.01177951025036217,0.17076897969178126,1.5467388360381704,0.30008558831798315,472.4067035602007,7665.481248190103,0
255.26469362420846,6.245575135528585,610.2279746221272,8.03040628467623,105.79218848637184,26.014695565774733,202.01116719042406,50.14361315266438,50.277518480938994,-223.07567438647612,-1.500334223855261,1.5661886238209677,0.010234822714242241,0.41444113161264406,1.2857753065837687,3.020763570198578,2752.1515767100223,0.5399244186571015,1.0026704363697712,0.3213289369142719,0.8364651562765824,0.9674459769362547,0.4183103761873201,228.67626980158118,3811.2246653039265,0
540.9818146933782,6.8766027762959565,526.0995365856819,5.861788225198508,170.40827021523913,8.291249441965569,181.2095840660648,88.94226469069362,14.142103464717763,-11.873708895810978,-0.5147885496584408,1.074574158962724,0.01307091585923877,0.3149981488967877,0.8524250150676767,2.9032655159888137,1412.8974753284192,0.8896664522083546,0.15900318609941475,0.25319817368341785,0.6473598551460436,0.7670352995619971,1.0282879513718646,18.472927775534185,3617.7775338931165,0
538.5083116753316,8.062680014547352,1026.1588078583313,8.184843662978484,82.57320646082091,12.73495812717602,230.84714927865357,24.635605848550366,26.592227090268082,-232.0813040436742,4.477605712057205,0.9375110177423949,0.007857146430750575,0.15333692102900087,1.015151742126776,4.4451872638014,1051.5663267052148,0.3480438996354951,1.0794224933515426,0.4647604446012965,1.0986104479877599,0.9515370381648688,0.5247806748345687,233.64273406452293,8273.590111871104,0
425.2808256621672,11.499429168229826,821.6107498820232,6.117373009132827,173.51897269905655,28.50611047300879,150.99420946103254,16.665274507071217,18.60573766639817,631.3121168525199,2.345207518964054,-0.5894814778497901,0.01399620096241566,0.4080103362969292,0.5319718848335243,5.441339458080732,4946.351004922302,0.15017528571361793,1.1164375155358885,0.2962874559891547,0.3726746314639322,0.8066092568845504,0.5176183803866176,631.590581276532,9448.054622124519,0
503.66594704974534,5.928322278126313,1183.0393269851847,6.747273847978691,123.66780756233564,27.737953352346636,234.49658282153922,64.2350128584138,-47.72417639887001,150.92551000838705,-0.6589783038849966,0.4320026488118245,0.005011094849428073,0.24553537575197912,1.1381422148512501,5.045017342045971,3430.2918773510464,0.6375841499720143,0.7429620432094126,0.16072581374270295,1.1317871165594475,0.4052060878415908,0.4257389721212985,158.29257985340686,7013.43839806583,1
505.32444520379556,8.55009207293499,1108.8700424567758,9.70466282946673,45.5483972725939,21.977075601763516,105.0631554699706,39.69558126541035,-39.76676458653661,354.1006852512511,-3.80234717552902,1.6661292587291197,0.0077106349216466245,0.0901369361900242,1.1350360612123105,10.554318852280385,1001.0205703989553,0.3045902457116938,1.0017932303510138,0.6487847461857223,0.04488040481844913,1.692844399222374,0.45571115266511797,356.346949902942,9480.940959924765,0
426.8372200547631,7.124022019390624,561.1740003473171,3.52855263930639,91.44401526094889,17.90405366715781,236.54972577065723,24.335461265337962,18.63517577478217,-6.554796224214499,3.2629250639225758,-0.6840141304147114,0.01269485402919858,0.21423627313760651,0.4953034437151018,2.3723299552306134,1637.2185567724268,0.5757515662131,0.7657621760934135,0.21451930582824005,1.1504520524605204,1.388265157973647,0.7606147465680673,20.02203310532622,3997.815935183809,0
290.8937964357399,5.4755777837950275,406.66826620542747,3.648834037778327,104.86140037359887,18.541948266929793,170.0212445359047,43.92245040037778,-142.77277550446803,-724.4318301907359,-2.892509779362711,0.39542838232767163,0.013464482574180137,0.3604800159317366,0.6663833812345888,2.3918673652547473,1944.3346609250827,0.0,3.2505648979739084,0.6113095369090024,0.5456476775991338,1.2840265842539818,0.7153098006639043,738.3724728289728,2226.743723808881,1
263.43495915790174,6.236514145225793,610.4572701710512,7.064541429938249,103.91097970989841,27.055415106549166,196.68803311548606,82.41226839135676,-104.29481775457737,300.39912712669707,2.543845406905475,-0.22688081666684834,0.0102161354282476,0.39444643202276974,1.132770850098421,3.10368282452964,2811.3546901795094,0.18329324094574895,1.2655253858479596,0.21746955400592696,0.7880730283226006,0.983162266082881,0.4315370985492348,317.99923858147247,3807.1254004776843,0
261.46291535039836,8.044738167455098,527.3354364331875,7.432362103078068,89.59435685169106,11.182656557594921,143.79976219144422,54.360588021986494,104.94707752270257,123.98245314185112,-0.4199421197648938,0.8694374631474675,0.01525544769353719,0.34266563857295623,0.9238786829813318,3.6671509632340884,1001.9029221710625,0.3239794872512868,1.9305728900551267,0.46068995733168294,0.3072705653767656,1.7027241703168996,0.49581897457696317,162.4368003840614,4242.275512525655,0
517.5569549582392,11.516213439288759,1086.1494804052465,8.307796196472056,144.2203701058683,18.027304133040687,135.09242311187575,78.58055522308636,81.50095075071569,-470.4440302681503,0.4489148449008251,-1.2240758469893223,0.010602788701783493,0.2786560372230052,0.721399984488751,8.040047364505115,2599.9044740781774,0.21998301768644546,1.0371643534375452,0.19678169004655097,0.2281129373806886,0.735179690219923,0.47650619394039273,477.4517694100095,12508.329243319402,0
216.8249589089991,10.261245883601756,862.9563937391147,9.014824474548442,194.01813930766838,20.25287150938511,104.03316568742227,12.875202467796855,-97.73288709035906,613.9939019189966,-0.2279131573538704,-1.2097899357020143,0.011890804631669364,0.8948146019900657,0.8785311819644446,8.295012345697053,3929.424445888188,0.018689582957049256,7.590784481627081,0.6358240752729607,0.05424394829616119,0.6128707694084864,0.25125830283209966,621.723636961905,8855.007742983307,1
455.2476852773085,10.242908701790222,429.75978806604047,9.040770963921979,106.8221275911329,23.429009370404085,67.60480981594738,80.97922057930701,-26.920810969069052,-373.46241823200353,-2.936752027626241,0.6575981229483903,0.023834032373955406,0.23464617404054128,0.882637073816919,6.35694101109155,2502.7366282991534,0.3827511212416864,0.332440974073147,0.18484455196980212,0.38541081985502385,2.231188697643373,1.0593073105465869,374.44296282264406,4401.990272861168,0
370.0403460589064,9.24228523428744,1143.9170837522288,8.488198168627731,126.2078193885126,18.62555642939477,221.41089704736729,75.00874491271854,91.53094155831465,-35.195740280527616,-2.9158610984035835,1.1003074075590513,0.008079506255795467,0.3410650236729097,0.9184090247656322,5.166489540519346,2350.690861851605,0.3202608138623152,1.2202702720172378,0.2948063325134006,1.012826336794248,0.640174776407781,0.32348528692754164,98.10787757561138,10572.407972412373,0
565.5475284731747,11.61845206945167,793.4623286239271,4.128573545272836,168.01136116956621,20.835798210165713,132.2982661436243,87.92031797303041,12.648795373004205,141.73517556498496,3.1197865033834082,1.287167371899681,0.014642726756292426,0.2970773501975182,0.35534626476861497,5.997526284755211,3500.650818344353,0.5644340268306915,0.14386657901856348,0.4744907673731191,0.20271151039658444,0.8715319401236319,0.7127591418914409,142.33265642378748,9218.804034032608,0
416.289958536732,5.046468459981776,846.0577442186943,5.211580787876669,80.6337799907779,28.698605185159487,248.54546332930877,73.97228071107884,-87.636135368953,-490.6520943460794,-3.6835974161862444,0.29411442910149965,0.005964685619232786,0.19369619261105248,1.0327183909310491,3.4040361585587076,2314.077016542348,0.057570723399768986,1.1847158763597203,0.48393609426711875,1.2595042120846252,0.7397254128375189,0.49203492478065036,498.43067602077224,4269.60372152297,0
241.2489428540208,11.73569105516384,594.4015635964529,9.782842656072965,148.98553275166464,12.512277545716731,132.90829610626096,71.04826774918011,-45.64454925835309,-90.79232023910049,-2.002502470770538,-0.5707958129942501,0.019743708250288785,0.6175593185575758,0.8335974941815123,4.472268330949223,1864.148336085298,0.6038682574063585,0.6424442242489412,0.11823266818361287,0.20825723732964513,1.3252097626954442,0.4058686208601697,101.63995428739153,6975.713113074293,0
548.2306855528866,9.45371623922637,933.0835416794632,4.408113498137494,184.94314251282222,16.25854492303438,212.61327408456515,30.459522180549804,-67.1156662452151,599.4177200956842,3.0813754301515095,-1.1772081873232132,0.010131693269619314,0.33734547770945805,0.46628366946819055,4.388641987180617,3006.9063907518694,0.058871052796994894,2.203437921559794,0.18797387777140157,0.9328479462233196,0.547827463725338,0.5875472678106856,603.1712946541709,8821.107030529996,1
472.1972781076942,8.834096281272597,562.6026769917623,7.744484234390213,93.30258936013011,13.449298229895625,139.79775057869912,77.43503508370613,56.8318728359434,82.21628221425681,0.11583789337632489,1.131193182048909,0.015702193826215915,0.1975923913285467,0.876658346005097,4.024404360319412,1254.8543499258762,0.6299488095217982,0.7339297099111401,0.08673821502962745,0.27088864162453746,1.6829322673573885,0.839308622974448,99.94694717495229,4970.086216646936,0
483.1158693511059,8.9783088691668,940.2209729194134,5.229681301580289,169.71750208508573,18.980937732718367,197.76482902601362,84.86374834034098,8.047430581373973,487.5499546506702,-1.5428528491464348,0.40524849364719273,0.00954914762355161,0.3512977172806199,0.5824795490763297,4.754237533286258,3221.3973392295115,0.3588000313193116,0.0948276589091992,0.08360433549753171,0.7978620820546692,0.5626495503548165,0.5138322620596487,487.618805845044,8441.594300139006,0
427.03670381682184,4.663096694509047,992.3496437911411,3.8950412952787863,132.54210536254533,9.23142717676136,99.46336840360345,24.826611310166342,21.382217491512264,129.22532827973134,-1.12720351433199,-0.12004827791137718,0.0046990460707924476,0.31037637790357125,0.8352906985320138,9.977036367443086,1223.5527935089685,0.7474039671556004,0.8612620234142216,0.3171982668161478,0.09578755996724132,0.3545323244971131,0.4303288729820916,130.98723327722206,4627.4223437597,0
546.191417574378,11.88683974515025,1012.9509068820148,9.070462634445313,135.13562233205215,26.68210202936281,81.1873286170884,68.04061587131616,-30.59913927330183,793.229704251765,-2.3758191853333326,2.1234664826627183,0.011734862631930878,0.24741440085636274,0.7630676301618352,12.47671187285263,3605.702462865255,0.0,0.44971872875421,0.2895379512281593,0.26193337620828727,0.8683767040415326,0.5392081826113578,793.823226888966,12040.785099811123,0
215.23545313199324,11.99369161658209,640.3136020416204,5.3677415947814815,128.77929385459,26.350804483052904,146.79377993155148,26.1513320713784,-10.156733032575168,-26.98272754390166,0.16894340589802237,-0.37685739212114466,0.01873096491834715,0.5983182230467211,0.44754707444371966,4.3619941004325415,3393.4379938279176,0.9250785100813049,0.38838300874513815,0.3714324160410369,0.33448890846864987,1.454501291139013,0.33614068551053977,28.831499327607457,7679.723880790063,0
527.913739764939,7.920440455915788,670.4372565273966,5.611246597458052,84.06611887270205,27.065494352860206,137.83917962195,25.741507529559875,58.199792357934655,117.99753788760938,-3.0143847876208687,-2.000540733428288,0.011813842949212845,0.15924214988254268,0.7084513328128115,4.863909219179899,2275.291065615992,0.45589957959748106,2.2609317768627886,0.664350634602438,0.25308345110863634,1.4053037189812547,0.7874170694202262,131.6044121361148,5310.158369752783,0
388.3172325958808,5.328583738295151,1012.1851204701939,8.822322616139356,153.16801211278644,26.57954183199448,130.52469083078185,63.676775274001656,52.658662490595546,584.5023401906315,0.17913001375885784,0.10891259759051586,0.005264435952012262,0.39444041947061204,1.6556599369426455,7.75474060905792,4071.1355852752445,0.19835400806267034,0.8269681098643095,0.2529979776033405,0.1865880984616532,0.34370335420529935,0.38364250248560705,586.869621390633,5393.513173081794,1
260.9727648698986,6.772564862494609,490.51644101199673,6.364852924625837,181.96570905755897,17.02335876843534,146.669066811596,22.792501392596385,144.79523752775816,74.6382372720509,3.1536843585662186,0.32820702420254744,0.01380700889153065,0.6972593831707818,0.9397994783148381,3.344375550177124,3097.6675488395504,0.008497323293980674,6.352757647512595,0.4212164590264102,0.3333551528326909,0.7587698233387067,0.5320367332264728,162.9308841160335,3322.054412873759,1
448.7791604558689,6.290212173300244,529.6823975620663,9.262157369390813,131.11103000023718,10.301079243023452,138.5325201071327,10.702776898642586,95.74890399848161,-115.16275952416652,-2.308630521936669,0.9188414396805724,0.011875441212039105,0.29215044180539684,1.4724713752431817,3.823523871163549,1350.5851096668682,0.32020622902953366,8.946173960762021,0.4210794887662752,0.2593865464284792,0.9057545510867867,0.8472608539030837,149.78532495881655,3331.814665127769,1
449.7062545847131,5.540396595103678,950.9836690117714,7.638896219274834,50.18667990526795,14.812416664866747,176.4704176783216,65.64593868458547,-103.76882614121263,-27.522876411708353,-3.9789849565702795,-1.743749968529042,0.005825963973557045,0.11159880342694693,1.3787634311279635,5.388912666060938,743.3860137831241,0.1819612311102793,1.5807348972462618,0.43365561150640664,0.6042765243483783,1.1608586151851639,0.4728853599053199,107.43049067180137,5268.826681792021,0
382.3714832756199,10.420208822465469,654.3221508056355,6.003430711034152,77.96391827674273,19.309182983793143,185.26067277680897,32.0673536823607,34.86529571878265,537.8661688817997,6.698522575013707,0.111181382488593,0.01592519649477794,0.20389574454888157,0.5761334358377775,3.5318998954188396,1505.41956413912,0.0,1.0872520403191555,0.11848737679864568,0.684187934334627,2.0426367538698416,0.5843780205283043,539.0366171957438,6818.173448559463,0
520.379637630891,4.967670995119807,565.4597583621476,4.983595831108293,141.8203825899222,21.039575615730957,130.65841284422245,28.476343166857138,-0.4270487161472545,-232.27557721303288,-2.5164942422898315,-0.6573706429857973,0.008785189258221754,0.272532536506581,1.0032056945808467,4.3277715231113145,2983.840663352562,0.5719157213717005,0.014996613632760444,0.2275631906728376,0.18780375312929504,0.6194588604110867,0.9202770487826915,232.28960132456433,2809.0180405230954,0
427.7324722928971,10.866071853835482,739.7519338446725,9.317790677773775,99.55443968719983,13.214855169251187,208.09004258055796,5.981443957187924,45.90645578128452,-73.55316240818968,5.196064569573724,0.7737948282757507,0.014688804931352916,0.2327493144336917,0.8575123377713356,3.554960750023837,1315.5975019222983,0.2840150961001179,7.674811652480428,0.18318784839045954,0.8917276598232542,1.475454532967606,0.5782106848573769,86.8589055287697,8038.197667169964,0
305.362985726434,4.641593617226815,679.1247499183871,6.087451845079799,184.6690650219912,23.57789285038025,151.03921712631143,16.462867847156797,1.8214252016317687,435.6083219013326,3.250838451083218,0.4974041644220595,0.006834670092327826,0.6047526178809077,1.3115003912636436,4.4963471265244115,4354.107427868412,0.32048149376259305,0.11063839050049448,0.3958263299505019,0.37308379205737663,0.37010368203867405,0.44964196307545934,435.62425971253623,3152.2211045219424,1
227.611830153977,9.627099230703495,523.6781793883308,7.900710945390023,59.846018277985365,16.98536776379388,133.48600093654312,87.22444031467772,-25.53325954572624,333.04146552180816,0.14805416175871677,1.1129357339438064,0.018383617285616497,0.26293017475190184,0.820674094663163,3.9230943747972353,1016.506629650312,0.5537753829333993,0.29273056328719854,0.38418402182347106,0.21350909942311927,3.071819615504645,0.4346406612164618,334.01884231279223,5041.501797925606,0
433.13044152916837,11.829019721890486,549.1376042976563,5.936563297069558,178.81583138337857,21.249513676951036,238.13507128304957,58.696141771500855,-33.241505384100634,-572.6495703310554,-0.9243833560550279,-1.5902922850411922,0.02154108483796103,0.412845217602505,0.5018643502710122,2.305992146973371,3799.7494546364733,0.24574403559815172,0.5663320344547861,0.18196006003428336,1.1648642843913597,1.2046519970470204,0.7887466422612591,573.6143151675458,6495.759551268669,0
539.9977296298746,9.078945262762684,973.6528913117314,8.168319060627578,141.73258400100212,26.308200283002815,134.48251762487615,77.18106083186261,75.90659665753353,164.65869011160214,5.490617982858427,-1.6009309288371432,0.009324622094565225,0.26246885167118855,0.8996991196906935,7.23999601217778,3728.7292065258844,0.14065192954067196,0.983487345721958,0.26164582945291426,0.22256834204432865,0.6579024971773105,0.5546101022741021,181.3958172925489,8839.741305149833,0
285.5883695476144,11.369357209878867,853.4767688144378,6.030863307713664,133.0625891462915,24.600205246679874,105.62308742530561,13.65978323534255,111.48527181474007,641.405474254631,-0.1401222058743148,-0.02989557326440284,0.013321226335981012,0.4659243979615451,0.5304489248058307,8.08039974610663,3273.367003653408,0.0,8.161569616001621,0.314391329817972,0.03979011431540352,1.0011248406819597,0.33461762520416855,651.0222483676324,9703.482254984548,0
417.9189860103114,10.025818164691865,1064.1130849651663,6.568631235235435,153.77158734779522,25.833193711102552,187.84895380862787,49.81806943208103,44.388736173389646,128.05479626261035,-0.2581810400594433,0.11387556886883221,0.009421760061356692,0.36794592372025225,0.6551715907204783,5.664727236379699,3972.41120321932,0.6780828842672335,0.8910167872704619,0.25607848814190154,0.707717761896617,0.6127113743091488,0.39273926043677204,135.53028223381992,10668.604296530062,0
372.5447069838722,5.925245569400385,1055.091018476276,4.92971292260716,171.17664355805002,5.904275413370242,236.53989040457003,8.58644977672615,0.005661012054204662,334.90881661665105,-5.239403501123228,-1.4273096279550685,0.005615862011561248,0.45947946742794665,0.8319845759753094,4.4605204503632905,1010.6740479030364,0.22270761742627798,0.0006592960072449288,0.629489485322766,1.1503626400415456,0.3280740815353571,0.3530924825062843,334.94979747517425,6251.673382540695,1
236.7202497156942,5.071752349161423,976.2807034720122,9.882763316949926,109.76883579711163,7.450968647791221,127.07846497594021,37.725873555244405,95.28631798096637,277.571677180543,3.0212866146408537,-0.09175417082832382,0.005194973465238443,0.4637069956159062,1.94858948871665,7.682503118501248,817.8841540288215,0.21407416866500562,2.5257551118447275,0.28824584350454546,0.15525877250854733,0.4732648777327324,0.2424715031996742,293.48704663067707,4951.453951275144,1
597.1407648267971,9.777564476153017,1162.10816895665,3.9653038932956917,73.94418501736828,5.777775893622001,224.90434679094332,64.0096724990531,39.9644574120901,123.26140895819003,4.133726597898423,0.3727585479396023,0.008413644045658326,0.12383040879618405,0.4055512907091399,5.1671218699782235,427.23292966687563,0.4057577340556979,0.6243502872582468,0.27663124891895907,1.0445849708267574,1.1378371461774983,0.5138426703969519,129.64420731443076,11362.58755023777,0
265.96217541903366,6.8844345039081265,967.1451788691356,5.601612781178381,153.60526937867863,13.403968124315112,93.76859632672961,49.04392456311057,37.31453341860055,667.5923020304534,1.732110339219659,1.3405344189307318,0.007118305146242847,0.5775455443491828,0.8136634574703966,10.314169314203992,2058.9201344786443,0.10689192273832193,0.760839059088421,0.14566855697145353,0.14755821521154902,0.46341542676470915,0.27499715785174894,668.6365652137155,6658.247639695074,1
524.9375072759889,8.223637329653222,1077.7048546499327,7.860221084803615,62.601607182610124,23.519318865729723,249.20322847769603,8.483071244409492,-95.83307215251935,73.69043407857453,-1.8476798896811157,0.8110535106347152,0.007630695263337641,0.11925535195125041,0.9558083327022239,4.324602298426437,1472.3471608349637,0.3514813360714396,11.296978345628677,0.05079846339917011,1.2654838952517822,1.2189296100783404,0.4870883758304147,120.9035636937698,8862.653873047686,0
385.4620486329386,7.191745010114749,971.7239015281143,7.477219880345039,180.8452035463198,26.36926754243503,105.83176974559882,6.499291967879033,-68.03641000840763,346.30870810359954,-3.352299549078521,-1.5896997365137544,0.0074010168925608905,0.4691647444610872,1.0396947986655238,9.181778816171832,4768.755556079027,0.2625713263869299,10.468280290323763,0.7472237827138876,0.037893002312738004,0.40924595993862073,0.3966785709672968,352.94463065399225,6988.3905200240515,1
343.80834725446766,5.164647722555679,666.107013479382,9.215134949078632,56.346707915529386,28.957500377545067,80.4243402226854,35.77268959544507,-1.6816513337322334,436.2367199412856,-0.33132505112405575,-0.8666079567058507,0.007753480473923189,0.16388987750150438,1.7842717343204593,8.282405695029777,1631.6598157373637,0.45303259709164156,0.0470093625262764,0.3232101754057649,0.2688696343392236,1.3760307852495315,0.5161458148572843,436.2400870537111,3440.208070144655,0
466.98208098431303,11.874042439553392,1057.593473702883,3.788375750869784,40.6097510723947,5.51996223555664,145.86232238468233,57.98752194500147,88.27959850768073,-485.5333925308392,0.6259438588742565,2.2468690765312163,0.011227416521378089,0.08696211851811692,0.31904684273743195,7.250628239098611,224.1642923149745,0.1760490379579026,1.5223895684214601,0.0756661016270378,0.3260211125880212,2.76470951554543,0.44155159103743247,493.4940268948529,12557.909790542728,0
226.58893202534207,9.734013578560148,908.1345302773794,7.92105557153426,76.95526514340352,29.62222456305602,166.09128081006668,87.41159464283852,-0.8768823177200886,-92.32361288485299,2.5764866360729917,-0.27686147716744713,0.010718691178483218,0.33962499604701224,0.8137502077232504,5.4676833476639555,2279.5861453874163,0.6578429946927744,0.010031647647008464,0.2025106670490237,0.5099207346369699,1.3928470207346177,0.24951031424400638,92.3637196202989,8839.793848879353,0
230.9157264665451,11.830857079191976,652.0063210782391,9.564933542783722,149.2365905376841,19.152674685599834,150.3444294532668,63.427309078287955,57.675324148716086,218.8988504643446,-0.45826457823417055,0.7597667454298183,0.01814531040071359,0.6462816232626988,0.8084734249394709,4.336750775863694,2858.27986975633,0.5438307496753197,0.9093137480817257,0.2632258121322969,0.3667675404842436,1.215875432113391,0.3541617910769239,226.36996213432258,7713.793599406402,0
333.80443327891464,11.686939184493362,947.6224020535857,8.414984976377603,191.6401890244393,10.973369145416626,167.78528424153077,8.461693382037787,-54.900106280728096,-214.91291270560453,-1.8123140720474655,1.2043954803314438,0.01233290724149902,0.5741091786648377,0.7200332647869768,5.647827855328846,2102.9385372625925,0.5088550927521802,6.4880755898421345,0.06527200732534057,0.525320765832098,0.6435449320041235,0.35225468768523144,221.82169911786758,11074.805382663773,0
427.2041397013605,10.540853094637214,454.8359023387028,8.28708397305975,141.52681631425082,16.98386930502837,69.18485744544992,83.50357039334513,-26.162974533101732,218.28511091701102,2.1149569745048096,-0.11966291588226952,0.023175068283830754,0.3312861537652373,0.786187218307397,6.574211744200334,2403.672951437993,0.5863815341279734,0.31331563919794747,0.015722234890673262,0.3710467504959098,1.6375036821553357,0.939248941221958,219.85759920338333,4794.358428719025,0
502.7108140305445,8.007456487835178,1010.9071294471746,3.7292793156296957,68.34627257616464,19.09019827606985,133.20961323105,62.814938211966975,6.101569690923071,196.72238800313482,-5.652892823682132,0.21586538446559445,0.007921060456081798,0.13595544529505973,0.4657258295808622,7.58884516610503,1304.7438949092982,0.25085215127520233,0.09713564742089727,0.25467537852320754,0.21099648391863648,1.158960124307382,0.4972868420716919,196.89815207773066,8094.7948522906145,0
246.63602442105906,10.639056420589874,487.9492182144293,6.609580196337959,149.2034447497864,17.106227787793728,124.58282441992797,63.1247983871477,-85.36926037157617,-42.723105079448146,4.640321469607128,0.38977827553787314,0.02180361403082429,0.6049539806685541,0.6212562406893877,3.916665242471242,2552.3081126133425,0.2100743087456468,1.3523886420674491,0.18737575320467117,0.1325711310902543,1.4613344931404812,0.5054542874842252,95.57566064307811,5191.319262966033,0
514.6428614816305,11.750442518195374,855.4071845814726,5.0871809499022085,142.20991848521942,27.864841902511344,191.1281582657112,7.230433247699266,11.517262462975033,299.50934717671635,1.122352900018873,0.798185779188131,0.013736665683892455,0.2763273895916954,0.43293526537615834,4.475568604560422,3962.6568955596645,0.5937619372252719,1.5928869084905586,0.14947934965135828,0.7375287115064654,0.9659428702450297,0.6016349532222262,299.7328077753519,10051.412952075934,0
511.6802342611174,10.354262676999461,637.242000577286,6.14243333982154,58.40878251248975,25.764788046540353,182.74123040668513,57.08092078491257,-70.25514343646235,-59.27323708084964,6.714539129697335,0.1354965661650347,0.016248556541501338,0.11415094545685138,0.5932274978368177,3.4871276676813605,1504.889901490771,0.04986982523580907,1.2307990563290272,0.04536101846326317,0.6612839127880467,2.7818687263386894,0.8029606237466762,92.16391294343325,6598.171062793862,0
369.6211345134799,7.856638235666408,1137.447785710674,5.5518972265732245,66.98695574960551,5.187706467974361,83.10554014829322,68.82360989979841,-17.831769846219267,79.6502816569751,-0.7470625820231209,-1.6599230708751689,0.006907251773985919,0.18123140019517076,0.7066504858744214,13.686786508829814,347.5086636121408,0.823778846426042,0.25909378877656775,0.322739025160002,0.24449508956097077,1.0311338523585014,0.32495657309011483,81.62534830789672,8936.515764288573,0
500.2675072701304,9.688079794021032,401.69425851219466,4.81262906352893,164.57178824856982,8.15368781536804,122.01199213232408,20.630608086187454,-30.833266691793483,-59.22420768605264,-4.9281620156308446,-1.5222081964254714,0.02411804398176859,0.32896757406174226,0.4967577854281329,3.2922522736662674,1341.8669845956929,0.350309480320523,1.494539887674803,0.2382118468365737,0.10919992847567347,1.4655029418128827,1.2453937208936812,66.95135466725273,3891.646029266254,0
451.99280160441026,7.029468522412194,464.53596436433475,3.9343229324117948,80.22426151014115,12.489616112616684,236.2303753749574,89.99473457886585,118.41110457016278,128.3826132548254,0.5167837513674032,-0.02749258505920693,0.01513223746202564,0.1774901308723815,0.5596899566258694,1.9664531439997868,1001.9702291798334,0.23998099121113425,1.3157559175464268,0.20420107216979533,1.147548867045067,1.8862420391508088,0.9729985109396462,174.6526614086077,3265.4409390274836,0
392.22228784489255,7.055718085857265,1148.642398888045,6.220731288863259,182.24843002637047,19.866573349731762,159.58368775825198,18.61662877562341,31.649368599191206,-302.89259273959226,-1.4177659978007462,0.054457865034390096,0.006142658579108368,0.4646559761500399,0.8816581406975877,7.197743171771322,3620.6518029923454,0.5375226520751619,1.700059069804993,0.2491623318733577,0.4507607978022908,0.33704864169307547,0.3414659673233265,304.5449315448617,8104.496948016853,0
300.65243777647726,4.871505173583962,903.0403437287694,6.798577434995243,64.79836068776862,19.65954990692692,71.7828411472282,37.558490038231426,-1.7335320244286834,-16.59452417510272,-3.050554594175532,-0.9645097248297283,0.0053945598415557966,0.21552581168805804,1.3955804608113627,12.580169986259161,1273.9066058282385,0.617963230080685,0.04615553028527216,0.06728939613854086,0.34742871684338,0.8325148636937781,0.3329335614564514,16.96140469447722,4399.16570642974,0
225.8497915284194,4.725731605455141,546.914016444523,9.807606007453114,85.024662729944,25.426182511306614,63.688618275893994,32.354280193347066,37.84973556473875,-392.99779074018056,0.8022244536721193,-0.03435350152848127,0.008640721326136469,0.3764655355869349,2.075362467925965,8.58731169320294,2161.8525925338454,0.44561694435760635,1.169852499840862,0.2719120602700074,0.42101256112823643,1.0162605823655184,0.41295301407095825,394.8170583612839,2584.5688529782947,0
317.29916445063657,11.077070008320334,1024.9152028986032,7.085126290580503,113.47378935034362,20.488563568562725,199.01600162493858,16.47077509971119,11.829235300634764,-596.6394856963046,0.4415119957819833,0.04320486912665533,0.010807791685588071,0.35762397782171645,0.6396209724465624,5.149913547304287,2324.9149464702114,0.24851576601795744,0.7181954236532673,0.29132735366461443,0.8092363784085326,0.9524482920209575,0.30958577212365496,596.7569032969716,11353.057455099666,0
204.03421639189742,11.780538263187537,497.7680222242369,6.990178495175854,79.41916948535035,20.15977593485083,67.03505242307556,25.25827785718748,-38.940318134420544,77.00742115892592,3.2240119977431334,0.43574456739319345,0.02366672372915226,0.3892443673898621,0.5933666475172142,7.425488669460481,1601.0726617566056,0.5194706923289696,1.5416853973415179,0.4688080555645318,0.390590432517495,2.979976230237187,0.409898200129825,86.35326017771226,5863.975232003808,0
562.7141136731041,6.347891296061608,1145.026539648603,7.451884693498166,121.34508545884381,24.45981579652212,105.35539653867839,74.06931968098195,87.84103076299478,187.7893910971644,4.730383650818024,0.9194683967441426,0.005543881365413339,0.21564251279706922,1.1739149815185876,10.868228655266247,2968.0784381365543,0.15967703624445007,1.1859300333974696,0.14474579531929185,0.04222366783019644,0.45686904784402155,0.49144198338476536,207.37231884615915,7268.504004794908,0
351.0004525149075,4.181042288331642,1104.2716505261642,8.611319502138326,111.8657329146343,18.656012178504653,98.8192832554704,40.02859263604883,13.884934706819578,-298.63383132340914,1.8850874496817305,-0.32006251215553494,0.0037862443415435463,0.31870538089942546,2.0596107162490562,11.174657558195095,2086.9684756127663,0.5501085244825528,0.34687541560767055,0.47688136187744207,0.10164287949572368,0.3384632847695068,0.3178569805243688,298.96238923550897,4617.0064686556725,1
544.7466186775066,10.213317206255319,854.8586019253535,8.142795881490017,106.55276062335884,6.769699397469838,194.0601611155096,66.34118194766216,35.14824809257027,672.4930167293581,3.212387004057141,1.5504103850875772,0.011947376072782559,0.19560059111893036,0.7972723961322599,4.405121571637363,721.3301593907001,0.04285079550364235,0.5298103992223021,0.43776094485098244,0.7641832828682691,1.121263869925808,0.6372359328789605,673.4185743829713,8730.942067959579,0
364.729517030975,6.599097387303082,465.7965000252219,5.957055759667572,168.51120935770973,28.635894706413684,245.27882633887808,22.55469903160127,103.14268641726106,-206.72667463998278,-2.652444806917889,-0.17107110867292263,0.014167340001364876,0.4620169234709862,0.902707659858025,1.8990489598220592,4825.469248017808,0.2304111318987847,4.573002116886968,0.12218770793763668,1.2298075121716188,0.8407357620519438,0.7830233095594871,231.04408071302862,3073.836466331362,0
230.33162644845754,4.936687257633008,1182.8557875024185,8.54981603223968,159.42141616963372,9.005194028642508,152.8983779900196,76.46482121118775,-33.04546886932616,-32.41993786900184,-4.5967370171350455,0.18565559289255162,0.004173532656974817,0.6921386291053184,1.7318933904553346,7.736221947231049,1435.6207849285177,0.388072921345165,0.43216564618725867,0.11514086919808514,0.38998525445472376,0.2617924716296544,0.19472502809053263,46.52080583382283,5839.389093780646,1
384.1363439881177,5.633271127714225,783.0266065560234,8.642656991854237,175.18845552001017,5.104109856692499,134.00564537297385,89.49583840456043,16.176733660155037,321.2045932745598,6.214479123294143,-1.9965348268888388,0.007194226965659538,0.45605800716796846,1.5342164074678775,5.8432359649972145,894.1811225984194,0.11973719631129776,0.1807540322381149,0.11174469297113851,0.2182331397543077,0.410656452464575,0.4905789161848025,321.6717227288728,4411.001174944092,1
516.3329213606337,4.881229135292511,795.8647669946783,7.429817261358016,116.99027885361434,22.439165924476526,249.480000037009,13.200301044659561,-66.6396293226324,-361.94912697617616,-0.746896271874764,0.9220696982137095,0.006133239386541595,0.22657915855011357,1.5221201577362091,3.190094463991567,2625.1642787470296,0.3779987994451567,5.048341632298815,0.3481645723362616,1.2680000003364456,0.524252052960391,0.6487696688853248,368.0333796941724,3884.7982884072094,1
532.036257491312,5.103818241092918,872.8484833515416,7.275574638439172,144.47122747511997,28.518914789435716,153.48606352811015,11.577424413124298,151.1437501618037,70.12391659148523,-0.9889911247687113,1.6502168538073585,0.005847312951149786,0.271543951076453,1.425516014630098,5.686825652360835,4120.162625888131,0.04327280823895374,13.055040980484868,0.03569282236116047,0.39532785025554684,0.4047389264521046,0.6095402210569383,166.62165223808154,4454.860011039886,1
263.2006354548043,5.23836635667062,874.0153403728888,3.7833597751780155,45.278820608030856,15.786156723677664,129.36814181266627,51.29264918406711,-32.99541647548365,44.40325094896497,-2.1354226694363057,1.4116698923191686,0.00599344898733211,0.17203157784854947,0.7222403928202203,6.756032266727009,714.778558381661,0.6581543975710056,0.6432776820919776,0.7361373084065509,0.17607401647878423,1.323676038123017,0.30113960624822983,55.361595291361674,4578.412554223361,0
380.02318878500455,6.087349034818589,452.8057520935385,9.643317111641252,139.82019300395777,26.836768436545263,115.25357378042716,28.62991068189695,-124.86668116071195,281.8298826473948,-1.1161218253329244,-0.8143451775890416,0.013443621258506214,0.36792542436945885,1.5841570865220869,3.9287784078278696,3752.322142400281,0.1324625695708771,4.36140659145216,0.0430657728656567,0.047759761640246916,0.9614935417894666,0.8392631653373986,308.25479160114315,2756.3866579669066,1
589.5099941619353,9.969882361065498,1158.597518881778,5.706916406618971,125.59190693012707,13.048797977166233,232.69765888863466,29.457337569117932,30.186181606724034,149.470048004344,-4.679460340454845,-1.340529040329372,0.008605130080623635,0.21304457629878218,0.5724156213623631,4.978982274317869,1638.8234210982919,0.3576229142021947,1.0247423595528944,0.1350362522232383,1.1154332626239516,0.6851659705597982,0.508813444319216,152.5594905585782,11551.080967073687,0
209.19479029856004,5.617575844197313,695.7700795234491,9.617944468538147,142.15821187040763,17.752315331220668,152.8010198771048,71.29793718762771,-149.6856836189355,149.37135321452774,1.7982080731572854,-0.6433526609005451,0.008073896836789728,0.6795494843228232,1.7121165312744326,4.553438714499713,2523.637404045953,0.019891252114305313,2.099439191698107,0.3447947125143573,0.3891001807009528,0.5679514908466875,0.3006665512863717,211.47302095984168,3908.5411918461714,1
479.30319612002916,4.1267672204258545,1195.1111083110286,3.5704800334297575,125.0377480163698,21.71750780325926,233.6877985114759,59.75158726613935,85.81969518062908,577.4518193562512,-4.8579774767486095,-1.1659311587292818,0.0034530406350736223,0.2608740125844212,0.865200250636213,5.114135679840979,2715.5082682474763,0.0,1.4362747352364023,0.11852425012831412,1.1244345319225082,0.2761598549120985,0.4010532516908797,583.81437435533,4931.945346544766,1
265.1087505624209,6.395104796078074,1089.901844344689,7.83031654102579,126.88789770704796,14.872509799779714,138.14993227389692,84.46842803498261,-72.99054163543946,441.7938039531208,1.4760584533377772,-0.0579748018533115,0.00586759700358446,0.4786258372756795,1.224423491203442,7.8892680322408175,1887.1415021215166,0.2603213007558428,0.8641162542436615,0.36141934147341265,0.25590847521724475,0.46242369127521177,0.24324094131781138,447.78517519918074,6970.036512023058,1
389.88654315624694,9.51085082178027,1021.1231890656387,4.009981614883324,105.17485336416709,24.246409507345973,248.52482672779905,5.98960835168153,45.770428877295984,-142.58771554097484,1.686764473465928,0.7752258089988446,0.009314107174946257,0.26975758771448105,0.42162175498539917,4.1087371531860715,2550.1125645426596,0.6024365135153096,7.641639684913011,0.38580317145216886,1.259316606616355,0.8855830911117352,0.3818212604818092,149.76325970408936,9711.75032186382,0
529.4798756799587,6.141616971544186,924.6839617133643,7.93309734846778,110.81848463099483,24.344501571935965,118.30819962742795,46.16310632499734,-27.49921373111924,305.60591379486027,-0.6616312599402976,-0.3885557677691329,0.006641855191436725,0.2092968774095174,1.2916952302991247,7.815890738134353,2697.8207732988153,0.5730235247196028,0.5956967786682156,0.5087361032834454,0.0755290875220723,0.5993454263115834,0.5726063148093058,306.841358128505,5679.054712573513,1
442.5877277606468,6.569958298291268,1119.5523760622782,7.0937310896830645,79.41444290531436,7.2089629050185575,80.35258977225345,81.27298593295166,58.74368461961086,633.9439058685422,-5.24702164068943,-0.3466893893902707,0.005868379576308269,0.17943209430393878,1.079722392077895,13.932996798677804,572.4957730271254,0.0,0.7227947139541919,0.18602086803724488,0.26952191116133223,0.7389562101827148,0.3953256115781998,636.6814175917569,7355.412423482071,0
511.8444648198033,6.753490627915392,1028.1712551968121,7.918315898259166,131.97281018544962,29.80753301705625,149.25810972621983,57.63601519349688,16.66285278828923,551.6686423752069,5.021694680624884,-0.6034037405733592,0.006568449170097293,0.2578377207457174,1.1724775134104721,6.888545333200047,3933.783896956487,0.06170555976351155,0.28910487188172773,0.19356343178345664,0.35689190660199843,0.4977123061081473,0.49782024369259986,551.9430759241513,6943.744935863675,1
401.3756726239079,6.542152386630941,451.8033838348024,9.981449570951057,188.6983359214634,23.688153857708148,98.19490869813572,89.02472645510497,-95.80077782990203,-169.3243137839762,-1.4231338324136367,-1.4908331751282606,0.014480087181071263,0.47012898088189614,1.5257134015019902,4.601087671701049,4469.915214001121,0.34049195879099836,1.0761142622349333,0.19896460358484272,0.10731901183512982,0.7673669781114497,0.8883857159659236,194.55214617457614,2955.7665858427877,0
550.9485082666608,8.056360258536454,499.32690795375373,8.112123225004725,136.23598758398333,17.133751602871467,112.24827394837689,71.65725603635039,14.797009441689255,499.10629919221583,4.851716314862131,0.2170880077228814,0.01613444044414008,0.24727535430233832,1.0069216078574919,4.448415021360549,2334.2335706358517,0.12502464579104122,0.20649701454076064,0.04379658221811643,0.020438854076153555,1.18430091272278,1.1033823723308902,499.34916494670034,4022.7574572565118,0
379.0324350842632,4.713017345784815,585.0112877136588,7.774504284137691,104.92550128796834,22.12523485374111,186.6796853690299,56.45629161199567,100.57079804596214,43.962289829115434,6.507883677032578,0.5896848068322784,0.008056284459406296,0.2768245975166801,1.6495810886609574,3.1337704826168085,2321.5013581428148,0.0,1.7813922093422294,0.3487685361645143,0.6970880488093627,0.7678099566373097,0.6479061909482086,109.95235739434891,2757.168346474385,1
515.0920766785393,4.921054429150435,489.13801366553747,4.307716124744863,83.17147060103059,10.055178451190592,62.652612129982835,28.502696654670142,-71.01017256060597,-425.46815112845707,-3.5136433364614845,0.6996123312880878,0.010060666502430848,0.1614691321546702,0.8753644542575284,7.8071447787482935,836.3039789413147,0.17980456048530968,2.4913492719984798,0.16161234664811172,0.43043079881833785,1.2096295075376704,1.053060817781275,431.3675207074015,2407.074788614639,0
519.3109876439491,4.233392873229626,929.9933554758628,5.600974369936829,116.96073319174107,13.074874282226649,129.3101051790892,62.320824297392,24.546569072949353,-147.96927892847475,-3.3835421632480074,-1.5562402379312577,0.004552067870488672,0.22522291261807825,1.32304620375663,7.191961944411538,1529.246882439068,0.5135558958390143,0.3938742683475157,0.34954205046076303,0.17554641071899266,0.3891962495674665,0.5584029010381757,150.0296301316387,3937.0272432224237,1
498.3527443985223,5.886874956350194,443.6202782031877,8.72053333154216,178.42108020996406,11.017368907875658,190.63364822056798,5.420807295312231,-96.59034999916469,35.80787530852058,-0.9346579042319476,-1.3278873887737914,0.013270076336893415,0.3580216668121415,1.4813518880905205,2.3270827702458265,1965.730861614847,0.38348199192768473,17.818443773622693,0.1253271818845346,0.7330331656415271,0.7437504761924615,1.1233768357411875,103.01831503412212,2611.5371058834517,1
452.00081747998536,11.255790716713836,752.6976093012801,7.1047611814472145,114.04638695885716,7.963050080290169,210.69146767195286,80.24163624877225,-39.111474199364864,-26.827347838500543,3.1038616623276614,-0.08409082313446348,0.014953934458703074,0.2523145590636175,0.6312094245762124,3.5725111112388857,908.1570908295312,0.5402073087182526,0.48742119462903266,0.3898156200038867,0.9153769788359352,1.3112150991769504,0.6005078425844506,47.52944312017921,8472.206763266046,0
418.660003550134,8.138467402763577,1005.8611769685373,4.182590840719809,48.64505463737002,29.592556151783928,234.0961504542874,86.23118000581708,-62.450720635471356,295.29674567588404,4.066514167582122,0.17972636210578585,0.008091044359909861,0.11619226633753382,0.5139285609597118,4.296786491433376,1439.5315108629695,0.2604183451780503,0.7242243540127653,0.10827725136214769,1.1281468223117037,1.6632819965411594,0.41622046176579836,301.8555897314684,8186.168400463846,0
440.28351242437407,7.502754824067274,635.3953224751926,3.924974242774389,191.5252006604886,15.413848038972537,154.22512375028833,36.94017415741362,29.28157162819737,-613.923418310748,1.705012801754533,0.8199084306325162,0.011808010790573926,0.4350042535226349,0.5231377453763902,4.119920976714436,2952.140338614494,0.18279448058370384,0.7926755164558631,0.7553369052747542,0.40204657954807577,0.616525175269528,0.6929284759435159,614.6236906075336,4767.215320890533,0
291.0135732816122,8.027099838878254,491.03278943269214,4.906293286315023,181.09742242291685,8.618299565768158,214.15616784242027,36.67063817650844,-46.514645258212084,-498.97441743671175,-0.8082164727763814,-0.28877601767223915,0.01634738048380079,0.6222988858587358,0.6112161782954294,2.2928725069174862,1560.751837029157,0.3044809565057619,1.2684438442091202,0.29192304016602877,0.9468742531129116,0.9026843267611366,0.5926560904778491,501.1384386511077,3941.5692249391027,0
421.5441526981309,10.035603210218985,879.3565436475373,9.509262124104316,179.0050908954107,11.534369783890597,228.09479967161886,30.50334549632661,60.54934044435812,-400.93552743769123,-3.905183571722862,0.3799718499079434,0.011412439337281427,0.42464138038607024,0.9475526208949044,3.855223989821426,2064.7109115866147,0.20459380448134934,1.985006544664087,0.060212883667610795,1.0735890879238077,0.6375483110672814,0.4793779676097956,405.5006414898937,8824.873352356297,0
497.5415778996333,11.880951871477025,1048.692678824037,3.9341986832858797,164.73268728706006,21.242580505198774,77.06016654311958,56.46658442403797,-94.24941953684362,495.0414148930944,-1.169794536880751,0.6771394003404438,0.011329298002537654,0.3310933087893426,0.33113497351427157,13.608751782767476,3499.347371533108,0.13323155654869734,1.6691184795077034,0.36009382078053626,0.2994530314261857,0.6877383104177395,0.4744398315601449,503.93484098804606,12459.467245078698,0
412.6659248408471,5.797446263467933,1045.1723077028716,7.505417541983158,49.052588544704534,13.946916708457708,223.10092695996644,28.582744082857747,-68.4759747293784,296.4598291819335,-4.9439448259512195,-1.4573340510435306,0.0055468808547079,0.11886755264230418,1.29460752215641,4.684751076316321,684.1323667672408,0.1619047706466119,2.395710311468879,0.16851767733075793,1.028190245090604,1.1308028830431034,0.39483051913978034,304.3054912816424,6059.330289972169,0
225.4558965925333,10.819668799779613,1055.610876602024,3.9980668040528697,62.916547804627015,13.751133105762147,81.78722672746808,69.4543214835411,-65.2201381734867,-139.68913759199836,-0.7195609381517194,2.1900431221728773,0.010249675367695872,0.2790636605896193,0.3695184093005053,12.906793870386844,865.1738234164733,0.547520036385326,0.9390364311447807,0.2879431383256872,0.25647975702301745,1.6290905533348559,0.21357860324276712,154.1662717733962,11421.360066278927,0
414.31698398955984,9.839964560776123,857.7974295529666,4.095189613074692,192.38688841877666,16.415911275381617,229.87199347669062,60.726454404777755,52.96224033293754,71.27921167772274,2.855211698910768,1.796429952950704,0.011471198469205173,0.46434709619247594,0.41617930509616446,3.7316308810796848,3158.206090829381,0.5051388499657476,0.8721444525628462,0.11447883441547288,1.089745395242642,0.5962567700682039,0.4830009623664615,88.84749378754046,8440.696307126043,1
449.62904641776674,8.446158462458829,573.5286774475157,6.500750495649585,89.29008150233365,10.993102030654114,206.2438282664114,6.012060319932705,43.10542538395089,-704.419596865241,1.1065544193233645,-0.3625079563832596,0.014726654123117926,0.19858610606613475,0.7696694922956844,2.780828315049851,981.5749762805754,0.06885190346530967,7.169825831759682,0.2704017228126423,0.8749438933310129,1.6493045896405678,0.7839695975078993,705.738103412309,4844.114092486156,1
501.6551275598971,8.184410564261887,519.6665403803133,9.490702059576291,58.055918388220746,29.239290787418593,144.07064936682622,85.46297150923334,11.210499592089803,-66.69218328659781,-0.8635147252918101,1.4251620284137152,0.015749350647575266,0.11572874510544882,1.159607278380983,3.607025738165181,1697.5138796838285,0.8466707655530448,0.13117376325814545,0.16284769850738773,0.3097331760620565,2.712789855852273,0.9653404415700215,67.63333697458819,4253.164322982063,0
